pa_id,pa_path,h5_path,ct_id,ct_path,event,time,split,n_patches,fold,risk_score,pred_time,pred_event
1801006,/home/gly001/cqj/data/lung_cancer/pathology/clam/uni_features/pt_files/1801006.pt,/home/gly001/cqj/data/lung_cancer/pathology/clam/uni_features/h5_files/1801006.h5,1000044195,/home/gly001/cqj/data/lung_cancer/ct/processed_ct_64/image/1000044195.npy,0,64.0,2,8459,2.0,-0.6766448,64.0,0.0
1736531,/home/gly001/cqj/data/lung_cancer/pathology/clam/uni_features/pt_files/1736531.pt,/home/gly001/cqj/data/lung_cancer/pathology/clam/uni_features/h5_files/1736531.h5,1000657792,/home/gly001/cqj/data/lung_cancer/ct/processed_ct_64/image/1000657792.npy,1,9.0,-1,13970,,,,
1733665,/home/gly001/cqj/data/lung_cancer/pathology/clam/uni_features/pt_files/1733665.pt,/home/gly001/cqj/data/lung_cancer/pathology/clam/uni_features/h5_files/1733665.h5,1000766616,/home/gly001/cqj/data/lung_cancer/ct/processed_ct_64/image/1000766616.npy,0,77.0,-1,8001,,,,
1834947,/home/gly001/cqj/data/lung_cancer/pathology/clam/uni_features/pt_files/1834947.pt,/home/gly001/cqj/data/lung_cancer/pathology/clam/uni_features/h5_files/1834947.h5,1000786080,/home/gly001/cqj/data/lung_cancer/ct/processed_ct_64/image/1000786080.npy,0,42.0,1,7647,1.0,-1.9443606,42.0,0.0
1510734,/home/gly001/cqj/data/lung_cancer/pathology/clam/uni_features/pt_files/1510734.pt,/home/gly001/cqj/data/lung_cancer/pathology/clam/uni_features/h5_files/1510734.h5,1000965513,/home/gly001/cqj/data/lung_cancer/ct/processed_ct_64/image/1000965513.npy,1,49.23333333333333,-1,12072,,,,
1532089,/home/gly001/cqj/data/lung_cancer/pathology/clam/uni_features/pt_files/1532089.pt,/home/gly001/cqj/data/lung_cancer/pathology/clam/uni_features/h5_files/1532089.h5,1001475834,/home/gly001/cqj/data/lung_cancer/ct/processed_ct_64/image/1001475834.npy,0,30.0,4,7331,4.0,-0.75089276,30.0,0.0
1514733,/home/gly001/cqj/data/lung_cancer/pathology/clam/uni_features/pt_files/1514733.pt,/home/gly001/cqj/data/lung_cancer/pathology/clam/uni_features/h5_files/1514733.h5,1001633976,/home/gly001/cqj/data/lung_cancer/ct/processed_ct_64/image/1001633976.npy,0,41.0,0,9092,0.0,-0.009914087,41.0,0.0
1642464,/home/gly001/cqj/data/lung_cancer/pathology/clam/uni_features/pt_files/1642464.pt,/home/gly001/cqj/data/lung_cancer/pathology/clam/uni_features/h5_files/1642464.h5,1002060266,/home/gly001/cqj/data/lung_cancer/ct/processed_ct_64/image/1002060266.npy,0,91.0,4,8833,4.0,1.891912,91.0,0.0
1907764,/home/gly001/cqj/data/lung_cancer/pathology/clam/uni_features/pt_files/1907764.pt,/home/gly001/cqj/data/lung_cancer/pathology/clam/uni_features/h5_files/1907764.h5,1002151641,/home/gly001/cqj/data/lung_cancer/ct/processed_ct_64/image/1002151641.npy,0,60.0,3,6801,3.0,-1.5592717,60.0,0.0
1725319,/home/gly001/cqj/data/lung_cancer/pathology/clam/uni_features/pt_files/1725319.pt,/home/gly001/cqj/data/lung_cancer/pathology/clam/uni_features/h5_files/1725319.h5,1002243486,/home/gly001/cqj/data/lung_cancer/ct/processed_ct_64/image/1002243486.npy,0,75.0,2,9725,2.0,-2.8871355,75.0,0.0
1518627,/home/gly001/cqj/data/lung_cancer/pathology/clam/uni_features/pt_files/1518627.pt,/home/gly001/cqj/data/lung_cancer/pathology/clam/uni_features/h5_files/1518627.h5,1002245802,/home/gly001/cqj/data/lung_cancer/ct/processed_ct_64/image/1002245802.npy,0,78.0,1,5225,1.0,0.009263208,78.0,0.0
1612520,/home/gly001/cqj/data/lung_cancer/pathology/clam/uni_features/pt_files/1612520.pt,/home/gly001/cqj/data/lung_cancer/pathology/clam/uni_features/h5_files/1612520.h5,1002306570,/home/gly001/cqj/data/lung_cancer/ct/processed_ct_64/image/1002306570.npy,0,98.7,4,15067,4.0,0.26883465,98.7,0.0
1735041,/home/gly001/cqj/data/lung_cancer/pathology/clam/uni_features/pt_files/1735041.pt,/home/gly001/cqj/data/lung_cancer/pathology/clam/uni_features/h5_files/1735041.h5,1002397811,/home/gly001/cqj/data/lung_cancer/ct/processed_ct_64/image/1002397811.npy,1,4.833333333333333,3,8523,3.0,-1.5250078,4.8333335,1.0
1703529,/home/gly001/cqj/data/lung_cancer/pathology/clam/uni_features/pt_files/1703529.pt,/home/gly001/cqj/data/lung_cancer/pathology/clam/uni_features/h5_files/1703529.h5,1002674356,/home/gly001/cqj/data/lung_cancer/ct/processed_ct_64/image/1002674356.npy,1,89.0,-1,16081,,,,
1903107,/home/gly001/cqj/data/lung_cancer/pathology/clam/uni_features/pt_files/1903107.pt,/home/gly001/cqj/data/lung_cancer/pathology/clam/uni_features/h5_files/1903107.h5,1002684511,/home/gly001/cqj/data/lung_cancer/ct/processed_ct_64/image/1002684511.npy,0,59.0,3,16447,3.0,-1.799147,59.0,0.0
1717953,/home/gly001/cqj/data/lung_cancer/pathology/clam/uni_features/pt_files/1717953.pt,/home/gly001/cqj/data/lung_cancer/pathology/clam/uni_features/h5_files/1717953.h5,1002797201,/home/gly001/cqj/data/lung_cancer/ct/processed_ct_64/image/1002797201.npy,1,8.9,2,19475,2.0,2.2249036,8.9,1.0
1116738,/home/gly001/cqj/data/lung_cancer/pathology/clam/uni_features/pt_files/1116738.pt,/home/gly001/cqj/data/lung_cancer/pathology/clam/uni_features/h5_files/1116738.h5,1002852556,/home/gly001/cqj/data/lung_cancer/ct/processed_ct_64/image/1002852556.npy,0,88.0,2,12881,2.0,0.44926006,88.0,0.0
1804142,/home/gly001/cqj/data/lung_cancer/pathology/clam/uni_features/pt_files/1804142.pt,/home/gly001/cqj/data/lung_cancer/pathology/clam/uni_features/h5_files/1804142.h5,1003038318,/home/gly001/cqj/data/lung_cancer/ct/processed_ct_64/image/1003038318.npy,0,74.73333333333333,4,21742,4.0,-1.2342335,74.73333,0.0
1924069,/home/gly001/cqj/data/lung_cancer/pathology/clam/uni_features/pt_files/1924069.pt,/home/gly001/cqj/data/lung_cancer/pathology/clam/uni_features/h5_files/1924069.h5,1003066608,/home/gly001/cqj/data/lung_cancer/ct/processed_ct_64/image/1003066608.npy,0,47.0,-1,8344,,,,
1826350,/home/gly001/cqj/data/lung_cancer/pathology/clam/uni_features/pt_files/1826350.pt,/home/gly001/cqj/data/lung_cancer/pathology/clam/uni_features/h5_files/1826350.h5,1003293739,/home/gly001/cqj/data/lung_cancer/ct/processed_ct_64/image/1003293739.npy,1,9.0,3,18698,3.0,-0.21590225,9.0,1.0
1122091,/home/gly001/cqj/data/lung_cancer/pathology/clam/uni_features/pt_files/1122091.pt,/home/gly001/cqj/data/lung_cancer/pathology/clam/uni_features/h5_files/1122091.h5,1003349107,/home/gly001/cqj/data/lung_cancer/ct/processed_ct_64/image/1003349107.npy,1,14.0,3,12870,3.0,1.5502053,14.0,1.0
1839446,/home/gly001/cqj/data/lung_cancer/pathology/clam/uni_features/pt_files/1839446.pt,/home/gly001/cqj/data/lung_cancer/pathology/clam/uni_features/h5_files/1839446.h5,1003371416,/home/gly001/cqj/data/lung_cancer/ct/processed_ct_64/image/1003371416.npy,0,65.0,1,12465,1.0,-2.0644815,65.0,0.0
1328255,/home/gly001/cqj/data/lung_cancer/pathology/clam/uni_features/pt_files/1328255.pt,/home/gly001/cqj/data/lung_cancer/pathology/clam/uni_features/h5_files/1328255.h5,1003378324,/home/gly001/cqj/data/lung_cancer/ct/processed_ct_64/image/1003378324.npy,0,16.0,4,13711,4.0,1.4963142,16.0,0.0
1512714,/home/gly001/cqj/data/lung_cancer/pathology/clam/uni_features/pt_files/1512714.pt,/home/gly001/cqj/data/lung_cancer/pathology/clam/uni_features/h5_files/1512714.h5,1003417239,/home/gly001/cqj/data/lung_cancer/ct/processed_ct_64/image/1003417239.npy,0,97.96666666666668,3,10316,3.0,-1.1986488,97.96667,0.0
1117123,/home/gly001/cqj/data/lung_cancer/pathology/clam/uni_features/pt_files/1117123.pt,/home/gly001/cqj/data/lung_cancer/pathology/clam/uni_features/h5_files/1117123.h5,1003684496,/home/gly001/cqj/data/lung_cancer/ct/processed_ct_64/image/1003684496.npy,1,39.0,4,16256,4.0,1.5716892,39.0,1.0
1117569,/home/gly001/cqj/data/lung_cancer/pathology/clam/uni_features/pt_files/1117569.pt,/home/gly001/cqj/data/lung_cancer/pathology/clam/uni_features/h5_files/1117569.h5,1003772964,/home/gly001/cqj/data/lung_cancer/ct/processed_ct_64/image/1003772964.npy,0,13.0,1,14783,1.0,1.9565625,13.0,0.0
1130628,/home/gly001/cqj/data/lung_cancer/pathology/clam/uni_features/pt_files/1130628.pt,/home/gly001/cqj/data/lung_cancer/pathology/clam/uni_features/h5_files/1130628.h5,1003861841,/home/gly001/cqj/data/lung_cancer/ct/processed_ct_64/image/1003861841.npy,0,17.0,4,9875,4.0,2.4414535,17.0,0.0
1128566,/home/gly001/cqj/data/lung_cancer/pathology/clam/uni_features/pt_files/1128566.pt,/home/gly001/cqj/data/lung_cancer/pathology/clam/uni_features/h5_files/1128566.h5,1003890811,/home/gly001/cqj/data/lung_cancer/ct/processed_ct_64/image/1003890811.npy,0,34.0,3,13927,3.0,0.78003013,34.0,0.0
1629282,/home/gly001/cqj/data/lung_cancer/pathology/clam/uni_features/pt_files/1629282.pt,/home/gly001/cqj/data/lung_cancer/pathology/clam/uni_features/h5_files/1629282.h5,1003934463,/home/gly001/cqj/data/lung_cancer/ct/processed_ct_64/image/1003934463.npy,1,42.0,0,14910,0.0,0.47575274,42.0,1.0
1201535,/home/gly001/cqj/data/lung_cancer/pathology/clam/uni_features/pt_files/1201535.pt,/home/gly001/cqj/data/lung_cancer/pathology/clam/uni_features/h5_files/1201535.h5,1004037677,/home/gly001/cqj/data/lung_cancer/ct/processed_ct_64/image/1004037677.npy,1,87.0,-1,18018,,,,
1836251,/home/gly001/cqj/data/lung_cancer/pathology/clam/uni_features/pt_files/1836251.pt,/home/gly001/cqj/data/lung_cancer/pathology/clam/uni_features/h5_files/1836251.h5,1004117837,/home/gly001/cqj/data/lung_cancer/ct/processed_ct_64/image/1004117837.npy,0,68.0,-1,6738,,,,
1727773,/home/gly001/cqj/data/lung_cancer/pathology/clam/uni_features/pt_files/1727773.pt,/home/gly001/cqj/data/lung_cancer/pathology/clam/uni_features/h5_files/1727773.h5,1004118169,/home/gly001/cqj/data/lung_cancer/ct/processed_ct_64/image/1004118169.npy,1,11.666666666666666,4,20399,4.0,1.8020887,11.666667,1.0
1206967,/home/gly001/cqj/data/lung_cancer/pathology/clam/uni_features/pt_files/1206967.pt,/home/gly001/cqj/data/lung_cancer/pathology/clam/uni_features/h5_files/1206967.h5,1004127086,/home/gly001/cqj/data/lung_cancer/ct/processed_ct_64/image/1004127086.npy,1,20.0,0,11863,0.0,1.7290887,20.0,1.0
1203423,/home/gly001/cqj/data/lung_cancer/pathology/clam/uni_features/pt_files/1203423.pt,/home/gly001/cqj/data/lung_cancer/pathology/clam/uni_features/h5_files/1203423.h5,1004128950,/home/gly001/cqj/data/lung_cancer/ct/processed_ct_64/image/1004128950.npy,0,140.0,-1,14857,,,,
1206350,/home/gly001/cqj/data/lung_cancer/pathology/clam/uni_features/pt_files/1206350.pt,/home/gly001/cqj/data/lung_cancer/pathology/clam/uni_features/h5_files/1206350.h5,1004203271,/home/gly001/cqj/data/lung_cancer/ct/processed_ct_64/image/1004203271.npy,1,40.0,0,8446,0.0,1.1017175,40.0,1.0
1833085,/home/gly001/cqj/data/lung_cancer/pathology/clam/uni_features/pt_files/1833085.pt,/home/gly001/cqj/data/lung_cancer/pathology/clam/uni_features/h5_files/1833085.h5,1004289990,/home/gly001/cqj/data/lung_cancer/ct/processed_ct_64/image/1004289990.npy,0,69.0,4,5348,4.0,-1.9978622,69.0,0.0
1628357,/home/gly001/cqj/data/lung_cancer/pathology/clam/uni_features/pt_files/1628357.pt,/home/gly001/cqj/data/lung_cancer/pathology/clam/uni_features/h5_files/1628357.h5,1004327362,/home/gly001/cqj/data/lung_cancer/ct/processed_ct_64/image/1004327362.npy,1,34.06666666666667,0,17433,0.0,0.7518136,34.066666,1.0
1832119,/home/gly001/cqj/data/lung_cancer/pathology/clam/uni_features/pt_files/1832119.pt,/home/gly001/cqj/data/lung_cancer/pathology/clam/uni_features/h5_files/1832119.h5,1004328241,/home/gly001/cqj/data/lung_cancer/ct/processed_ct_64/image/1004328241.npy,1,26.966666666666665,4,14602,4.0,1.9006196,26.966667,1.0
1409791,/home/gly001/cqj/data/lung_cancer/pathology/clam/uni_features/pt_files/1409791.pt,/home/gly001/cqj/data/lung_cancer/pathology/clam/uni_features/h5_files/1409791.h5,1004403794,/home/gly001/cqj/data/lung_cancer/ct/processed_ct_64/image/1004403794.npy,0,125.13333333333334,1,14694,1.0,-0.048652664,125.13333,0.0
1412320,/home/gly001/cqj/data/lung_cancer/pathology/clam/uni_features/pt_files/1412320.pt,/home/gly001/cqj/data/lung_cancer/pathology/clam/uni_features/h5_files/1412320.h5,1004410247,/home/gly001/cqj/data/lung_cancer/ct/processed_ct_64/image/1004410247.npy,0,123.0,2,10348,2.0,-0.9895371,123.0,0.0
1231110,/home/gly001/cqj/data/lung_cancer/pathology/clam/uni_features/pt_files/1231110.pt,/home/gly001/cqj/data/lung_cancer/pathology/clam/uni_features/h5_files/1231110.h5,1004441032,/home/gly001/cqj/data/lung_cancer/ct/processed_ct_64/image/1004441032.npy,1,16.0,-1,12054,,,,
1740285,/home/gly001/cqj/data/lung_cancer/pathology/clam/uni_features/pt_files/1740285.pt,/home/gly001/cqj/data/lung_cancer/pathology/clam/uni_features/h5_files/1740285.h5,1004445460,/home/gly001/cqj/data/lung_cancer/ct/processed_ct_64/image/1004445460.npy,0,59.0,1,3080,1.0,-1.825592,59.0,0.0
1325814,/home/gly001/cqj/data/lung_cancer/pathology/clam/uni_features/pt_files/1325814.pt,/home/gly001/cqj/data/lung_cancer/pathology/clam/uni_features/h5_files/1325814.h5,1004471758,/home/gly001/cqj/data/lung_cancer/ct/processed_ct_64/image/1004471758.npy,0,121.5,1,14107,1.0,0.6972765,121.5,0.0
1906415,/home/gly001/cqj/data/lung_cancer/pathology/clam/uni_features/pt_files/1906415.pt,/home/gly001/cqj/data/lung_cancer/pathology/clam/uni_features/h5_files/1906415.h5,1004502486,/home/gly001/cqj/data/lung_cancer/ct/processed_ct_64/image/1004502486.npy,0,61.0,4,9839,4.0,-1.4380771,61.0,0.0
1537907,/home/gly001/cqj/data/lung_cancer/pathology/clam/uni_features/pt_files/1537907.pt,/home/gly001/cqj/data/lung_cancer/pathology/clam/uni_features/h5_files/1537907.h5,1004525572,/home/gly001/cqj/data/lung_cancer/ct/processed_ct_64/image/1004525572.npy,0,38.56666666666667,2,13969,2.0,-0.056051716,38.566666,0.0
1302740,/home/gly001/cqj/data/lung_cancer/pathology/clam/uni_features/pt_files/1302740.pt,/home/gly001/cqj/data/lung_cancer/pathology/clam/uni_features/h5_files/1302740.h5,1004529326,/home/gly001/cqj/data/lung_cancer/ct/processed_ct_64/image/1004529326.npy,0,38.0,2,8729,2.0,-0.22316308,38.0,0.0
1623488,/home/gly001/cqj/data/lung_cancer/pathology/clam/uni_features/pt_files/1623488.pt,/home/gly001/cqj/data/lung_cancer/pathology/clam/uni_features/h5_files/1623488.h5,1004538907,/home/gly001/cqj/data/lung_cancer/ct/processed_ct_64/image/1004538907.npy,0,7.466666666666667,2,25630,2.0,0.25489104,7.4666667,0.0
1542509,/home/gly001/cqj/data/lung_cancer/pathology/clam/uni_features/pt_files/1542509.pt,/home/gly001/cqj/data/lung_cancer/pathology/clam/uni_features/h5_files/1542509.h5,1004543842,/home/gly001/cqj/data/lung_cancer/ct/processed_ct_64/image/1004543842.npy,0,49.96666666666667,3,8001,3.0,-1.3026223,49.966667,0.0
1920751,/home/gly001/cqj/data/lung_cancer/pathology/clam/uni_features/pt_files/1920751.pt,/home/gly001/cqj/data/lung_cancer/pathology/clam/uni_features/h5_files/1920751.h5,1004550605,/home/gly001/cqj/data/lung_cancer/ct/processed_ct_64/image/1004550605.npy,0,54.0,4,4020,4.0,-1.7774464,54.0,0.0
1219950,/home/gly001/cqj/data/lung_cancer/pathology/clam/uni_features/pt_files/1219950.pt,/home/gly001/cqj/data/lung_cancer/pathology/clam/uni_features/h5_files/1219950.h5,1004566853,/home/gly001/cqj/data/lung_cancer/ct/processed_ct_64/image/1004566853.npy,1,2.0,3,15298,3.0,1.6547669,2.0,1.0
1316839,/home/gly001/cqj/data/lung_cancer/pathology/clam/uni_features/pt_files/1316839.pt,/home/gly001/cqj/data/lung_cancer/pathology/clam/uni_features/h5_files/1316839.h5,1004680686,/home/gly001/cqj/data/lung_cancer/ct/processed_ct_64/image/1004680686.npy,1,1.0,1,17330,1.0,0.7176434,1.0,1.0
1326100,/home/gly001/cqj/data/lung_cancer/pathology/clam/uni_features/pt_files/1326100.pt,/home/gly001/cqj/data/lung_cancer/pathology/clam/uni_features/h5_files/1326100.h5,1004683202,/home/gly001/cqj/data/lung_cancer/ct/processed_ct_64/image/1004683202.npy,1,23.0,2,14786,2.0,2.1421118,23.0,1.0
1321950,/home/gly001/cqj/data/lung_cancer/pathology/clam/uni_features/pt_files/1321950.pt,/home/gly001/cqj/data/lung_cancer/pathology/clam/uni_features/h5_files/1321950.h5,1004690487,/home/gly001/cqj/data/lung_cancer/ct/processed_ct_64/image/1004690487.npy,1,75.0,3,16094,3.0,0.12890267,75.0,1.0
1420404,/home/gly001/cqj/data/lung_cancer/pathology/clam/uni_features/pt_files/1420404.pt,/home/gly001/cqj/data/lung_cancer/pathology/clam/uni_features/h5_files/1420404.h5,1004767894,/home/gly001/cqj/data/lung_cancer/ct/processed_ct_64/image/1004767894.npy,0,122.43333333333334,0,12396,0.0,1.3653696,122.433334,0.0
1228314,/home/gly001/cqj/data/lung_cancer/pathology/clam/uni_features/pt_files/1228314.pt,/home/gly001/cqj/data/lung_cancer/pathology/clam/uni_features/h5_files/1228314.h5,1004812181,/home/gly001/cqj/data/lung_cancer/ct/processed_ct_64/image/1004812181.npy,0,86.0,-1,12730,,,,
1317527,/home/gly001/cqj/data/lung_cancer/pathology/clam/uni_features/pt_files/1317527.pt,/home/gly001/cqj/data/lung_cancer/pathology/clam/uni_features/h5_files/1317527.h5,1004836932,/home/gly001/cqj/data/lung_cancer/ct/processed_ct_64/image/1004836932.npy,1,100.86666666666666,1,10636,1.0,2.0721076,100.86667,1.0
1301976,/home/gly001/cqj/data/lung_cancer/pathology/clam/uni_features/pt_files/1301976.pt,/home/gly001/cqj/data/lung_cancer/pathology/clam/uni_features/h5_files/1301976.h5,1004849925,/home/gly001/cqj/data/lung_cancer/ct/processed_ct_64/image/1004849925.npy,1,13.3,4,13542,4.0,1.6242214,13.3,1.0
1702036,/home/gly001/cqj/data/lung_cancer/pathology/clam/uni_features/pt_files/1702036.pt,/home/gly001/cqj/data/lung_cancer/pathology/clam/uni_features/h5_files/1702036.h5,1004884218,/home/gly001/cqj/data/lung_cancer/ct/processed_ct_64/image/1004884218.npy,1,6.7,-1,8814,,,,
1309254,/home/gly001/cqj/data/lung_cancer/pathology/clam/uni_features/pt_files/1309254.pt,/home/gly001/cqj/data/lung_cancer/pathology/clam/uni_features/h5_files/1309254.h5,1004884397,/home/gly001/cqj/data/lung_cancer/ct/processed_ct_64/image/1004884397.npy,0,4.5,0,14389,0.0,2.488639,4.5,0.0
1313613,/home/gly001/cqj/data/lung_cancer/pathology/clam/uni_features/pt_files/1313613.pt,/home/gly001/cqj/data/lung_cancer/pathology/clam/uni_features/h5_files/1313613.h5,1004895394,/home/gly001/cqj/data/lung_cancer/ct/processed_ct_64/image/1004895394.npy,1,43.2,-1,16813,,,,
1318125,/home/gly001/cqj/data/lung_cancer/pathology/clam/uni_features/pt_files/1318125.pt,/home/gly001/cqj/data/lung_cancer/pathology/clam/uni_features/h5_files/1318125.h5,1004907689,/home/gly001/cqj/data/lung_cancer/ct/processed_ct_64/image/1004907689.npy,0,58.46666666666667,1,11735,1.0,-0.0639783,58.466667,0.0
1725136,/home/gly001/cqj/data/lung_cancer/pathology/clam/uni_features/pt_files/1725136.pt,/home/gly001/cqj/data/lung_cancer/pathology/clam/uni_features/h5_files/1725136.h5,1004960146,/home/gly001/cqj/data/lung_cancer/ct/processed_ct_64/image/1004960146.npy,0,77.0,4,12798,4.0,-1.4991674,77.0,0.0
1318827,/home/gly001/cqj/data/lung_cancer/pathology/clam/uni_features/pt_files/1318827.pt,/home/gly001/cqj/data/lung_cancer/pathology/clam/uni_features/h5_files/1318827.h5,1004964654,/home/gly001/cqj/data/lung_cancer/ct/processed_ct_64/image/1004964654.npy,1,20.566666666666663,1,11623,1.0,1.2631431,20.566668,1.0
1338051,/home/gly001/cqj/data/lung_cancer/pathology/clam/uni_features/pt_files/1338051.pt,/home/gly001/cqj/data/lung_cancer/pathology/clam/uni_features/h5_files/1338051.h5,1004980526,/home/gly001/cqj/data/lung_cancer/ct/processed_ct_64/image/1004980526.npy,0,72.0,4,6235,4.0,0.80490714,72.0,0.0
1402520,/home/gly001/cqj/data/lung_cancer/pathology/clam/uni_features/pt_files/1402520.pt,/home/gly001/cqj/data/lung_cancer/pathology/clam/uni_features/h5_files/1402520.h5,1004987720,/home/gly001/cqj/data/lung_cancer/ct/processed_ct_64/image/1004987720.npy,0,1.3333333333333333,3,8656,3.0,1.75551,1.3333334,0.0
1328177,/home/gly001/cqj/data/lung_cancer/pathology/clam/uni_features/pt_files/1328177.pt,/home/gly001/cqj/data/lung_cancer/pathology/clam/uni_features/h5_files/1328177.h5,1004990534,/home/gly001/cqj/data/lung_cancer/ct/processed_ct_64/image/1004990534.npy,0,130.0,3,10754,3.0,1.2032456,130.0,0.0
1234152,/home/gly001/cqj/data/lung_cancer/pathology/clam/uni_features/pt_files/1234152.pt,/home/gly001/cqj/data/lung_cancer/pathology/clam/uni_features/h5_files/1234152.h5,1005002440,/home/gly001/cqj/data/lung_cancer/ct/processed_ct_64/image/1005002440.npy,1,49.0,3,11396,3.0,-1.1538229,49.0,1.0
1424381,/home/gly001/cqj/data/lung_cancer/pathology/clam/uni_features/pt_files/1424381.pt,/home/gly001/cqj/data/lung_cancer/pathology/clam/uni_features/h5_files/1424381.h5,1005006619,/home/gly001/cqj/data/lung_cancer/ct/processed_ct_64/image/1005006619.npy,1,80.0,4,7231,4.0,0.17741925,80.0,1.0
1302283,/home/gly001/cqj/data/lung_cancer/pathology/clam/uni_features/pt_files/1302283.pt,/home/gly001/cqj/data/lung_cancer/pathology/clam/uni_features/h5_files/1302283.h5,1005017405,/home/gly001/cqj/data/lung_cancer/ct/processed_ct_64/image/1005017405.npy,1,55.96666666666667,2,12358,2.0,1.1625978,55.966667,1.0
1923943,/home/gly001/cqj/data/lung_cancer/pathology/clam/uni_features/pt_files/1923943.pt,/home/gly001/cqj/data/lung_cancer/pathology/clam/uni_features/h5_files/1923943.h5,1005063403,/home/gly001/cqj/data/lung_cancer/ct/processed_ct_64/image/1005063403.npy,0,60.0,4,6092,4.0,-2.8590891,60.0,0.0
1401669,/home/gly001/cqj/data/lung_cancer/pathology/clam/uni_features/pt_files/1401669.pt,/home/gly001/cqj/data/lung_cancer/pathology/clam/uni_features/h5_files/1401669.h5,1005103565,/home/gly001/cqj/data/lung_cancer/ct/processed_ct_64/image/1005103565.npy,1,23.33333333333333,-1,16865,,,,
1405177,/home/gly001/cqj/data/lung_cancer/pathology/clam/uni_features/pt_files/1405177.pt,/home/gly001/cqj/data/lung_cancer/pathology/clam/uni_features/h5_files/1405177.h5,1005116405,/home/gly001/cqj/data/lung_cancer/ct/processed_ct_64/image/1005116405.npy,0,125.0,2,14777,2.0,-1.855974,125.0,0.0
1406452,/home/gly001/cqj/data/lung_cancer/pathology/clam/uni_features/pt_files/1406452.pt,/home/gly001/cqj/data/lung_cancer/pathology/clam/uni_features/h5_files/1406452.h5,1005127244,/home/gly001/cqj/data/lung_cancer/ct/processed_ct_64/image/1005127244.npy,0,27.0,-1,6320,,,,
1407478,/home/gly001/cqj/data/lung_cancer/pathology/clam/uni_features/pt_files/1407478.pt,/home/gly001/cqj/data/lung_cancer/pathology/clam/uni_features/h5_files/1407478.h5,1005129753,/home/gly001/cqj/data/lung_cancer/ct/processed_ct_64/image/1005129753.npy,0,110.0,4,12887,4.0,1.7935861,110.0,0.0
1735982,/home/gly001/cqj/data/lung_cancer/pathology/clam/uni_features/pt_files/1735982.pt,/home/gly001/cqj/data/lung_cancer/pathology/clam/uni_features/h5_files/1735982.h5,1005154993,/home/gly001/cqj/data/lung_cancer/ct/processed_ct_64/image/1005154993.npy,0,64.0,3,13911,3.0,-2.511119,64.0,0.0
1325714,/home/gly001/cqj/data/lung_cancer/pathology/clam/uni_features/pt_files/1325714.pt,/home/gly001/cqj/data/lung_cancer/pathology/clam/uni_features/h5_files/1325714.h5,1005177968,/home/gly001/cqj/data/lung_cancer/ct/processed_ct_64/image/1005177968.npy,1,4.166666666666667,4,11124,4.0,-0.06642323,4.1666665,1.0
1334054,/home/gly001/cqj/data/lung_cancer/pathology/clam/uni_features/pt_files/1334054.pt,/home/gly001/cqj/data/lung_cancer/pathology/clam/uni_features/h5_files/1334054.h5,1005191667,/home/gly001/cqj/data/lung_cancer/ct/processed_ct_64/image/1005191667.npy,0,18.633333333333333,4,10456,4.0,0.28548437,18.633333,0.0
1735983,/home/gly001/cqj/data/lung_cancer/pathology/clam/uni_features/pt_files/1735983.pt,/home/gly001/cqj/data/lung_cancer/pathology/clam/uni_features/h5_files/1735983.h5,1005219237,/home/gly001/cqj/data/lung_cancer/ct/processed_ct_64/image/1005219237.npy,0,80.0,0,7371,0.0,0.87023675,80.0,0.0
1304936,/home/gly001/cqj/data/lung_cancer/pathology/clam/uni_features/pt_files/1304936.pt,/home/gly001/cqj/data/lung_cancer/pathology/clam/uni_features/h5_files/1304936.h5,1005266365,/home/gly001/cqj/data/lung_cancer/ct/processed_ct_64/image/1005266365.npy,1,3.8666666666666663,4,17203,4.0,0.43814123,3.8666666,1.0
1607001,/home/gly001/cqj/data/lung_cancer/pathology/clam/uni_features/pt_files/1607001.pt,/home/gly001/cqj/data/lung_cancer/pathology/clam/uni_features/h5_files/1607001.h5,1005304472,/home/gly001/cqj/data/lung_cancer/ct/processed_ct_64/image/1005304472.npy,1,8.833333333333334,0,13973,0.0,1.7418051,8.833333,1.0
1922079,/home/gly001/cqj/data/lung_cancer/pathology/clam/uni_features/pt_files/1922079.pt,/home/gly001/cqj/data/lung_cancer/pathology/clam/uni_features/h5_files/1922079.h5,1005304760,/home/gly001/cqj/data/lung_cancer/ct/processed_ct_64/image/1005304760.npy,0,59.333333333333336,-1,12132,,,,
1607145,/home/gly001/cqj/data/lung_cancer/pathology/clam/uni_features/pt_files/1607145.pt,/home/gly001/cqj/data/lung_cancer/pathology/clam/uni_features/h5_files/1607145.h5,1005306431,/home/gly001/cqj/data/lung_cancer/ct/processed_ct_64/image/1005306431.npy,1,2.8,-1,16820,,,,
1608828,/home/gly001/cqj/data/lung_cancer/pathology/clam/uni_features/pt_files/1608828.pt,/home/gly001/cqj/data/lung_cancer/pathology/clam/uni_features/h5_files/1608828.h5,1005308534,/home/gly001/cqj/data/lung_cancer/ct/processed_ct_64/image/1005308534.npy,1,86.1,-1,13447,,,,
1706099,/home/gly001/cqj/data/lung_cancer/pathology/clam/uni_features/pt_files/1706099.pt,/home/gly001/cqj/data/lung_cancer/pathology/clam/uni_features/h5_files/1706099.h5,1005310223,/home/gly001/cqj/data/lung_cancer/ct/processed_ct_64/image/1005310223.npy,1,84.0,3,11470,3.0,-1.464708,84.0,1.0
1618445,/home/gly001/cqj/data/lung_cancer/pathology/clam/uni_features/pt_files/1618445.pt,/home/gly001/cqj/data/lung_cancer/pathology/clam/uni_features/h5_files/1618445.h5,1005314843,/home/gly001/cqj/data/lung_cancer/ct/processed_ct_64/image/1005314843.npy,1,43.6,3,4966,3.0,-0.4097099,43.6,1.0
1611939,/home/gly001/cqj/data/lung_cancer/pathology/clam/uni_features/pt_files/1611939.pt,/home/gly001/cqj/data/lung_cancer/pathology/clam/uni_features/h5_files/1611939.h5,1005315708,/home/gly001/cqj/data/lung_cancer/ct/processed_ct_64/image/1005315708.npy,1,72.63333333333334,1,17122,1.0,2.1955845,72.63333,1.0
1612403,/home/gly001/cqj/data/lung_cancer/pathology/clam/uni_features/pt_files/1612403.pt,/home/gly001/cqj/data/lung_cancer/pathology/clam/uni_features/h5_files/1612403.h5,1005315776,/home/gly001/cqj/data/lung_cancer/ct/processed_ct_64/image/1005315776.npy,1,15.233333333333333,3,18211,3.0,0.13478026,15.233334,1.0
1615177,/home/gly001/cqj/data/lung_cancer/pathology/clam/uni_features/pt_files/1615177.pt,/home/gly001/cqj/data/lung_cancer/pathology/clam/uni_features/h5_files/1615177.h5,1005318059,/home/gly001/cqj/data/lung_cancer/ct/processed_ct_64/image/1005318059.npy,0,3.0,-1,18279,,,,
1618375,/home/gly001/cqj/data/lung_cancer/pathology/clam/uni_features/pt_files/1618375.pt,/home/gly001/cqj/data/lung_cancer/pathology/clam/uni_features/h5_files/1618375.h5,1005323545,/home/gly001/cqj/data/lung_cancer/ct/processed_ct_64/image/1005323545.npy,0,70.7,-1,12897,,,,
1612231,/home/gly001/cqj/data/lung_cancer/pathology/clam/uni_features/pt_files/1612231.pt,/home/gly001/cqj/data/lung_cancer/pathology/clam/uni_features/h5_files/1612231.h5,1005323870,/home/gly001/cqj/data/lung_cancer/ct/processed_ct_64/image/1005323870.npy,1,11.233333333333333,-1,1128,,,,
1613163,/home/gly001/cqj/data/lung_cancer/pathology/clam/uni_features/pt_files/1613163.pt,/home/gly001/cqj/data/lung_cancer/pathology/clam/uni_features/h5_files/1613163.h5,1005333373,/home/gly001/cqj/data/lung_cancer/ct/processed_ct_64/image/1005333373.npy,0,41.0,4,13285,4.0,-1.4128212,41.0,0.0
1612341,/home/gly001/cqj/data/lung_cancer/pathology/clam/uni_features/pt_files/1612341.pt,/home/gly001/cqj/data/lung_cancer/pathology/clam/uni_features/h5_files/1612341.h5,1005334253,/home/gly001/cqj/data/lung_cancer/ct/processed_ct_64/image/1005334253.npy,0,99.0,-1,6006,,,,
1517876,/home/gly001/cqj/data/lung_cancer/pathology/clam/uni_features/pt_files/1517876.pt,/home/gly001/cqj/data/lung_cancer/pathology/clam/uni_features/h5_files/1517876.h5,1005349848,/home/gly001/cqj/data/lung_cancer/ct/processed_ct_64/image/1005349848.npy,1,52.0,0,14911,0.0,0.8263365,52.0,1.0
1734888,/home/gly001/cqj/data/lung_cancer/pathology/clam/uni_features/pt_files/1734888.pt,/home/gly001/cqj/data/lung_cancer/pathology/clam/uni_features/h5_files/1734888.h5,1005353065,/home/gly001/cqj/data/lung_cancer/ct/processed_ct_64/image/1005353065.npy,0,58.0,-1,6524,,,,
1604621,/home/gly001/cqj/data/lung_cancer/pathology/clam/uni_features/pt_files/1604621.pt,/home/gly001/cqj/data/lung_cancer/pathology/clam/uni_features/h5_files/1604621.h5,1005356940,/home/gly001/cqj/data/lung_cancer/ct/processed_ct_64/image/1005356940.npy,1,18.566666666666663,3,7061,3.0,-1.208085,18.566668,1.0
1920974,/home/gly001/cqj/data/lung_cancer/pathology/clam/uni_features/pt_files/1920974.pt,/home/gly001/cqj/data/lung_cancer/pathology/clam/uni_features/h5_files/1920974.h5,1005368973,/home/gly001/cqj/data/lung_cancer/ct/processed_ct_64/image/1005368973.npy,0,32.766666666666666,-1,8011,,,,
1634182,/home/gly001/cqj/data/lung_cancer/pathology/clam/uni_features/pt_files/1634182.pt,/home/gly001/cqj/data/lung_cancer/pathology/clam/uni_features/h5_files/1634182.h5,1005385953,/home/gly001/cqj/data/lung_cancer/ct/processed_ct_64/image/1005385953.npy,1,1.4,3,10902,3.0,0.47511327,1.4,1.0
1640803,/home/gly001/cqj/data/lung_cancer/pathology/clam/uni_features/pt_files/1640803.pt,/home/gly001/cqj/data/lung_cancer/pathology/clam/uni_features/h5_files/1640803.h5,1005388579,/home/gly001/cqj/data/lung_cancer/ct/processed_ct_64/image/1005388579.npy,0,91.0,0,10858,0.0,-1.0448631,91.0,0.0
1641792,/home/gly001/cqj/data/lung_cancer/pathology/clam/uni_features/pt_files/1641792.pt,/home/gly001/cqj/data/lung_cancer/pathology/clam/uni_features/h5_files/1641792.h5,1005389078,/home/gly001/cqj/data/lung_cancer/ct/processed_ct_64/image/1005389078.npy,0,19.0,0,7024,0.0,-0.78814524,19.0,0.0
1702464,/home/gly001/cqj/data/lung_cancer/pathology/clam/uni_features/pt_files/1702464.pt,/home/gly001/cqj/data/lung_cancer/pathology/clam/uni_features/h5_files/1702464.h5,1005394162,/home/gly001/cqj/data/lung_cancer/ct/processed_ct_64/image/1005394162.npy,1,10.8,1,13309,1.0,-0.786497,10.8,1.0
1701711,/home/gly001/cqj/data/lung_cancer/pathology/clam/uni_features/pt_files/1701711.pt,/home/gly001/cqj/data/lung_cancer/pathology/clam/uni_features/h5_files/1701711.h5,1005397864,/home/gly001/cqj/data/lung_cancer/ct/processed_ct_64/image/1005397864.npy,1,3.7,0,14898,0.0,0.95424366,3.7,1.0
1701978,/home/gly001/cqj/data/lung_cancer/pathology/clam/uni_features/pt_files/1701978.pt,/home/gly001/cqj/data/lung_cancer/pathology/clam/uni_features/h5_files/1701978.h5,1005399452,/home/gly001/cqj/data/lung_cancer/ct/processed_ct_64/image/1005399452.npy,0,88.0,3,2437,3.0,0.12473915,88.0,0.0
1704542,/home/gly001/cqj/data/lung_cancer/pathology/clam/uni_features/pt_files/1704542.pt,/home/gly001/cqj/data/lung_cancer/pathology/clam/uni_features/h5_files/1704542.h5,1005402332,/home/gly001/cqj/data/lung_cancer/ct/processed_ct_64/image/1005402332.npy,0,90.2,-1,13607,,,,
1705772,/home/gly001/cqj/data/lung_cancer/pathology/clam/uni_features/pt_files/1705772.pt,/home/gly001/cqj/data/lung_cancer/pathology/clam/uni_features/h5_files/1705772.h5,1005405200,/home/gly001/cqj/data/lung_cancer/ct/processed_ct_64/image/1005405200.npy,0,85.53333333333333,4,10736,4.0,-1.3170464,85.53333,0.0
1705914,/home/gly001/cqj/data/lung_cancer/pathology/clam/uni_features/pt_files/1705914.pt,/home/gly001/cqj/data/lung_cancer/pathology/clam/uni_features/h5_files/1705914.h5,1005405935,/home/gly001/cqj/data/lung_cancer/ct/processed_ct_64/image/1005405935.npy,0,88.0,2,14713,2.0,0.38443336,88.0,0.0
1706495,/home/gly001/cqj/data/lung_cancer/pathology/clam/uni_features/pt_files/1706495.pt,/home/gly001/cqj/data/lung_cancer/pathology/clam/uni_features/h5_files/1706495.h5,1005407135,/home/gly001/cqj/data/lung_cancer/ct/processed_ct_64/image/1005407135.npy,1,48.766666666666666,3,11617,3.0,0.10393085,48.766666,1.0
1411733,/home/gly001/cqj/data/lung_cancer/pathology/clam/uni_features/pt_files/1411733.pt,/home/gly001/cqj/data/lung_cancer/pathology/clam/uni_features/h5_files/1411733.h5,1005424611,/home/gly001/cqj/data/lung_cancer/ct/processed_ct_64/image/1005424611.npy,1,40.0,4,7138,4.0,-2.401513,40.0,1.0
1414062,/home/gly001/cqj/data/lung_cancer/pathology/clam/uni_features/pt_files/1414062.pt,/home/gly001/cqj/data/lung_cancer/pathology/clam/uni_features/h5_files/1414062.h5,1005425234,/home/gly001/cqj/data/lung_cancer/ct/processed_ct_64/image/1005425234.npy,1,12.866666666666667,-1,10515,,,,
1412086,/home/gly001/cqj/data/lung_cancer/pathology/clam/uni_features/pt_files/1412086.pt,/home/gly001/cqj/data/lung_cancer/pathology/clam/uni_features/h5_files/1412086.h5,1005425538,/home/gly001/cqj/data/lung_cancer/ct/processed_ct_64/image/1005425538.npy,0,79.0,2,10748,2.0,2.3682814,79.0,0.0
1317792,/home/gly001/cqj/data/lung_cancer/pathology/clam/uni_features/pt_files/1317792.pt,/home/gly001/cqj/data/lung_cancer/pathology/clam/uni_features/h5_files/1317792.h5,1005455664,/home/gly001/cqj/data/lung_cancer/ct/processed_ct_64/image/1005455664.npy,0,17.133333333333333,2,8394,2.0,1.8500459,17.133333,0.0
1802515,/home/gly001/cqj/data/lung_cancer/pathology/clam/uni_features/pt_files/1802515.pt,/home/gly001/cqj/data/lung_cancer/pathology/clam/uni_features/h5_files/1802515.h5,1005461877,/home/gly001/cqj/data/lung_cancer/ct/processed_ct_64/image/1005461877.npy,0,78.0,2,4494,2.0,-2.726048,78.0,0.0
1321201,/home/gly001/cqj/data/lung_cancer/pathology/clam/uni_features/pt_files/1321201.pt,/home/gly001/cqj/data/lung_cancer/pathology/clam/uni_features/h5_files/1321201.h5,1005469299,/home/gly001/cqj/data/lung_cancer/ct/processed_ct_64/image/1005469299.npy,0,130.0,1,11724,1.0,0.12582722,130.0,0.0
1440950,/home/gly001/cqj/data/lung_cancer/pathology/clam/uni_features/pt_files/1440950.pt,/home/gly001/cqj/data/lung_cancer/pathology/clam/uni_features/h5_files/1440950.h5,1005490424,/home/gly001/cqj/data/lung_cancer/ct/processed_ct_64/image/1005490424.npy,1,24.633333333333333,3,13483,3.0,-0.48608884,24.633333,1.0
1513216,/home/gly001/cqj/data/lung_cancer/pathology/clam/uni_features/pt_files/1513216.pt,/home/gly001/cqj/data/lung_cancer/pathology/clam/uni_features/h5_files/1513216.h5,1005491920,/home/gly001/cqj/data/lung_cancer/ct/processed_ct_64/image/1005491920.npy,0,24.0,4,17569,4.0,0.47256458,24.0,0.0
1502189,/home/gly001/cqj/data/lung_cancer/pathology/clam/uni_features/pt_files/1502189.pt,/home/gly001/cqj/data/lung_cancer/pathology/clam/uni_features/h5_files/1502189.h5,1005493067,/home/gly001/cqj/data/lung_cancer/ct/processed_ct_64/image/1005493067.npy,1,52.66666666666666,2,8274,2.0,3.7709532,52.666668,1.0
1503553,/home/gly001/cqj/data/lung_cancer/pathology/clam/uni_features/pt_files/1503553.pt,/home/gly001/cqj/data/lung_cancer/pathology/clam/uni_features/h5_files/1503553.h5,1005495395,/home/gly001/cqj/data/lung_cancer/ct/processed_ct_64/image/1005495395.npy,0,113.0,1,15359,1.0,-0.18906103,113.0,0.0
1518792,/home/gly001/cqj/data/lung_cancer/pathology/clam/uni_features/pt_files/1518792.pt,/home/gly001/cqj/data/lung_cancer/pathology/clam/uni_features/h5_files/1518792.h5,1005507723,/home/gly001/cqj/data/lung_cancer/ct/processed_ct_64/image/1005507723.npy,1,32.9,1,10806,1.0,1.2078351,32.9,1.0
1523343,/home/gly001/cqj/data/lung_cancer/pathology/clam/uni_features/pt_files/1523343.pt,/home/gly001/cqj/data/lung_cancer/pathology/clam/uni_features/h5_files/1523343.h5,1005512125,/home/gly001/cqj/data/lung_cancer/ct/processed_ct_64/image/1005512125.npy,1,42.66666666666666,3,12647,3.0,-2.083144,42.666668,1.0
1528409,/home/gly001/cqj/data/lung_cancer/pathology/clam/uni_features/pt_files/1528409.pt,/home/gly001/cqj/data/lung_cancer/pathology/clam/uni_features/h5_files/1528409.h5,1005514228,/home/gly001/cqj/data/lung_cancer/ct/processed_ct_64/image/1005514228.npy,1,28.633333333333333,0,13483,0.0,1.3573892,28.633333,1.0
1918330,/home/gly001/cqj/data/lung_cancer/pathology/clam/uni_features/pt_files/1918330.pt,/home/gly001/cqj/data/lung_cancer/pathology/clam/uni_features/h5_files/1918330.h5,1005516425,/home/gly001/cqj/data/lung_cancer/ct/processed_ct_64/image/1005516425.npy,0,61.0,1,17254,1.0,-0.49822697,61.0,0.0
1328060,/home/gly001/cqj/data/lung_cancer/pathology/clam/uni_features/pt_files/1328060.pt,/home/gly001/cqj/data/lung_cancer/pathology/clam/uni_features/h5_files/1328060.h5,1005549500,/home/gly001/cqj/data/lung_cancer/ct/processed_ct_64/image/1005549500.npy,0,27.0,4,13099,4.0,1.6239558,27.0,0.0
1436278,/home/gly001/cqj/data/lung_cancer/pathology/clam/uni_features/pt_files/1436278.pt,/home/gly001/cqj/data/lung_cancer/pathology/clam/uni_features/h5_files/1436278.h5,1005558374,/home/gly001/cqj/data/lung_cancer/ct/processed_ct_64/image/1005558374.npy,1,6.3,4,7845,4.0,3.4403784,6.3,1.0
1434920,/home/gly001/cqj/data/lung_cancer/pathology/clam/uni_features/pt_files/1434920.pt,/home/gly001/cqj/data/lung_cancer/pathology/clam/uni_features/h5_files/1434920.h5,1005559373,/home/gly001/cqj/data/lung_cancer/ct/processed_ct_64/image/1005559373.npy,1,41.63333333333333,1,19219,1.0,0.16156806,41.633335,1.0
1439413,/home/gly001/cqj/data/lung_cancer/pathology/clam/uni_features/pt_files/1439413.pt,/home/gly001/cqj/data/lung_cancer/pathology/clam/uni_features/h5_files/1439413.h5,1005574661,/home/gly001/cqj/data/lung_cancer/ct/processed_ct_64/image/1005574661.npy,1,22.466666666666665,2,7907,2.0,1.1733372,22.466667,1.0
1440284,/home/gly001/cqj/data/lung_cancer/pathology/clam/uni_features/pt_files/1440284.pt,/home/gly001/cqj/data/lung_cancer/pathology/clam/uni_features/h5_files/1440284.h5,1005575013,/home/gly001/cqj/data/lung_cancer/ct/processed_ct_64/image/1005575013.npy,1,90.56666666666666,2,17464,2.0,-0.32922074,90.566666,1.0
1500586,/home/gly001/cqj/data/lung_cancer/pathology/clam/uni_features/pt_files/1500586.pt,/home/gly001/cqj/data/lung_cancer/pathology/clam/uni_features/h5_files/1500586.h5,1005579783,/home/gly001/cqj/data/lung_cancer/ct/processed_ct_64/image/1005579783.npy,1,16.0,3,9840,3.0,-0.22261399,16.0,1.0
1503898,/home/gly001/cqj/data/lung_cancer/pathology/clam/uni_features/pt_files/1503898.pt,/home/gly001/cqj/data/lung_cancer/pathology/clam/uni_features/h5_files/1503898.h5,1005584962,/home/gly001/cqj/data/lung_cancer/ct/processed_ct_64/image/1005584962.npy,0,25.466666666666665,2,13176,2.0,-0.5493403,25.466667,0.0
1621482,/home/gly001/cqj/data/lung_cancer/pathology/clam/uni_features/pt_files/1621482.pt,/home/gly001/cqj/data/lung_cancer/pathology/clam/uni_features/h5_files/1621482.h5,1005594781,/home/gly001/cqj/data/lung_cancer/ct/processed_ct_64/image/1005594781.npy,1,21.0,0,6652,0.0,-0.49275792,21.0,1.0
1618337,/home/gly001/cqj/data/lung_cancer/pathology/clam/uni_features/pt_files/1618337.pt,/home/gly001/cqj/data/lung_cancer/pathology/clam/uni_features/h5_files/1618337.h5,1005598437,/home/gly001/cqj/data/lung_cancer/ct/processed_ct_64/image/1005598437.npy,1,33.233333333333334,4,13898,4.0,1.5702959,33.233334,1.0
1618478,/home/gly001/cqj/data/lung_cancer/pathology/clam/uni_features/pt_files/1618478.pt,/home/gly001/cqj/data/lung_cancer/pathology/clam/uni_features/h5_files/1618478.h5,1005599017,/home/gly001/cqj/data/lung_cancer/ct/processed_ct_64/image/1005599017.npy,0,13.0,0,11537,0.0,-2.5443468,13.0,0.0
1619449,/home/gly001/cqj/data/lung_cancer/pathology/clam/uni_features/pt_files/1619449.pt,/home/gly001/cqj/data/lung_cancer/pathology/clam/uni_features/h5_files/1619449.h5,1005603596,/home/gly001/cqj/data/lung_cancer/ct/processed_ct_64/image/1005603596.npy,0,97.0,-1,9772,,,,
1622235,/home/gly001/cqj/data/lung_cancer/pathology/clam/uni_features/pt_files/1622235.pt,/home/gly001/cqj/data/lung_cancer/pathology/clam/uni_features/h5_files/1622235.h5,1005614676,/home/gly001/cqj/data/lung_cancer/ct/processed_ct_64/image/1005614676.npy,0,17.0,0,13114,0.0,-1.6918751,17.0,0.0
1624930,/home/gly001/cqj/data/lung_cancer/pathology/clam/uni_features/pt_files/1624930.pt,/home/gly001/cqj/data/lung_cancer/pathology/clam/uni_features/h5_files/1624930.h5,1005624132,/home/gly001/cqj/data/lung_cancer/ct/processed_ct_64/image/1005624132.npy,1,89.0,4,3312,4.0,-2.3378968,89.0,1.0
1429813,/home/gly001/cqj/data/lung_cancer/pathology/clam/uni_features/pt_files/1429813.pt,/home/gly001/cqj/data/lung_cancer/pathology/clam/uni_features/h5_files/1429813.h5,1005631628,/home/gly001/cqj/data/lung_cancer/ct/processed_ct_64/image/1005631628.npy,0,63.0,0,13366,0.0,0.80529666,63.0,0.0
1431102,/home/gly001/cqj/data/lung_cancer/pathology/clam/uni_features/pt_files/1431102.pt,/home/gly001/cqj/data/lung_cancer/pathology/clam/uni_features/h5_files/1431102.h5,1005634396,/home/gly001/cqj/data/lung_cancer/ct/processed_ct_64/image/1005634396.npy,0,73.73333333333333,4,4359,4.0,1.9603698,73.73333,0.0
1437126,/home/gly001/cqj/data/lung_cancer/pathology/clam/uni_features/pt_files/1437126.pt,/home/gly001/cqj/data/lung_cancer/pathology/clam/uni_features/h5_files/1437126.h5,1005640400,/home/gly001/cqj/data/lung_cancer/ct/processed_ct_64/image/1005640400.npy,0,116.0,4,13164,4.0,1.1629573,116.0,0.0
1435051,/home/gly001/cqj/data/lung_cancer/pathology/clam/uni_features/pt_files/1435051.pt,/home/gly001/cqj/data/lung_cancer/pathology/clam/uni_features/h5_files/1435051.h5,1005644668,/home/gly001/cqj/data/lung_cancer/ct/processed_ct_64/image/1005644668.npy,1,36.0,0,10466,0.0,1.5023006,36.0,1.0
1435984,/home/gly001/cqj/data/lung_cancer/pathology/clam/uni_features/pt_files/1435984.pt,/home/gly001/cqj/data/lung_cancer/pathology/clam/uni_features/h5_files/1435984.h5,1005644733,/home/gly001/cqj/data/lung_cancer/ct/processed_ct_64/image/1005644733.npy,1,11.466666666666669,3,12837,3.0,0.17042533,11.466666,1.0
1436722,/home/gly001/cqj/data/lung_cancer/pathology/clam/uni_features/pt_files/1436722.pt,/home/gly001/cqj/data/lung_cancer/pathology/clam/uni_features/h5_files/1436722.h5,1005647827,/home/gly001/cqj/data/lung_cancer/ct/processed_ct_64/image/1005647827.npy,1,72.76666666666667,2,10154,2.0,2.0372365,72.76667,1.0
1917738,/home/gly001/cqj/data/lung_cancer/pathology/clam/uni_features/pt_files/1917738.pt,/home/gly001/cqj/data/lung_cancer/pathology/clam/uni_features/h5_files/1917738.h5,1005648602,/home/gly001/cqj/data/lung_cancer/ct/processed_ct_64/image/1005648602.npy,0,61.0,2,11631,2.0,-0.7378075,61.0,0.0
1707583,/home/gly001/cqj/data/lung_cancer/pathology/clam/uni_features/pt_files/1707583.pt,/home/gly001/cqj/data/lung_cancer/pathology/clam/uni_features/h5_files/1707583.h5,1005653492,/home/gly001/cqj/data/lung_cancer/ct/processed_ct_64/image/1005653492.npy,0,25.0,1,12354,1.0,-1.9942677,25.0,0.0
1438901,/home/gly001/cqj/data/lung_cancer/pathology/clam/uni_features/pt_files/1438901.pt,/home/gly001/cqj/data/lung_cancer/pathology/clam/uni_features/h5_files/1438901.h5,1005656817,/home/gly001/cqj/data/lung_cancer/ct/processed_ct_64/image/1005656817.npy,1,3.466666666666667,1,9674,1.0,0.29011136,3.4666667,1.0
1420565,/home/gly001/cqj/data/lung_cancer/pathology/clam/uni_features/pt_files/1420565.pt,/home/gly001/cqj/data/lung_cancer/pathology/clam/uni_features/h5_files/1420565.h5,1005667763,/home/gly001/cqj/data/lung_cancer/ct/processed_ct_64/image/1005667763.npy,0,120.0,0,12689,0.0,-1.7624371,120.0,0.0
1330466,/home/gly001/cqj/data/lung_cancer/pathology/clam/uni_features/pt_files/1330466.pt,/home/gly001/cqj/data/lung_cancer/pathology/clam/uni_features/h5_files/1330466.h5,1005672298,/home/gly001/cqj/data/lung_cancer/ct/processed_ct_64/image/1005672298.npy,1,36.0,1,6388,1.0,-0.08236958,36.0,1.0
1331599,/home/gly001/cqj/data/lung_cancer/pathology/clam/uni_features/pt_files/1331599.pt,/home/gly001/cqj/data/lung_cancer/pathology/clam/uni_features/h5_files/1331599.h5,1005676070,/home/gly001/cqj/data/lung_cancer/ct/processed_ct_64/image/1005676070.npy,0,48.0,4,13211,4.0,0.97202915,48.0,0.0
1413719,/home/gly001/cqj/data/lung_cancer/pathology/clam/uni_features/pt_files/1413719.pt,/home/gly001/cqj/data/lung_cancer/pathology/clam/uni_features/h5_files/1413719.h5,1005681470,/home/gly001/cqj/data/lung_cancer/ct/processed_ct_64/image/1005681470.npy,1,39.1,2,12498,2.0,1.0325805,39.1,1.0
1930973,/home/gly001/cqj/data/lung_cancer/pathology/clam/uni_features/pt_files/1930973.pt,/home/gly001/cqj/data/lung_cancer/pathology/clam/uni_features/h5_files/1930973.h5,1005694353,/home/gly001/cqj/data/lung_cancer/ct/processed_ct_64/image/1005694353.npy,0,58.0,-1,3527,,,,
1610138,/home/gly001/cqj/data/lung_cancer/pathology/clam/uni_features/pt_files/1610138.pt,/home/gly001/cqj/data/lung_cancer/pathology/clam/uni_features/h5_files/1610138.h5,1005700278,/home/gly001/cqj/data/lung_cancer/ct/processed_ct_64/image/1005700278.npy,0,100.0,3,5974,3.0,-1.0582415,100.0,0.0
1410840,/home/gly001/cqj/data/lung_cancer/pathology/clam/uni_features/pt_files/1410840.pt,/home/gly001/cqj/data/lung_cancer/pathology/clam/uni_features/h5_files/1410840.h5,1005713585,/home/gly001/cqj/data/lung_cancer/ct/processed_ct_64/image/1005713585.npy,1,48.0,4,10826,4.0,0.31524354,48.0,1.0
1415392,/home/gly001/cqj/data/lung_cancer/pathology/clam/uni_features/pt_files/1415392.pt,/home/gly001/cqj/data/lung_cancer/pathology/clam/uni_features/h5_files/1415392.h5,1005732695,/home/gly001/cqj/data/lung_cancer/ct/processed_ct_64/image/1005732695.npy,1,1.2,3,12988,3.0,1.8749646,1.2,1.0
1415574,/home/gly001/cqj/data/lung_cancer/pathology/clam/uni_features/pt_files/1415574.pt,/home/gly001/cqj/data/lung_cancer/pathology/clam/uni_features/h5_files/1415574.h5,1005733399,/home/gly001/cqj/data/lung_cancer/ct/processed_ct_64/image/1005733399.npy,0,123.7,2,9762,2.0,1.273741,123.7,0.0
1418081,/home/gly001/cqj/data/lung_cancer/pathology/clam/uni_features/pt_files/1418081.pt,/home/gly001/cqj/data/lung_cancer/pathology/clam/uni_features/h5_files/1418081.h5,1005734457,/home/gly001/cqj/data/lung_cancer/ct/processed_ct_64/image/1005734457.npy,1,4.0,-1,8675,,,,
1544448,/home/gly001/cqj/data/lung_cancer/pathology/clam/uni_features/pt_files/1544448.pt,/home/gly001/cqj/data/lung_cancer/pathology/clam/uni_features/h5_files/1544448.h5,1005766985,/home/gly001/cqj/data/lung_cancer/ct/processed_ct_64/image/1005766985.npy,1,4.0,0,6740,0.0,2.6716704,4.0,1.0
1813974,/home/gly001/cqj/data/lung_cancer/pathology/clam/uni_features/pt_files/1813974.pt,/home/gly001/cqj/data/lung_cancer/pathology/clam/uni_features/h5_files/1813974.h5,1005786059,/home/gly001/cqj/data/lung_cancer/ct/processed_ct_64/image/1005786059.npy,0,73.23333333333333,3,14936,3.0,-0.2562247,73.23333,0.0
1428071,/home/gly001/cqj/data/lung_cancer/pathology/clam/uni_features/pt_files/1428071.pt,/home/gly001/cqj/data/lung_cancer/pathology/clam/uni_features/h5_files/1428071.h5,1005800690,/home/gly001/cqj/data/lung_cancer/ct/processed_ct_64/image/1005800690.npy,1,1.4666666666666666,0,14924,0.0,1.1193492,1.4666667,1.0
1428940,/home/gly001/cqj/data/lung_cancer/pathology/clam/uni_features/pt_files/1428940.pt,/home/gly001/cqj/data/lung_cancer/pathology/clam/uni_features/h5_files/1428940.h5,1005801544,/home/gly001/cqj/data/lung_cancer/ct/processed_ct_64/image/1005801544.npy,0,63.0,2,6862,2.0,-0.9055413,63.0,0.0
1432137,/home/gly001/cqj/data/lung_cancer/pathology/clam/uni_features/pt_files/1432137.pt,/home/gly001/cqj/data/lung_cancer/pathology/clam/uni_features/h5_files/1432137.h5,1005806583,/home/gly001/cqj/data/lung_cancer/ct/processed_ct_64/image/1005806583.npy,1,4.0,2,15513,2.0,0.8748331,4.0,1.0
1328201,/home/gly001/cqj/data/lung_cancer/pathology/clam/uni_features/pt_files/1328201.pt,/home/gly001/cqj/data/lung_cancer/pathology/clam/uni_features/h5_files/1328201.h5,1005811804,/home/gly001/cqj/data/lung_cancer/ct/processed_ct_64/image/1005811804.npy,1,20.0,0,14196,0.0,-0.3474499,20.0,1.0
1328129,/home/gly001/cqj/data/lung_cancer/pathology/clam/uni_features/pt_files/1328129.pt,/home/gly001/cqj/data/lung_cancer/pathology/clam/uni_features/h5_files/1328129.h5,1005817703,/home/gly001/cqj/data/lung_cancer/ct/processed_ct_64/image/1005817703.npy,0,35.0,4,11342,4.0,-0.1440495,35.0,0.0
1326471,/home/gly001/cqj/data/lung_cancer/pathology/clam/uni_features/pt_files/1326471.pt,/home/gly001/cqj/data/lung_cancer/pathology/clam/uni_features/h5_files/1326471.h5,1005818613,/home/gly001/cqj/data/lung_cancer/ct/processed_ct_64/image/1005818613.npy,1,11.0,2,13602,2.0,2.3767145,11.0,1.0
1331373,/home/gly001/cqj/data/lung_cancer/pathology/clam/uni_features/pt_files/1331373.pt,/home/gly001/cqj/data/lung_cancer/pathology/clam/uni_features/h5_files/1331373.h5,1005830490,/home/gly001/cqj/data/lung_cancer/ct/processed_ct_64/image/1005830490.npy,1,91.0,3,18912,3.0,-0.5606386,91.0,1.0
1631783,/home/gly001/cqj/data/lung_cancer/pathology/clam/uni_features/pt_files/1631783.pt,/home/gly001/cqj/data/lung_cancer/pathology/clam/uni_features/h5_files/1631783.h5,1005834319,/home/gly001/cqj/data/lung_cancer/ct/processed_ct_64/image/1005834319.npy,1,32.666666666666664,3,12561,3.0,0.31706008,32.666668,1.0
1328197,/home/gly001/cqj/data/lung_cancer/pathology/clam/uni_features/pt_files/1328197.pt,/home/gly001/cqj/data/lung_cancer/pathology/clam/uni_features/h5_files/1328197.h5,1005847699,/home/gly001/cqj/data/lung_cancer/ct/processed_ct_64/image/1005847699.npy,0,130.0,1,15286,1.0,0.74916065,130.0,0.0
1412391,/home/gly001/cqj/data/lung_cancer/pathology/clam/uni_features/pt_files/1412391.pt,/home/gly001/cqj/data/lung_cancer/pathology/clam/uni_features/h5_files/1412391.h5,1005889008,/home/gly001/cqj/data/lung_cancer/ct/processed_ct_64/image/1005889008.npy,0,123.0,-1,11020,,,,
1731145,/home/gly001/cqj/data/lung_cancer/pathology/clam/uni_features/pt_files/1731145.pt,/home/gly001/cqj/data/lung_cancer/pathology/clam/uni_features/h5_files/1731145.h5,1005892111,/home/gly001/cqj/data/lung_cancer/ct/processed_ct_64/image/1005892111.npy,1,9.733333333333333,2,15853,2.0,2.1602273,9.733334,1.0
1419106,/home/gly001/cqj/data/lung_cancer/pathology/clam/uni_features/pt_files/1419106.pt,/home/gly001/cqj/data/lung_cancer/pathology/clam/uni_features/h5_files/1419106.h5,1005906182,/home/gly001/cqj/data/lung_cancer/ct/processed_ct_64/image/1005906182.npy,0,5.333333333333333,-1,12325,,,,
1601451,/home/gly001/cqj/data/lung_cancer/pathology/clam/uni_features/pt_files/1601451.pt,/home/gly001/cqj/data/lung_cancer/pathology/clam/uni_features/h5_files/1601451.h5,1005936258,/home/gly001/cqj/data/lung_cancer/ct/processed_ct_64/image/1005936258.npy,0,5.0,1,13897,1.0,-1.1451585,5.0,0.0
1416489,/home/gly001/cqj/data/lung_cancer/pathology/clam/uni_features/pt_files/1416489.pt,/home/gly001/cqj/data/lung_cancer/pathology/clam/uni_features/h5_files/1416489.h5,1005939889,/home/gly001/cqj/data/lung_cancer/ct/processed_ct_64/image/1005939889.npy,0,53.0,1,13991,1.0,0.8329247,53.0,0.0
1405434,/home/gly001/cqj/data/lung_cancer/pathology/clam/uni_features/pt_files/1405434.pt,/home/gly001/cqj/data/lung_cancer/pathology/clam/uni_features/h5_files/1405434.h5,1005942098,/home/gly001/cqj/data/lung_cancer/ct/processed_ct_64/image/1005942098.npy,0,116.93333333333334,-1,14867,,,,
1830808,/home/gly001/cqj/data/lung_cancer/pathology/clam/uni_features/pt_files/1830808.pt,/home/gly001/cqj/data/lung_cancer/pathology/clam/uni_features/h5_files/1830808.h5,1005978255,/home/gly001/cqj/data/lung_cancer/ct/processed_ct_64/image/1005978255.npy,0,69.0,3,12453,3.0,-1.1023967,69.0,0.0
1941365,/home/gly001/cqj/data/lung_cancer/pathology/clam/uni_features/pt_files/1941365.pt,/home/gly001/cqj/data/lung_cancer/pathology/clam/uni_features/h5_files/1941365.h5,1005993649,/home/gly001/cqj/data/lung_cancer/ct/processed_ct_64/image/1005993649.npy,0,53.0,1,4809,1.0,-2.1463885,53.0,0.0
1701657,/home/gly001/cqj/data/lung_cancer/pathology/clam/uni_features/pt_files/1701657.pt,/home/gly001/cqj/data/lung_cancer/pathology/clam/uni_features/h5_files/1701657.h5,1005999214,/home/gly001/cqj/data/lung_cancer/ct/processed_ct_64/image/1005999214.npy,1,65.86666666666666,3,12089,3.0,0.0211418,65.86667,1.0
1404425,/home/gly001/cqj/data/lung_cancer/pathology/clam/uni_features/pt_files/1404425.pt,/home/gly001/cqj/data/lung_cancer/pathology/clam/uni_features/h5_files/1404425.h5,1006002844,/home/gly001/cqj/data/lung_cancer/ct/processed_ct_64/image/1006002844.npy,0,66.0,0,8704,0.0,0.49297187,66.0,0.0
1327351,/home/gly001/cqj/data/lung_cancer/pathology/clam/uni_features/pt_files/1327351.pt,/home/gly001/cqj/data/lung_cancer/pathology/clam/uni_features/h5_files/1327351.h5,1006027473,/home/gly001/cqj/data/lung_cancer/ct/processed_ct_64/image/1006027473.npy,0,42.0,0,7298,0.0,0.3111599,42.0,0.0
1819647,/home/gly001/cqj/data/lung_cancer/pathology/clam/uni_features/pt_files/1819647.pt,/home/gly001/cqj/data/lung_cancer/pathology/clam/uni_features/h5_files/1819647.h5,1006032953,/home/gly001/cqj/data/lung_cancer/ct/processed_ct_64/image/1006032953.npy,0,62.0,2,14267,2.0,-1.9420273,62.0,0.0
1505082,/home/gly001/cqj/data/lung_cancer/pathology/clam/uni_features/pt_files/1505082.pt,/home/gly001/cqj/data/lung_cancer/pathology/clam/uni_features/h5_files/1505082.h5,1006063922,/home/gly001/cqj/data/lung_cancer/ct/processed_ct_64/image/1006063922.npy,1,19.0,4,11135,4.0,-0.41830334,19.0,1.0
1504898,/home/gly001/cqj/data/lung_cancer/pathology/clam/uni_features/pt_files/1504898.pt,/home/gly001/cqj/data/lung_cancer/pathology/clam/uni_features/h5_files/1504898.h5,1006064333,/home/gly001/cqj/data/lung_cancer/ct/processed_ct_64/image/1006064333.npy,1,39.53333333333333,-1,16903,,,,
1629944,/home/gly001/cqj/data/lung_cancer/pathology/clam/uni_features/pt_files/1629944.pt,/home/gly001/cqj/data/lung_cancer/pathology/clam/uni_features/h5_files/1629944.h5,1006065645,/home/gly001/cqj/data/lung_cancer/ct/processed_ct_64/image/1006065645.npy,1,36.36666666666667,0,16438,0.0,0.12508549,36.366665,1.0
1518924,/home/gly001/cqj/data/lung_cancer/pathology/clam/uni_features/pt_files/1518924.pt,/home/gly001/cqj/data/lung_cancer/pathology/clam/uni_features/h5_files/1518924.h5,1006065919,/home/gly001/cqj/data/lung_cancer/ct/processed_ct_64/image/1006065919.npy,1,5.233333333333333,3,11374,3.0,1.8766462,5.233333,1.0
1925866,/home/gly001/cqj/data/lung_cancer/pathology/clam/uni_features/pt_files/1925866.pt,/home/gly001/cqj/data/lung_cancer/pathology/clam/uni_features/h5_files/1925866.h5,1006066741,/home/gly001/cqj/data/lung_cancer/ct/processed_ct_64/image/1006066741.npy,0,59.0,4,8286,4.0,-2.6246655,59.0,0.0
1514925,/home/gly001/cqj/data/lung_cancer/pathology/clam/uni_features/pt_files/1514925.pt,/home/gly001/cqj/data/lung_cancer/pathology/clam/uni_features/h5_files/1514925.h5,1006076891,/home/gly001/cqj/data/lung_cancer/ct/processed_ct_64/image/1006076891.npy,1,29.2,1,13063,1.0,1.0451366,29.2,1.0
1435084,/home/gly001/cqj/data/lung_cancer/pathology/clam/uni_features/pt_files/1435084.pt,/home/gly001/cqj/data/lung_cancer/pathology/clam/uni_features/h5_files/1435084.h5,1006126017,/home/gly001/cqj/data/lung_cancer/ct/processed_ct_64/image/1006126017.npy,1,36.53333333333333,-1,16147,,,,
1426932,/home/gly001/cqj/data/lung_cancer/pathology/clam/uni_features/pt_files/1426932.pt,/home/gly001/cqj/data/lung_cancer/pathology/clam/uni_features/h5_files/1426932.h5,1006132787,/home/gly001/cqj/data/lung_cancer/ct/processed_ct_64/image/1006132787.npy,0,119.0,0,5906,0.0,0.47195175,119.0,0.0
1426774,/home/gly001/cqj/data/lung_cancer/pathology/clam/uni_features/pt_files/1426774.pt,/home/gly001/cqj/data/lung_cancer/pathology/clam/uni_features/h5_files/1426774.h5,1006140123,/home/gly001/cqj/data/lung_cancer/ct/processed_ct_64/image/1006140123.npy,0,48.0,-1,7547,,,,
1437027,/home/gly001/cqj/data/lung_cancer/pathology/clam/uni_features/pt_files/1437027.pt,/home/gly001/cqj/data/lung_cancer/pathology/clam/uni_features/h5_files/1437027.h5,1006159192,/home/gly001/cqj/data/lung_cancer/ct/processed_ct_64/image/1006159192.npy,0,117.46666666666668,4,13499,4.0,-0.5721673,117.46667,0.0
1436006,/home/gly001/cqj/data/lung_cancer/pathology/clam/uni_features/pt_files/1436006.pt,/home/gly001/cqj/data/lung_cancer/pathology/clam/uni_features/h5_files/1436006.h5,1006161884,/home/gly001/cqj/data/lung_cancer/ct/processed_ct_64/image/1006161884.npy,0,116.0,0,4781,0.0,-0.61818504,116.0,0.0
1433889,/home/gly001/cqj/data/lung_cancer/pathology/clam/uni_features/pt_files/1433889.pt,/home/gly001/cqj/data/lung_cancer/pathology/clam/uni_features/h5_files/1433889.h5,1006163220,/home/gly001/cqj/data/lung_cancer/ct/processed_ct_64/image/1006163220.npy,0,41.1,-1,7931,,,,
1434064,/home/gly001/cqj/data/lung_cancer/pathology/clam/uni_features/pt_files/1434064.pt,/home/gly001/cqj/data/lung_cancer/pathology/clam/uni_features/h5_files/1434064.h5,1006163756,/home/gly001/cqj/data/lung_cancer/ct/processed_ct_64/image/1006163756.npy,0,118.36666666666666,2,11908,2.0,2.119452,118.36667,0.0
1420889,/home/gly001/cqj/data/lung_cancer/pathology/clam/uni_features/pt_files/1420889.pt,/home/gly001/cqj/data/lung_cancer/pathology/clam/uni_features/h5_files/1420889.h5,1006170153,/home/gly001/cqj/data/lung_cancer/ct/processed_ct_64/image/1006170153.npy,1,2.0,-1,6192,,,,
1408153,/home/gly001/cqj/data/lung_cancer/pathology/clam/uni_features/pt_files/1408153.pt,/home/gly001/cqj/data/lung_cancer/pathology/clam/uni_features/h5_files/1408153.h5,1006208537,/home/gly001/cqj/data/lung_cancer/ct/processed_ct_64/image/1006208537.npy,1,116.0,-1,10231,,,,
1616383,/home/gly001/cqj/data/lung_cancer/pathology/clam/uni_features/pt_files/1616383.pt,/home/gly001/cqj/data/lung_cancer/pathology/clam/uni_features/h5_files/1616383.h5,1006236444,/home/gly001/cqj/data/lung_cancer/ct/processed_ct_64/image/1006236444.npy,0,98.0,2,15191,2.0,-2.9329505,98.0,0.0
1724469,/home/gly001/cqj/data/lung_cancer/pathology/clam/uni_features/pt_files/1724469.pt,/home/gly001/cqj/data/lung_cancer/pathology/clam/uni_features/h5_files/1724469.h5,1006378078,/home/gly001/cqj/data/lung_cancer/ct/processed_ct_64/image/1006378078.npy,0,83.0,-1,12905,,,,
1707020,/home/gly001/cqj/data/lung_cancer/pathology/clam/uni_features/pt_files/1707020.pt,/home/gly001/cqj/data/lung_cancer/pathology/clam/uni_features/h5_files/1707020.h5,1006379657,/home/gly001/cqj/data/lung_cancer/ct/processed_ct_64/image/1006379657.npy,0,84.46666666666667,-1,9083,,,,
1718046,/home/gly001/cqj/data/lung_cancer/pathology/clam/uni_features/pt_files/1718046.pt,/home/gly001/cqj/data/lung_cancer/pathology/clam/uni_features/h5_files/1718046.h5,1006384555,/home/gly001/cqj/data/lung_cancer/ct/processed_ct_64/image/1006384555.npy,0,42.0,3,8973,3.0,-0.6331606,42.0,0.0
1723298,/home/gly001/cqj/data/lung_cancer/pathology/clam/uni_features/pt_files/1723298.pt,/home/gly001/cqj/data/lung_cancer/pathology/clam/uni_features/h5_files/1723298.h5,1006398797,/home/gly001/cqj/data/lung_cancer/ct/processed_ct_64/image/1006398797.npy,0,84.0,2,7823,2.0,1.7429879,84.0,0.0
1729395,/home/gly001/cqj/data/lung_cancer/pathology/clam/uni_features/pt_files/1729395.pt,/home/gly001/cqj/data/lung_cancer/pathology/clam/uni_features/h5_files/1729395.h5,1006410886,/home/gly001/cqj/data/lung_cancer/ct/processed_ct_64/image/1006410886.npy,0,83.23333333333333,4,18681,4.0,1.4378728,83.23333,0.0
1729836,/home/gly001/cqj/data/lung_cancer/pathology/clam/uni_features/pt_files/1729836.pt,/home/gly001/cqj/data/lung_cancer/pathology/clam/uni_features/h5_files/1729836.h5,1006413233,/home/gly001/cqj/data/lung_cancer/ct/processed_ct_64/image/1006413233.npy,0,82.0,1,8824,1.0,-1.2115818,82.0,0.0
1640855,/home/gly001/cqj/data/lung_cancer/pathology/clam/uni_features/pt_files/1640855.pt,/home/gly001/cqj/data/lung_cancer/pathology/clam/uni_features/h5_files/1640855.h5,1006434142,/home/gly001/cqj/data/lung_cancer/ct/processed_ct_64/image/1006434142.npy,0,64.0,0,10595,0.0,-0.49474058,64.0,0.0
1639521,/home/gly001/cqj/data/lung_cancer/pathology/clam/uni_features/pt_files/1639521.pt,/home/gly001/cqj/data/lung_cancer/pathology/clam/uni_features/h5_files/1639521.h5,1006436729,/home/gly001/cqj/data/lung_cancer/ct/processed_ct_64/image/1006436729.npy,0,62.833333333333336,4,8029,4.0,-0.12106901,62.833332,0.0
1812325,/home/gly001/cqj/data/lung_cancer/pathology/clam/uni_features/pt_files/1812325.pt,/home/gly001/cqj/data/lung_cancer/pathology/clam/uni_features/h5_files/1812325.h5,1006467792,/home/gly001/cqj/data/lung_cancer/ct/processed_ct_64/image/1006467792.npy,1,39.06666666666667,0,13854,0.0,0.53614306,39.066666,1.0
1809921,/home/gly001/cqj/data/lung_cancer/pathology/clam/uni_features/pt_files/1809921.pt,/home/gly001/cqj/data/lung_cancer/pathology/clam/uni_features/h5_files/1809921.h5,1006467872,/home/gly001/cqj/data/lung_cancer/ct/processed_ct_64/image/1006467872.npy,0,14.0,0,5633,0.0,-0.2824792,14.0,0.0
1824307,/home/gly001/cqj/data/lung_cancer/pathology/clam/uni_features/pt_files/1824307.pt,/home/gly001/cqj/data/lung_cancer/pathology/clam/uni_features/h5_files/1824307.h5,1006468654,/home/gly001/cqj/data/lung_cancer/ct/processed_ct_64/image/1006468654.npy,1,22.0,0,17290,0.0,-3.4941201,22.0,1.0
1832551,/home/gly001/cqj/data/lung_cancer/pathology/clam/uni_features/pt_files/1832551.pt,/home/gly001/cqj/data/lung_cancer/pathology/clam/uni_features/h5_files/1832551.h5,1006471014,/home/gly001/cqj/data/lung_cancer/ct/processed_ct_64/image/1006471014.npy,0,66.0,4,6217,4.0,-1.921604,66.0,0.0
1833112,/home/gly001/cqj/data/lung_cancer/pathology/clam/uni_features/pt_files/1833112.pt,/home/gly001/cqj/data/lung_cancer/pathology/clam/uni_features/h5_files/1833112.h5,1006471708,/home/gly001/cqj/data/lung_cancer/ct/processed_ct_64/image/1006471708.npy,0,67.0,2,13486,2.0,-2.2343922,67.0,0.0
1635994,/home/gly001/cqj/data/lung_cancer/pathology/clam/uni_features/pt_files/1635994.pt,/home/gly001/cqj/data/lung_cancer/pathology/clam/uni_features/h5_files/1635994.h5,1006482596,/home/gly001/cqj/data/lung_cancer/ct/processed_ct_64/image/1006482596.npy,0,67.0,4,16304,4.0,0.9632853,67.0,0.0
1634777,/home/gly001/cqj/data/lung_cancer/pathology/clam/uni_features/pt_files/1634777.pt,/home/gly001/cqj/data/lung_cancer/pathology/clam/uni_features/h5_files/1634777.h5,1006483903,/home/gly001/cqj/data/lung_cancer/ct/processed_ct_64/image/1006483903.npy,1,35.7,3,12336,3.0,0.41943595,35.7,1.0
1808019,/home/gly001/cqj/data/lung_cancer/pathology/clam/uni_features/pt_files/1808019.pt,/home/gly001/cqj/data/lung_cancer/pathology/clam/uni_features/h5_files/1808019.h5,1006487902,/home/gly001/cqj/data/lung_cancer/ct/processed_ct_64/image/1006487902.npy,1,10.033333333333331,0,14928,0.0,-0.4188667,10.033334,1.0
1714198,/home/gly001/cqj/data/lung_cancer/pathology/clam/uni_features/pt_files/1714198.pt,/home/gly001/cqj/data/lung_cancer/pathology/clam/uni_features/h5_files/1714198.h5,1006488765,/home/gly001/cqj/data/lung_cancer/ct/processed_ct_64/image/1006488765.npy,1,79.9,2,5363,2.0,1.3154571,79.9,1.0
1715442,/home/gly001/cqj/data/lung_cancer/pathology/clam/uni_features/pt_files/1715442.pt,/home/gly001/cqj/data/lung_cancer/pathology/clam/uni_features/h5_files/1715442.h5,1006488915,/home/gly001/cqj/data/lung_cancer/ct/processed_ct_64/image/1006488915.npy,0,87.23333333333333,2,8496,2.0,-0.22135462,87.23333,0.0
1709370,/home/gly001/cqj/data/lung_cancer/pathology/clam/uni_features/pt_files/1709370.pt,/home/gly001/cqj/data/lung_cancer/pathology/clam/uni_features/h5_files/1709370.h5,1006489965,/home/gly001/cqj/data/lung_cancer/ct/processed_ct_64/image/1006489965.npy,1,31.0,2,15531,2.0,-1.8770846,31.0,1.0
1709516,/home/gly001/cqj/data/lung_cancer/pathology/clam/uni_features/pt_files/1709516.pt,/home/gly001/cqj/data/lung_cancer/pathology/clam/uni_features/h5_files/1709516.h5,1006491101,/home/gly001/cqj/data/lung_cancer/ct/processed_ct_64/image/1006491101.npy,0,87.0,4,4714,4.0,-2.6917782,87.0,0.0
1717129,/home/gly001/cqj/data/lung_cancer/pathology/clam/uni_features/pt_files/1717129.pt,/home/gly001/cqj/data/lung_cancer/pathology/clam/uni_features/h5_files/1717129.h5,1006496098,/home/gly001/cqj/data/lung_cancer/ct/processed_ct_64/image/1006496098.npy,1,26.433333333333334,2,8347,2.0,1.3618355,26.433332,1.0
1737719,/home/gly001/cqj/data/lung_cancer/pathology/clam/uni_features/pt_files/1737719.pt,/home/gly001/cqj/data/lung_cancer/pathology/clam/uni_features/h5_files/1737719.h5,1006501584,/home/gly001/cqj/data/lung_cancer/ct/processed_ct_64/image/1006501584.npy,0,74.0,1,21316,1.0,-1.2172738,74.0,0.0
1732959,/home/gly001/cqj/data/lung_cancer/pathology/clam/uni_features/pt_files/1732959.pt,/home/gly001/cqj/data/lung_cancer/pathology/clam/uni_features/h5_files/1732959.h5,1006503606,/home/gly001/cqj/data/lung_cancer/ct/processed_ct_64/image/1006503606.npy,0,79.0,1,10457,1.0,-0.9206131,79.0,0.0
1737299,/home/gly001/cqj/data/lung_cancer/pathology/clam/uni_features/pt_files/1737299.pt,/home/gly001/cqj/data/lung_cancer/pathology/clam/uni_features/h5_files/1737299.h5,1006508378,/home/gly001/cqj/data/lung_cancer/ct/processed_ct_64/image/1006508378.npy,0,80.0,-1,5684,,,,
1919248,/home/gly001/cqj/data/lung_cancer/pathology/clam/uni_features/pt_files/1919248.pt,/home/gly001/cqj/data/lung_cancer/pathology/clam/uni_features/h5_files/1919248.h5,1006511322,/home/gly001/cqj/data/lung_cancer/ct/processed_ct_64/image/1006511322.npy,0,61.0,2,11925,2.0,-0.2977849,61.0,0.0
1800039,/home/gly001/cqj/data/lung_cancer/pathology/clam/uni_features/pt_files/1800039.pt,/home/gly001/cqj/data/lung_cancer/pathology/clam/uni_features/h5_files/1800039.h5,1006514018,/home/gly001/cqj/data/lung_cancer/ct/processed_ct_64/image/1006514018.npy,0,79.0,3,9475,3.0,-0.8081876,79.0,0.0
1802590,/home/gly001/cqj/data/lung_cancer/pathology/clam/uni_features/pt_files/1802590.pt,/home/gly001/cqj/data/lung_cancer/pathology/clam/uni_features/h5_files/1802590.h5,1006516660,/home/gly001/cqj/data/lung_cancer/ct/processed_ct_64/image/1006516660.npy,0,78.0,4,10159,4.0,-1.4984965,78.0,0.0
1800145,/home/gly001/cqj/data/lung_cancer/pathology/clam/uni_features/pt_files/1800145.pt,/home/gly001/cqj/data/lung_cancer/pathology/clam/uni_features/h5_files/1800145.h5,1006516673,/home/gly001/cqj/data/lung_cancer/ct/processed_ct_64/image/1006516673.npy,1,18.466666666666665,-1,14020,,,,
1801603,/home/gly001/cqj/data/lung_cancer/pathology/clam/uni_features/pt_files/1801603.pt,/home/gly001/cqj/data/lung_cancer/pathology/clam/uni_features/h5_files/1801603.h5,1006519061,/home/gly001/cqj/data/lung_cancer/ct/processed_ct_64/image/1006519061.npy,0,65.0,3,13654,3.0,-2.273518,65.0,0.0
1837198,/home/gly001/cqj/data/lung_cancer/pathology/clam/uni_features/pt_files/1837198.pt,/home/gly001/cqj/data/lung_cancer/pathology/clam/uni_features/h5_files/1837198.h5,1006519147,/home/gly001/cqj/data/lung_cancer/ct/processed_ct_64/image/1006519147.npy,0,65.0,0,8941,0.0,-2.1255913,65.0,0.0
1842045,/home/gly001/cqj/data/lung_cancer/pathology/clam/uni_features/pt_files/1842045.pt,/home/gly001/cqj/data/lung_cancer/pathology/clam/uni_features/h5_files/1842045.h5,1006541384,/home/gly001/cqj/data/lung_cancer/ct/processed_ct_64/image/1006541384.npy,0,67.6,2,16743,2.0,0.50376296,67.6,0.0
1700425,/home/gly001/cqj/data/lung_cancer/pathology/clam/uni_features/pt_files/1700425.pt,/home/gly001/cqj/data/lung_cancer/pathology/clam/uni_features/h5_files/1700425.h5,1006545490,/home/gly001/cqj/data/lung_cancer/ct/processed_ct_64/image/1006545490.npy,0,90.0,3,12450,3.0,-1.3880591,90.0,0.0
1706146,/home/gly001/cqj/data/lung_cancer/pathology/clam/uni_features/pt_files/1706146.pt,/home/gly001/cqj/data/lung_cancer/pathology/clam/uni_features/h5_files/1706146.h5,1006546658,/home/gly001/cqj/data/lung_cancer/ct/processed_ct_64/image/1006546658.npy,0,87.96666666666667,3,14795,3.0,-0.4657891,87.96667,0.0
1709575,/home/gly001/cqj/data/lung_cancer/pathology/clam/uni_features/pt_files/1709575.pt,/home/gly001/cqj/data/lung_cancer/pathology/clam/uni_features/h5_files/1709575.h5,1006555404,/home/gly001/cqj/data/lung_cancer/ct/processed_ct_64/image/1006555404.npy,0,84.0,-1,21756,,,,
1628522,/home/gly001/cqj/data/lung_cancer/pathology/clam/uni_features/pt_files/1628522.pt,/home/gly001/cqj/data/lung_cancer/pathology/clam/uni_features/h5_files/1628522.h5,1006573697,/home/gly001/cqj/data/lung_cancer/ct/processed_ct_64/image/1006573697.npy,0,78.0,1,17897,1.0,-1.6936115,78.0,0.0
1627584,/home/gly001/cqj/data/lung_cancer/pathology/clam/uni_features/pt_files/1627584.pt,/home/gly001/cqj/data/lung_cancer/pathology/clam/uni_features/h5_files/1627584.h5,1006573998,/home/gly001/cqj/data/lung_cancer/ct/processed_ct_64/image/1006573998.npy,1,74.4,2,15186,2.0,0.8157714,74.4,1.0
1627770,/home/gly001/cqj/data/lung_cancer/pathology/clam/uni_features/pt_files/1627770.pt,/home/gly001/cqj/data/lung_cancer/pathology/clam/uni_features/h5_files/1627770.h5,1006576337,/home/gly001/cqj/data/lung_cancer/ct/processed_ct_64/image/1006576337.npy,0,71.0,1,9432,1.0,-0.93677485,71.0,0.0
1627515,/home/gly001/cqj/data/lung_cancer/pathology/clam/uni_features/pt_files/1627515.pt,/home/gly001/cqj/data/lung_cancer/pathology/clam/uni_features/h5_files/1627515.h5,1006577644,/home/gly001/cqj/data/lung_cancer/ct/processed_ct_64/image/1006577644.npy,0,82.3,1,9502,1.0,-0.7683005,82.3,0.0
1701088,/home/gly001/cqj/data/lung_cancer/pathology/clam/uni_features/pt_files/1701088.pt,/home/gly001/cqj/data/lung_cancer/pathology/clam/uni_features/h5_files/1701088.h5,1006578001,/home/gly001/cqj/data/lung_cancer/ct/processed_ct_64/image/1006578001.npy,0,30.0,-1,16559,,,,
1632024,/home/gly001/cqj/data/lung_cancer/pathology/clam/uni_features/pt_files/1632024.pt,/home/gly001/cqj/data/lung_cancer/pathology/clam/uni_features/h5_files/1632024.h5,1006578336,/home/gly001/cqj/data/lung_cancer/ct/processed_ct_64/image/1006578336.npy,1,3.533333333333333,-1,16804,,,,
1639538,/home/gly001/cqj/data/lung_cancer/pathology/clam/uni_features/pt_files/1639538.pt,/home/gly001/cqj/data/lung_cancer/pathology/clam/uni_features/h5_files/1639538.h5,1006578467,/home/gly001/cqj/data/lung_cancer/ct/processed_ct_64/image/1006578467.npy,0,33.0,0,12467,0.0,0.16521652,33.0,0.0
1633007,/home/gly001/cqj/data/lung_cancer/pathology/clam/uni_features/pt_files/1633007.pt,/home/gly001/cqj/data/lung_cancer/pathology/clam/uni_features/h5_files/1633007.h5,1006579825,/home/gly001/cqj/data/lung_cancer/ct/processed_ct_64/image/1006579825.npy,1,7.033333333333333,4,19225,4.0,2.660363,7.0333333,1.0
1637625,/home/gly001/cqj/data/lung_cancer/pathology/clam/uni_features/pt_files/1637625.pt,/home/gly001/cqj/data/lung_cancer/pathology/clam/uni_features/h5_files/1637625.h5,1006582887,/home/gly001/cqj/data/lung_cancer/ct/processed_ct_64/image/1006582887.npy,1,10.6,1,10439,1.0,-0.9731654,10.6,1.0
1632515,/home/gly001/cqj/data/lung_cancer/pathology/clam/uni_features/pt_files/1632515.pt,/home/gly001/cqj/data/lung_cancer/pathology/clam/uni_features/h5_files/1632515.h5,1006586621,/home/gly001/cqj/data/lung_cancer/ct/processed_ct_64/image/1006586621.npy,1,8.033333333333333,4,9727,4.0,2.381379,8.033334,1.0
1637858,/home/gly001/cqj/data/lung_cancer/pathology/clam/uni_features/pt_files/1637858.pt,/home/gly001/cqj/data/lung_cancer/pathology/clam/uni_features/h5_files/1637858.h5,1006593174,/home/gly001/cqj/data/lung_cancer/ct/processed_ct_64/image/1006593174.npy,1,66.0,-1,20031,,,,
1638866,/home/gly001/cqj/data/lung_cancer/pathology/clam/uni_features/pt_files/1638866.pt,/home/gly001/cqj/data/lung_cancer/pathology/clam/uni_features/h5_files/1638866.h5,1006594059,/home/gly001/cqj/data/lung_cancer/ct/processed_ct_64/image/1006594059.npy,1,24.433333333333334,-1,16867,,,,
1637859,/home/gly001/cqj/data/lung_cancer/pathology/clam/uni_features/pt_files/1637859.pt,/home/gly001/cqj/data/lung_cancer/pathology/clam/uni_features/h5_files/1637859.h5,1006594648,/home/gly001/cqj/data/lung_cancer/ct/processed_ct_64/image/1006594648.npy,0,83.0,1,15231,1.0,-1.3550352,83.0,0.0
1701654,/home/gly001/cqj/data/lung_cancer/pathology/clam/uni_features/pt_files/1701654.pt,/home/gly001/cqj/data/lung_cancer/pathology/clam/uni_features/h5_files/1701654.h5,1006601089,/home/gly001/cqj/data/lung_cancer/ct/processed_ct_64/image/1006601089.npy,0,90.0,1,3454,1.0,-0.6173489,90.0,0.0
1641941,/home/gly001/cqj/data/lung_cancer/pathology/clam/uni_features/pt_files/1641941.pt,/home/gly001/cqj/data/lung_cancer/pathology/clam/uni_features/h5_files/1641941.h5,1006601891,/home/gly001/cqj/data/lung_cancer/ct/processed_ct_64/image/1006601891.npy,1,77.43333333333334,4,19510,4.0,-0.48126113,77.433334,1.0
1701407,/home/gly001/cqj/data/lung_cancer/pathology/clam/uni_features/pt_files/1701407.pt,/home/gly001/cqj/data/lung_cancer/pathology/clam/uni_features/h5_files/1701407.h5,1006601907,/home/gly001/cqj/data/lung_cancer/ct/processed_ct_64/image/1006601907.npy,0,62.2,1,17360,1.0,-0.41666573,62.2,0.0
1702123,/home/gly001/cqj/data/lung_cancer/pathology/clam/uni_features/pt_files/1702123.pt,/home/gly001/cqj/data/lung_cancer/pathology/clam/uni_features/h5_files/1702123.h5,1006605431,/home/gly001/cqj/data/lung_cancer/ct/processed_ct_64/image/1006605431.npy,0,42.0,0,4053,0.0,-0.8588934,42.0,0.0
1706275,/home/gly001/cqj/data/lung_cancer/pathology/clam/uni_features/pt_files/1706275.pt,/home/gly001/cqj/data/lung_cancer/pathology/clam/uni_features/h5_files/1706275.h5,1006614031,/home/gly001/cqj/data/lung_cancer/ct/processed_ct_64/image/1006614031.npy,1,64.0,1,8577,1.0,0.04597061,64.0,1.0
1707353,/home/gly001/cqj/data/lung_cancer/pathology/clam/uni_features/pt_files/1707353.pt,/home/gly001/cqj/data/lung_cancer/pathology/clam/uni_features/h5_files/1707353.h5,1006615229,/home/gly001/cqj/data/lung_cancer/ct/processed_ct_64/image/1006615229.npy,1,39.16666666666666,0,11020,0.0,1.3463099,39.166668,1.0
1904645,/home/gly001/cqj/data/lung_cancer/pathology/clam/uni_features/pt_files/1904645.pt,/home/gly001/cqj/data/lung_cancer/pathology/clam/uni_features/h5_files/1904645.h5,1006630704,/home/gly001/cqj/data/lung_cancer/ct/processed_ct_64/image/1006630704.npy,0,64.0,4,11160,4.0,-0.011487104,64.0,0.0
1903106,/home/gly001/cqj/data/lung_cancer/pathology/clam/uni_features/pt_files/1903106.pt,/home/gly001/cqj/data/lung_cancer/pathology/clam/uni_features/h5_files/1903106.h5,1006634948,/home/gly001/cqj/data/lung_cancer/ct/processed_ct_64/image/1006634948.npy,0,62.73333333333333,2,20125,2.0,1.7246516,62.733334,0.0
1901876,/home/gly001/cqj/data/lung_cancer/pathology/clam/uni_features/pt_files/1901876.pt,/home/gly001/cqj/data/lung_cancer/pathology/clam/uni_features/h5_files/1901876.h5,1006635407,/home/gly001/cqj/data/lung_cancer/ct/processed_ct_64/image/1006635407.npy,0,41.0,4,12583,4.0,1.579614,41.0,0.0
1930003,/home/gly001/cqj/data/lung_cancer/pathology/clam/uni_features/pt_files/1930003.pt,/home/gly001/cqj/data/lung_cancer/pathology/clam/uni_features/h5_files/1930003.h5,1006645482,/home/gly001/cqj/data/lung_cancer/ct/processed_ct_64/image/1006645482.npy,0,58.0,4,7409,4.0,2.560316,58.0,0.0
1929136,/home/gly001/cqj/data/lung_cancer/pathology/clam/uni_features/pt_files/1929136.pt,/home/gly001/cqj/data/lung_cancer/pathology/clam/uni_features/h5_files/1929136.h5,1006645696,/home/gly001/cqj/data/lung_cancer/ct/processed_ct_64/image/1006645696.npy,0,58.0,3,4992,3.0,-2.8137264,58.0,0.0
1928673,/home/gly001/cqj/data/lung_cancer/pathology/clam/uni_features/pt_files/1928673.pt,/home/gly001/cqj/data/lung_cancer/pathology/clam/uni_features/h5_files/1928673.h5,1006653026,/home/gly001/cqj/data/lung_cancer/ct/processed_ct_64/image/1006653026.npy,0,58.0,0,13101,0.0,-0.8627747,58.0,0.0
1623763,/home/gly001/cqj/data/lung_cancer/pathology/clam/uni_features/pt_files/1623763.pt,/home/gly001/cqj/data/lung_cancer/pathology/clam/uni_features/h5_files/1623763.h5,1006664263,/home/gly001/cqj/data/lung_cancer/ct/processed_ct_64/image/1006664263.npy,0,97.4,4,12131,4.0,1.2820705,97.4,0.0
1701044,/home/gly001/cqj/data/lung_cancer/pathology/clam/uni_features/pt_files/1701044.pt,/home/gly001/cqj/data/lung_cancer/pathology/clam/uni_features/h5_files/1701044.h5,1006673281,/home/gly001/cqj/data/lung_cancer/ct/processed_ct_64/image/1006673281.npy,0,63.06666666666667,4,14953,4.0,1.3594044,63.066666,0.0
1641093,/home/gly001/cqj/data/lung_cancer/pathology/clam/uni_features/pt_files/1641093.pt,/home/gly001/cqj/data/lung_cancer/pathology/clam/uni_features/h5_files/1641093.h5,1006680634,/home/gly001/cqj/data/lung_cancer/ct/processed_ct_64/image/1006680634.npy,0,28.0,4,11736,4.0,-1.5379852,28.0,0.0
1642609,/home/gly001/cqj/data/lung_cancer/pathology/clam/uni_features/pt_files/1642609.pt,/home/gly001/cqj/data/lung_cancer/pathology/clam/uni_features/h5_files/1642609.h5,1006688506,/home/gly001/cqj/data/lung_cancer/ct/processed_ct_64/image/1006688506.npy,0,52.0,-1,8962,,,,
1734705,/home/gly001/cqj/data/lung_cancer/pathology/clam/uni_features/pt_files/1734705.pt,/home/gly001/cqj/data/lung_cancer/pathology/clam/uni_features/h5_files/1734705.h5,1006718517,/home/gly001/cqj/data/lung_cancer/ct/processed_ct_64/image/1006718517.npy,0,71.0,0,8395,0.0,-2.9412322,71.0,0.0
1740419,/home/gly001/cqj/data/lung_cancer/pathology/clam/uni_features/pt_files/1740419.pt,/home/gly001/cqj/data/lung_cancer/pathology/clam/uni_features/h5_files/1740419.h5,1006731025,/home/gly001/cqj/data/lung_cancer/ct/processed_ct_64/image/1006731025.npy,0,79.0,-1,8226,,,,
1804298,/home/gly001/cqj/data/lung_cancer/pathology/clam/uni_features/pt_files/1804298.pt,/home/gly001/cqj/data/lung_cancer/pathology/clam/uni_features/h5_files/1804298.h5,1006731670,/home/gly001/cqj/data/lung_cancer/ct/processed_ct_64/image/1006731670.npy,0,78.0,3,13776,3.0,-2.3865356,78.0,0.0
1805825,/home/gly001/cqj/data/lung_cancer/pathology/clam/uni_features/pt_files/1805825.pt,/home/gly001/cqj/data/lung_cancer/pathology/clam/uni_features/h5_files/1805825.h5,1006734385,/home/gly001/cqj/data/lung_cancer/ct/processed_ct_64/image/1006734385.npy,1,57.0,4,10219,4.0,1.4249979,57.0,1.0
1814670,/home/gly001/cqj/data/lung_cancer/pathology/clam/uni_features/pt_files/1814670.pt,/home/gly001/cqj/data/lung_cancer/pathology/clam/uni_features/h5_files/1814670.h5,1006737328,/home/gly001/cqj/data/lung_cancer/ct/processed_ct_64/image/1006737328.npy,1,1.0,4,13109,4.0,0.75458986,1.0,1.0
1821568,/home/gly001/cqj/data/lung_cancer/pathology/clam/uni_features/pt_files/1821568.pt,/home/gly001/cqj/data/lung_cancer/pathology/clam/uni_features/h5_files/1821568.h5,1006743677,/home/gly001/cqj/data/lung_cancer/ct/processed_ct_64/image/1006743677.npy,0,72.0,3,14435,3.0,0.17084578,72.0,0.0
1830473,/home/gly001/cqj/data/lung_cancer/pathology/clam/uni_features/pt_files/1830473.pt,/home/gly001/cqj/data/lung_cancer/pathology/clam/uni_features/h5_files/1830473.h5,1006754359,/home/gly001/cqj/data/lung_cancer/ct/processed_ct_64/image/1006754359.npy,1,44.0,4,10149,4.0,-0.6308272,44.0,1.0
1840236,/home/gly001/cqj/data/lung_cancer/pathology/clam/uni_features/pt_files/1840236.pt,/home/gly001/cqj/data/lung_cancer/pathology/clam/uni_features/h5_files/1840236.h5,1006757891,/home/gly001/cqj/data/lung_cancer/ct/processed_ct_64/image/1006757891.npy,0,63.7,1,20414,1.0,0.2852721,63.7,0.0
1839827,/home/gly001/cqj/data/lung_cancer/pathology/clam/uni_features/pt_files/1839827.pt,/home/gly001/cqj/data/lung_cancer/pathology/clam/uni_features/h5_files/1839827.h5,1006758815,/home/gly001/cqj/data/lung_cancer/ct/processed_ct_64/image/1006758815.npy,0,67.0,3,17829,3.0,-0.5198823,67.0,0.0
1612521,/home/gly001/cqj/data/lung_cancer/pathology/clam/uni_features/pt_files/1612521.pt,/home/gly001/cqj/data/lung_cancer/pathology/clam/uni_features/h5_files/1612521.h5,1006784352,/home/gly001/cqj/data/lung_cancer/ct/processed_ct_64/image/1006784352.npy,0,100.56666666666666,0,13886,0.0,1.3193235,100.566666,0.0
1728790,/home/gly001/cqj/data/lung_cancer/pathology/clam/uni_features/pt_files/1728790.pt,/home/gly001/cqj/data/lung_cancer/pathology/clam/uni_features/h5_files/1728790.h5,1006819447,/home/gly001/cqj/data/lung_cancer/ct/processed_ct_64/image/1006819447.npy,0,32.4,0,11634,0.0,-1.4516531,32.4,0.0
1841195,/home/gly001/cqj/data/lung_cancer/pathology/clam/uni_features/pt_files/1841195.pt,/home/gly001/cqj/data/lung_cancer/pathology/clam/uni_features/h5_files/1841195.h5,1006839253,/home/gly001/cqj/data/lung_cancer/ct/processed_ct_64/image/1006839253.npy,0,60.0,4,7853,4.0,-1.9677072,60.0,0.0
1732426,/home/gly001/cqj/data/lung_cancer/pathology/clam/uni_features/pt_files/1732426.pt,/home/gly001/cqj/data/lung_cancer/pathology/clam/uni_features/h5_files/1732426.h5,1006906098,/home/gly001/cqj/data/lung_cancer/ct/processed_ct_64/image/1006906098.npy,1,10.266666666666667,2,18903,2.0,0.028876081,10.266666,1.0
1841143,/home/gly001/cqj/data/lung_cancer/pathology/clam/uni_features/pt_files/1841143.pt,/home/gly001/cqj/data/lung_cancer/pathology/clam/uni_features/h5_files/1841143.h5,1006909280,/home/gly001/cqj/data/lung_cancer/ct/processed_ct_64/image/1006909280.npy,0,67.0,0,7292,0.0,-2.6099825,67.0,0.0
1909993,/home/gly001/cqj/data/lung_cancer/pathology/clam/uni_features/pt_files/1909993.pt,/home/gly001/cqj/data/lung_cancer/pathology/clam/uni_features/h5_files/1909993.h5,1006947798,/home/gly001/cqj/data/lung_cancer/ct/processed_ct_64/image/1006947798.npy,1,56.0,2,9092,2.0,0.7092223,56.0,1.0
1716026,/home/gly001/cqj/data/lung_cancer/pathology/clam/uni_features/pt_files/1716026.pt,/home/gly001/cqj/data/lung_cancer/pathology/clam/uni_features/h5_files/1716026.h5,1006958315,/home/gly001/cqj/data/lung_cancer/ct/processed_ct_64/image/1006958315.npy,1,16.2,3,19655,3.0,1.3200297,16.2,1.0
1822671,/home/gly001/cqj/data/lung_cancer/pathology/clam/uni_features/pt_files/1822671.pt,/home/gly001/cqj/data/lung_cancer/pathology/clam/uni_features/h5_files/1822671.h5,1006971572,/home/gly001/cqj/data/lung_cancer/ct/processed_ct_64/image/1006971572.npy,0,64.0,-1,11828,,,,
1911518,/home/gly001/cqj/data/lung_cancer/pathology/clam/uni_features/pt_files/1911518.pt,/home/gly001/cqj/data/lung_cancer/pathology/clam/uni_features/h5_files/1911518.h5,1006999308,/home/gly001/cqj/data/lung_cancer/ct/processed_ct_64/image/1006999308.npy,0,44.0,-1,12665,,,,
1738633,/home/gly001/cqj/data/lung_cancer/pathology/clam/uni_features/pt_files/1738633.pt,/home/gly001/cqj/data/lung_cancer/pathology/clam/uni_features/h5_files/1738633.h5,1007003467,/home/gly001/cqj/data/lung_cancer/ct/processed_ct_64/image/1007003467.npy,0,19.0,4,23400,4.0,0.25013816,19.0,0.0
1520643,/home/gly001/cqj/data/lung_cancer/pathology/clam/uni_features/pt_files/1520643.pt,/home/gly001/cqj/data/lung_cancer/pathology/clam/uni_features/h5_files/1520643.h5,1007040307,/home/gly001/cqj/data/lung_cancer/ct/processed_ct_64/image/1007040307.npy,0,109.0,2,18038,2.0,-0.8439348,109.0,0.0
1504785,/home/gly001/cqj/data/lung_cancer/pathology/clam/uni_features/pt_files/1504785.pt,/home/gly001/cqj/data/lung_cancer/pathology/clam/uni_features/h5_files/1504785.h5,1007079889,/home/gly001/cqj/data/lung_cancer/ct/processed_ct_64/image/1007079889.npy,1,1.4333333333333331,1,15951,1.0,0.29897738,1.4333333,1.0
1641142,/home/gly001/cqj/data/lung_cancer/pathology/clam/uni_features/pt_files/1641142.pt,/home/gly001/cqj/data/lung_cancer/pathology/clam/uni_features/h5_files/1641142.h5,1007096336,/home/gly001/cqj/data/lung_cancer/ct/processed_ct_64/image/1007096336.npy,0,92.4,3,15231,3.0,-0.7130669,92.4,0.0
1607015,/home/gly001/cqj/data/lung_cancer/pathology/clam/uni_features/pt_files/1607015.pt,/home/gly001/cqj/data/lung_cancer/pathology/clam/uni_features/h5_files/1607015.h5,1007103761,/home/gly001/cqj/data/lung_cancer/ct/processed_ct_64/image/1007103761.npy,1,72.0,4,13809,4.0,-0.55128986,72.0,1.0
1612041,/home/gly001/cqj/data/lung_cancer/pathology/clam/uni_features/pt_files/1612041.pt,/home/gly001/cqj/data/lung_cancer/pathology/clam/uni_features/h5_files/1612041.h5,1007122323,/home/gly001/cqj/data/lung_cancer/ct/processed_ct_64/image/1007122323.npy,0,100.7,3,17065,3.0,0.39536855,100.7,0.0
1617776,/home/gly001/cqj/data/lung_cancer/pathology/clam/uni_features/pt_files/1617776.pt,/home/gly001/cqj/data/lung_cancer/pathology/clam/uni_features/h5_files/1617776.h5,1007122715,/home/gly001/cqj/data/lung_cancer/ct/processed_ct_64/image/1007122715.npy,0,26.0,-1,16251,,,,
1621584,/home/gly001/cqj/data/lung_cancer/pathology/clam/uni_features/pt_files/1621584.pt,/home/gly001/cqj/data/lung_cancer/pathology/clam/uni_features/h5_files/1621584.h5,1007133309,/home/gly001/cqj/data/lung_cancer/ct/processed_ct_64/image/1007133309.npy,1,21.7,2,12580,2.0,0.0065442165,21.7,1.0
1617984,/home/gly001/cqj/data/lung_cancer/pathology/clam/uni_features/pt_files/1617984.pt,/home/gly001/cqj/data/lung_cancer/pathology/clam/uni_features/h5_files/1617984.h5,1007134776,/home/gly001/cqj/data/lung_cancer/ct/processed_ct_64/image/1007134776.npy,0,40.86666666666667,0,13298,0.0,-0.14867856,40.866665,0.0
1519591,/home/gly001/cqj/data/lung_cancer/pathology/clam/uni_features/pt_files/1519591.pt,/home/gly001/cqj/data/lung_cancer/pathology/clam/uni_features/h5_files/1519591.h5,1007138899,/home/gly001/cqj/data/lung_cancer/ct/processed_ct_64/image/1007138899.npy,1,42.7,3,12338,3.0,-0.315077,42.7,1.0
1518276,/home/gly001/cqj/data/lung_cancer/pathology/clam/uni_features/pt_files/1518276.pt,/home/gly001/cqj/data/lung_cancer/pathology/clam/uni_features/h5_files/1518276.h5,1007139696,/home/gly001/cqj/data/lung_cancer/ct/processed_ct_64/image/1007139696.npy,1,15.0,1,15457,1.0,0.0140594,15.0,1.0
1519784,/home/gly001/cqj/data/lung_cancer/pathology/clam/uni_features/pt_files/1519784.pt,/home/gly001/cqj/data/lung_cancer/pathology/clam/uni_features/h5_files/1519784.h5,1007139874,/home/gly001/cqj/data/lung_cancer/ct/processed_ct_64/image/1007139874.npy,1,15.5,1,3866,1.0,-0.58417684,15.5,1.0
1520463,/home/gly001/cqj/data/lung_cancer/pathology/clam/uni_features/pt_files/1520463.pt,/home/gly001/cqj/data/lung_cancer/pathology/clam/uni_features/h5_files/1520463.h5,1007140944,/home/gly001/cqj/data/lung_cancer/ct/processed_ct_64/image/1007140944.npy,0,110.76666666666668,0,11576,0.0,0.68165886,110.76667,0.0
1526129,/home/gly001/cqj/data/lung_cancer/pathology/clam/uni_features/pt_files/1526129.pt,/home/gly001/cqj/data/lung_cancer/pathology/clam/uni_features/h5_files/1526129.h5,1007155125,/home/gly001/cqj/data/lung_cancer/ct/processed_ct_64/image/1007155125.npy,0,33.666666666666664,-1,11904,,,,
1818151,/home/gly001/cqj/data/lung_cancer/pathology/clam/uni_features/pt_files/1818151.pt,/home/gly001/cqj/data/lung_cancer/pathology/clam/uni_features/h5_files/1818151.h5,1007157248,/home/gly001/cqj/data/lung_cancer/ct/processed_ct_64/image/1007157248.npy,0,35.93333333333333,2,14493,2.0,1.7818005,35.933334,0.0
1527525,/home/gly001/cqj/data/lung_cancer/pathology/clam/uni_features/pt_files/1527525.pt,/home/gly001/cqj/data/lung_cancer/pathology/clam/uni_features/h5_files/1527525.h5,1007159852,/home/gly001/cqj/data/lung_cancer/ct/processed_ct_64/image/1007159852.npy,0,108.83333333333331,3,14382,3.0,-0.37594315,108.833336,0.0
1527105,/home/gly001/cqj/data/lung_cancer/pathology/clam/uni_features/pt_files/1527105.pt,/home/gly001/cqj/data/lung_cancer/pathology/clam/uni_features/h5_files/1527105.h5,1007159882,/home/gly001/cqj/data/lung_cancer/ct/processed_ct_64/image/1007159882.npy,0,107.0,4,10034,4.0,-1.431255,107.0,0.0
1527391,/home/gly001/cqj/data/lung_cancer/pathology/clam/uni_features/pt_files/1527391.pt,/home/gly001/cqj/data/lung_cancer/pathology/clam/uni_features/h5_files/1527391.h5,1007160366,/home/gly001/cqj/data/lung_cancer/ct/processed_ct_64/image/1007160366.npy,0,108.8,3,16744,3.0,-0.6133833,108.8,0.0
1527788,/home/gly001/cqj/data/lung_cancer/pathology/clam/uni_features/pt_files/1527788.pt,/home/gly001/cqj/data/lung_cancer/pathology/clam/uni_features/h5_files/1527788.h5,1007161935,/home/gly001/cqj/data/lung_cancer/ct/processed_ct_64/image/1007161935.npy,0,108.73333333333332,-1,10376,,,,
1530721,/home/gly001/cqj/data/lung_cancer/pathology/clam/uni_features/pt_files/1530721.pt,/home/gly001/cqj/data/lung_cancer/pathology/clam/uni_features/h5_files/1530721.h5,1007167667,/home/gly001/cqj/data/lung_cancer/ct/processed_ct_64/image/1007167667.npy,0,107.9,0,14244,0.0,0.6401074,107.9,0.0
1529736,/home/gly001/cqj/data/lung_cancer/pathology/clam/uni_features/pt_files/1529736.pt,/home/gly001/cqj/data/lung_cancer/pathology/clam/uni_features/h5_files/1529736.h5,1007168095,/home/gly001/cqj/data/lung_cancer/ct/processed_ct_64/image/1007168095.npy,1,56.0,3,9247,3.0,-0.8395233,56.0,1.0
1531211,/home/gly001/cqj/data/lung_cancer/pathology/clam/uni_features/pt_files/1531211.pt,/home/gly001/cqj/data/lung_cancer/pathology/clam/uni_features/h5_files/1531211.h5,1007169659,/home/gly001/cqj/data/lung_cancer/ct/processed_ct_64/image/1007169659.npy,1,51.0,1,18913,1.0,0.8400804,51.0,1.0
1532633,/home/gly001/cqj/data/lung_cancer/pathology/clam/uni_features/pt_files/1532633.pt,/home/gly001/cqj/data/lung_cancer/pathology/clam/uni_features/h5_files/1532633.h5,1007171553,/home/gly001/cqj/data/lung_cancer/ct/processed_ct_64/image/1007171553.npy,1,8.166666666666666,1,9071,1.0,0.285996,8.166667,1.0
1533101,/home/gly001/cqj/data/lung_cancer/pathology/clam/uni_features/pt_files/1533101.pt,/home/gly001/cqj/data/lung_cancer/pathology/clam/uni_features/h5_files/1533101.h5,1007178740,/home/gly001/cqj/data/lung_cancer/ct/processed_ct_64/image/1007178740.npy,0,106.0,0,13976,0.0,-1.5020036,106.0,0.0
1514127,/home/gly001/cqj/data/lung_cancer/pathology/clam/uni_features/pt_files/1514127.pt,/home/gly001/cqj/data/lung_cancer/pathology/clam/uni_features/h5_files/1514127.h5,1007188951,/home/gly001/cqj/data/lung_cancer/ct/processed_ct_64/image/1007188951.npy,0,62.0,3,13835,3.0,-1.0913846,62.0,0.0
1514418,/home/gly001/cqj/data/lung_cancer/pathology/clam/uni_features/pt_files/1514418.pt,/home/gly001/cqj/data/lung_cancer/pathology/clam/uni_features/h5_files/1514418.h5,1007189467,/home/gly001/cqj/data/lung_cancer/ct/processed_ct_64/image/1007189467.npy,1,38.266666666666666,4,7180,4.0,-0.9293075,38.266666,1.0
1514824,/home/gly001/cqj/data/lung_cancer/pathology/clam/uni_features/pt_files/1514824.pt,/home/gly001/cqj/data/lung_cancer/pathology/clam/uni_features/h5_files/1514824.h5,1007192130,/home/gly001/cqj/data/lung_cancer/ct/processed_ct_64/image/1007192130.npy,0,73.0,4,6544,4.0,1.0473315,73.0,0.0
1517871,/home/gly001/cqj/data/lung_cancer/pathology/clam/uni_features/pt_files/1517871.pt,/home/gly001/cqj/data/lung_cancer/pathology/clam/uni_features/h5_files/1517871.h5,1007197293,/home/gly001/cqj/data/lung_cancer/ct/processed_ct_64/image/1007197293.npy,1,5.766666666666667,3,10895,3.0,-0.28829357,5.766667,1.0
1520444,/home/gly001/cqj/data/lung_cancer/pathology/clam/uni_features/pt_files/1520444.pt,/home/gly001/cqj/data/lung_cancer/pathology/clam/uni_features/h5_files/1520444.h5,1007198098,/home/gly001/cqj/data/lung_cancer/ct/processed_ct_64/image/1007198098.npy,0,105.0,2,8831,2.0,1.9069963,105.0,0.0
1520445,/home/gly001/cqj/data/lung_cancer/pathology/clam/uni_features/pt_files/1520445.pt,/home/gly001/cqj/data/lung_cancer/pathology/clam/uni_features/h5_files/1520445.h5,1007199484,/home/gly001/cqj/data/lung_cancer/ct/processed_ct_64/image/1007199484.npy,1,27.3,1,13508,1.0,0.26635137,27.3,1.0
1522336,/home/gly001/cqj/data/lung_cancer/pathology/clam/uni_features/pt_files/1522336.pt,/home/gly001/cqj/data/lung_cancer/pathology/clam/uni_features/h5_files/1522336.h5,1007204714,/home/gly001/cqj/data/lung_cancer/ct/processed_ct_64/image/1007204714.npy,1,21.366666666666667,3,10606,3.0,0.21301487,21.366667,1.0
1622515,/home/gly001/cqj/data/lung_cancer/pathology/clam/uni_features/pt_files/1622515.pt,/home/gly001/cqj/data/lung_cancer/pathology/clam/uni_features/h5_files/1622515.h5,1007214268,/home/gly001/cqj/data/lung_cancer/ct/processed_ct_64/image/1007214268.npy,0,83.0,2,6514,2.0,-1.6166883,83.0,0.0
1816593,/home/gly001/cqj/data/lung_cancer/pathology/clam/uni_features/pt_files/1816593.pt,/home/gly001/cqj/data/lung_cancer/pathology/clam/uni_features/h5_files/1816593.h5,1007221213,/home/gly001/cqj/data/lung_cancer/ct/processed_ct_64/image/1007221213.npy,1,51.0,0,16204,0.0,1.1765589,51.0,1.0
1622054,/home/gly001/cqj/data/lung_cancer/pathology/clam/uni_features/pt_files/1622054.pt,/home/gly001/cqj/data/lung_cancer/pathology/clam/uni_features/h5_files/1622054.h5,1007235690,/home/gly001/cqj/data/lung_cancer/ct/processed_ct_64/image/1007235690.npy,0,97.86666666666666,3,20834,3.0,1.3442451,97.86667,0.0
1624653,/home/gly001/cqj/data/lung_cancer/pathology/clam/uni_features/pt_files/1624653.pt,/home/gly001/cqj/data/lung_cancer/pathology/clam/uni_features/h5_files/1624653.h5,1007236271,/home/gly001/cqj/data/lung_cancer/ct/processed_ct_64/image/1007236271.npy,0,36.0,2,5045,2.0,-2.6776175,36.0,0.0
1714170,/home/gly001/cqj/data/lung_cancer/pathology/clam/uni_features/pt_files/1714170.pt,/home/gly001/cqj/data/lung_cancer/pathology/clam/uni_features/h5_files/1714170.h5,1007246550,/home/gly001/cqj/data/lung_cancer/ct/processed_ct_64/image/1007246550.npy,1,19.1,4,12126,4.0,2.3753004,19.1,1.0
1716546,/home/gly001/cqj/data/lung_cancer/pathology/clam/uni_features/pt_files/1716546.pt,/home/gly001/cqj/data/lung_cancer/pathology/clam/uni_features/h5_files/1716546.h5,1007253479,/home/gly001/cqj/data/lung_cancer/ct/processed_ct_64/image/1007253479.npy,0,72.73333333333333,2,18599,2.0,1.4472301,72.73333,0.0
1718419,/home/gly001/cqj/data/lung_cancer/pathology/clam/uni_features/pt_files/1718419.pt,/home/gly001/cqj/data/lung_cancer/pathology/clam/uni_features/h5_files/1718419.h5,1007258211,/home/gly001/cqj/data/lung_cancer/ct/processed_ct_64/image/1007258211.npy,0,85.0,4,1724,4.0,-2.1070845,85.0,0.0
1719671,/home/gly001/cqj/data/lung_cancer/pathology/clam/uni_features/pt_files/1719671.pt,/home/gly001/cqj/data/lung_cancer/pathology/clam/uni_features/h5_files/1719671.h5,1007260407,/home/gly001/cqj/data/lung_cancer/ct/processed_ct_64/image/1007260407.npy,1,15.033333333333331,2,17414,2.0,2.176341,15.033334,1.0
1731146,/home/gly001/cqj/data/lung_cancer/pathology/clam/uni_features/pt_files/1731146.pt,/home/gly001/cqj/data/lung_cancer/pathology/clam/uni_features/h5_files/1731146.h5,1007267528,/home/gly001/cqj/data/lung_cancer/ct/processed_ct_64/image/1007267528.npy,0,82.76666666666667,2,3715,2.0,1.8444716,82.76667,0.0
1721726,/home/gly001/cqj/data/lung_cancer/pathology/clam/uni_features/pt_files/1721726.pt,/home/gly001/cqj/data/lung_cancer/pathology/clam/uni_features/h5_files/1721726.h5,1007276858,/home/gly001/cqj/data/lung_cancer/ct/processed_ct_64/image/1007276858.npy,1,47.36666666666667,2,13251,2.0,-0.055857316,47.366665,1.0
1729390,/home/gly001/cqj/data/lung_cancer/pathology/clam/uni_features/pt_files/1729390.pt,/home/gly001/cqj/data/lung_cancer/pathology/clam/uni_features/h5_files/1729390.h5,1007279102,/home/gly001/cqj/data/lung_cancer/ct/processed_ct_64/image/1007279102.npy,0,79.96666666666667,4,7566,4.0,-1.9965924,79.96667,0.0
1530005,/home/gly001/cqj/data/lung_cancer/pathology/clam/uni_features/pt_files/1530005.pt,/home/gly001/cqj/data/lung_cancer/pathology/clam/uni_features/h5_files/1530005.h5,1007283159,/home/gly001/cqj/data/lung_cancer/ct/processed_ct_64/image/1007283159.npy,0,106.0,-1,12103,,,,
1531467,/home/gly001/cqj/data/lung_cancer/pathology/clam/uni_features/pt_files/1531467.pt,/home/gly001/cqj/data/lung_cancer/pathology/clam/uni_features/h5_files/1531467.h5,1007289793,/home/gly001/cqj/data/lung_cancer/ct/processed_ct_64/image/1007289793.npy,0,107.7,-1,11958,,,,
1532552,/home/gly001/cqj/data/lung_cancer/pathology/clam/uni_features/pt_files/1532552.pt,/home/gly001/cqj/data/lung_cancer/pathology/clam/uni_features/h5_files/1532552.h5,1007290233,/home/gly001/cqj/data/lung_cancer/ct/processed_ct_64/image/1007290233.npy,1,19.4,-1,10849,,,,
1533811,/home/gly001/cqj/data/lung_cancer/pathology/clam/uni_features/pt_files/1533811.pt,/home/gly001/cqj/data/lung_cancer/pathology/clam/uni_features/h5_files/1533811.h5,1007292939,/home/gly001/cqj/data/lung_cancer/ct/processed_ct_64/image/1007292939.npy,0,106.86666666666666,-1,10624,,,,
1536309,/home/gly001/cqj/data/lung_cancer/pathology/clam/uni_features/pt_files/1536309.pt,/home/gly001/cqj/data/lung_cancer/pathology/clam/uni_features/h5_files/1536309.h5,1007297908,/home/gly001/cqj/data/lung_cancer/ct/processed_ct_64/image/1007297908.npy,1,21.0,0,10884,0.0,0.19082193,21.0,1.0
1536358,/home/gly001/cqj/data/lung_cancer/pathology/clam/uni_features/pt_files/1536358.pt,/home/gly001/cqj/data/lung_cancer/pathology/clam/uni_features/h5_files/1536358.h5,1007299261,/home/gly001/cqj/data/lung_cancer/ct/processed_ct_64/image/1007299261.npy,0,99.0,-1,14177,,,,
1537224,/home/gly001/cqj/data/lung_cancer/pathology/clam/uni_features/pt_files/1537224.pt,/home/gly001/cqj/data/lung_cancer/pathology/clam/uni_features/h5_files/1537224.h5,1007300728,/home/gly001/cqj/data/lung_cancer/ct/processed_ct_64/image/1007300728.npy,0,102.0,-1,4571,,,,
1539416,/home/gly001/cqj/data/lung_cancer/pathology/clam/uni_features/pt_files/1539416.pt,/home/gly001/cqj/data/lung_cancer/pathology/clam/uni_features/h5_files/1539416.h5,1007304802,/home/gly001/cqj/data/lung_cancer/ct/processed_ct_64/image/1007304802.npy,1,26.7,3,15604,3.0,0.56559384,26.7,1.0
1543070,/home/gly001/cqj/data/lung_cancer/pathology/clam/uni_features/pt_files/1543070.pt,/home/gly001/cqj/data/lung_cancer/pathology/clam/uni_features/h5_files/1543070.h5,1007312333,/home/gly001/cqj/data/lung_cancer/ct/processed_ct_64/image/1007312333.npy,1,5.0,1,14315,1.0,0.9736789,5.0,1.0
1925713,/home/gly001/cqj/data/lung_cancer/pathology/clam/uni_features/pt_files/1925713.pt,/home/gly001/cqj/data/lung_cancer/pathology/clam/uni_features/h5_files/1925713.h5,1007321529,/home/gly001/cqj/data/lung_cancer/ct/processed_ct_64/image/1007321529.npy,0,56.0,4,9581,4.0,-3.1662016,56.0,0.0
1602115,/home/gly001/cqj/data/lung_cancer/pathology/clam/uni_features/pt_files/1602115.pt,/home/gly001/cqj/data/lung_cancer/pathology/clam/uni_features/h5_files/1602115.h5,1007327842,/home/gly001/cqj/data/lung_cancer/ct/processed_ct_64/image/1007327842.npy,0,87.7,2,13753,2.0,1.9324509,87.7,0.0
1639476,/home/gly001/cqj/data/lung_cancer/pathology/clam/uni_features/pt_files/1639476.pt,/home/gly001/cqj/data/lung_cancer/pathology/clam/uni_features/h5_files/1639476.h5,1007332062,/home/gly001/cqj/data/lung_cancer/ct/processed_ct_64/image/1007332062.npy,0,91.0,2,13562,2.0,-0.20570415,91.0,0.0
1700730,/home/gly001/cqj/data/lung_cancer/pathology/clam/uni_features/pt_files/1700730.pt,/home/gly001/cqj/data/lung_cancer/pathology/clam/uni_features/h5_files/1700730.h5,1007338165,/home/gly001/cqj/data/lung_cancer/ct/processed_ct_64/image/1007338165.npy,0,58.0,2,7762,2.0,1.5694599,58.0,0.0
1704751,/home/gly001/cqj/data/lung_cancer/pathology/clam/uni_features/pt_files/1704751.pt,/home/gly001/cqj/data/lung_cancer/pathology/clam/uni_features/h5_files/1704751.h5,1007343620,/home/gly001/cqj/data/lung_cancer/ct/processed_ct_64/image/1007343620.npy,0,89.0,0,14405,0.0,-0.8764881,89.0,0.0
1704327,/home/gly001/cqj/data/lung_cancer/pathology/clam/uni_features/pt_files/1704327.pt,/home/gly001/cqj/data/lung_cancer/pathology/clam/uni_features/h5_files/1704327.h5,1007345507,/home/gly001/cqj/data/lung_cancer/ct/processed_ct_64/image/1007345507.npy,1,25.0,4,8316,4.0,-1.0419351,25.0,1.0
1708521,/home/gly001/cqj/data/lung_cancer/pathology/clam/uni_features/pt_files/1708521.pt,/home/gly001/cqj/data/lung_cancer/pathology/clam/uni_features/h5_files/1708521.h5,1007352221,/home/gly001/cqj/data/lung_cancer/ct/processed_ct_64/image/1007352221.npy,0,84.0,1,9141,1.0,-0.019109072,84.0,0.0
1718881,/home/gly001/cqj/data/lung_cancer/pathology/clam/uni_features/pt_files/1718881.pt,/home/gly001/cqj/data/lung_cancer/pathology/clam/uni_features/h5_files/1718881.h5,1007375566,/home/gly001/cqj/data/lung_cancer/ct/processed_ct_64/image/1007375566.npy,1,19.0,1,21581,1.0,0.16562828,19.0,1.0
1909549,/home/gly001/cqj/data/lung_cancer/pathology/clam/uni_features/pt_files/1909549.pt,/home/gly001/cqj/data/lung_cancer/pathology/clam/uni_features/h5_files/1909549.h5,1007411781,/home/gly001/cqj/data/lung_cancer/ct/processed_ct_64/image/1007411781.npy,0,63.0,3,10731,3.0,-1.6411313,63.0,0.0
1731549,/home/gly001/cqj/data/lung_cancer/pathology/clam/uni_features/pt_files/1731549.pt,/home/gly001/cqj/data/lung_cancer/pathology/clam/uni_features/h5_files/1731549.h5,1007413499,/home/gly001/cqj/data/lung_cancer/ct/processed_ct_64/image/1007413499.npy,1,6.633333333333334,3,17343,3.0,0.077340715,6.633333,1.0
1828201,/home/gly001/cqj/data/lung_cancer/pathology/clam/uni_features/pt_files/1828201.pt,/home/gly001/cqj/data/lung_cancer/pathology/clam/uni_features/h5_files/1828201.h5,1007427304,/home/gly001/cqj/data/lung_cancer/ct/processed_ct_64/image/1007427304.npy,0,70.0,1,20959,1.0,-1.6229316,70.0,0.0
1503793,/home/gly001/cqj/data/lung_cancer/pathology/clam/uni_features/pt_files/1503793.pt,/home/gly001/cqj/data/lung_cancer/pathology/clam/uni_features/h5_files/1503793.h5,1007427708,/home/gly001/cqj/data/lung_cancer/ct/processed_ct_64/image/1007427708.npy,1,76.0,2,14408,2.0,-2.86097,76.0,1.0
1642421,/home/gly001/cqj/data/lung_cancer/pathology/clam/uni_features/pt_files/1642421.pt,/home/gly001/cqj/data/lung_cancer/pathology/clam/uni_features/h5_files/1642421.h5,1007429400,/home/gly001/cqj/data/lung_cancer/ct/processed_ct_64/image/1007429400.npy,0,50.0,3,6997,3.0,-1.7394313,50.0,0.0
1721036,/home/gly001/cqj/data/lung_cancer/pathology/clam/uni_features/pt_files/1721036.pt,/home/gly001/cqj/data/lung_cancer/pathology/clam/uni_features/h5_files/1721036.h5,1007433110,/home/gly001/cqj/data/lung_cancer/ct/processed_ct_64/image/1007433110.npy,1,70.9,2,11746,2.0,0.78942573,70.9,1.0
1519193,/home/gly001/cqj/data/lung_cancer/pathology/clam/uni_features/pt_files/1519193.pt,/home/gly001/cqj/data/lung_cancer/pathology/clam/uni_features/h5_files/1519193.h5,1007462068,/home/gly001/cqj/data/lung_cancer/ct/processed_ct_64/image/1007462068.npy,1,9.0,0,10148,0.0,0.8394703,9.0,1.0
1519496,/home/gly001/cqj/data/lung_cancer/pathology/clam/uni_features/pt_files/1519496.pt,/home/gly001/cqj/data/lung_cancer/pathology/clam/uni_features/h5_files/1519496.h5,1007463615,/home/gly001/cqj/data/lung_cancer/ct/processed_ct_64/image/1007463615.npy,0,109.0,-1,10420,,,,
1521439,/home/gly001/cqj/data/lung_cancer/pathology/clam/uni_features/pt_files/1521439.pt,/home/gly001/cqj/data/lung_cancer/pathology/clam/uni_features/h5_files/1521439.h5,1007466516,/home/gly001/cqj/data/lung_cancer/ct/processed_ct_64/image/1007466516.npy,0,109.0,1,15556,1.0,-0.8470832,109.0,0.0
1942524,/home/gly001/cqj/data/lung_cancer/pathology/clam/uni_features/pt_files/1942524.pt,/home/gly001/cqj/data/lung_cancer/pathology/clam/uni_features/h5_files/1942524.h5,1007467248,/home/gly001/cqj/data/lung_cancer/ct/processed_ct_64/image/1007467248.npy,1,54.0,-1,15764,,,,
1523365,/home/gly001/cqj/data/lung_cancer/pathology/clam/uni_features/pt_files/1523365.pt,/home/gly001/cqj/data/lung_cancer/pathology/clam/uni_features/h5_files/1523365.h5,1007475615,/home/gly001/cqj/data/lung_cancer/ct/processed_ct_64/image/1007475615.npy,1,11.533333333333331,0,19784,0.0,1.3233837,11.533334,1.0
1529314,/home/gly001/cqj/data/lung_cancer/pathology/clam/uni_features/pt_files/1529314.pt,/home/gly001/cqj/data/lung_cancer/pathology/clam/uni_features/h5_files/1529314.h5,1007478111,/home/gly001/cqj/data/lung_cancer/ct/processed_ct_64/image/1007478111.npy,1,8.5,-1,17647,,,,
1711695,/home/gly001/cqj/data/lung_cancer/pathology/clam/uni_features/pt_files/1711695.pt,/home/gly001/cqj/data/lung_cancer/pathology/clam/uni_features/h5_files/1711695.h5,1007487149,/home/gly001/cqj/data/lung_cancer/ct/processed_ct_64/image/1007487149.npy,0,87.0,0,7239,0.0,-1.8090922,87.0,0.0
1619708,/home/gly001/cqj/data/lung_cancer/pathology/clam/uni_features/pt_files/1619708.pt,/home/gly001/cqj/data/lung_cancer/pathology/clam/uni_features/h5_files/1619708.h5,1007490692,/home/gly001/cqj/data/lung_cancer/ct/processed_ct_64/image/1007490692.npy,1,18.633333333333333,1,15959,1.0,0.8438865,18.633333,1.0
1620082,/home/gly001/cqj/data/lung_cancer/pathology/clam/uni_features/pt_files/1620082.pt,/home/gly001/cqj/data/lung_cancer/pathology/clam/uni_features/h5_files/1620082.h5,1007491170,/home/gly001/cqj/data/lung_cancer/ct/processed_ct_64/image/1007491170.npy,1,61.86666666666667,0,11483,0.0,0.6702474,61.866665,1.0
1638631,/home/gly001/cqj/data/lung_cancer/pathology/clam/uni_features/pt_files/1638631.pt,/home/gly001/cqj/data/lung_cancer/pathology/clam/uni_features/h5_files/1638631.h5,1007496576,/home/gly001/cqj/data/lung_cancer/ct/processed_ct_64/image/1007496576.npy,0,91.0,0,787,0.0,-0.12044163,91.0,0.0
1705955,/home/gly001/cqj/data/lung_cancer/pathology/clam/uni_features/pt_files/1705955.pt,/home/gly001/cqj/data/lung_cancer/pathology/clam/uni_features/h5_files/1705955.h5,1007501363,/home/gly001/cqj/data/lung_cancer/ct/processed_ct_64/image/1007501363.npy,1,52.73333333333333,1,12203,1.0,0.41371852,52.733334,1.0
1732487,/home/gly001/cqj/data/lung_cancer/pathology/clam/uni_features/pt_files/1732487.pt,/home/gly001/cqj/data/lung_cancer/pathology/clam/uni_features/h5_files/1732487.h5,1007509090,/home/gly001/cqj/data/lung_cancer/ct/processed_ct_64/image/1007509090.npy,0,81.0,-1,2867,,,,
1739359,/home/gly001/cqj/data/lung_cancer/pathology/clam/uni_features/pt_files/1739359.pt,/home/gly001/cqj/data/lung_cancer/pathology/clam/uni_features/h5_files/1739359.h5,1007511872,/home/gly001/cqj/data/lung_cancer/ct/processed_ct_64/image/1007511872.npy,0,67.0,0,11062,0.0,-1.623854,67.0,0.0
1741274,/home/gly001/cqj/data/lung_cancer/pathology/clam/uni_features/pt_files/1741274.pt,/home/gly001/cqj/data/lung_cancer/pathology/clam/uni_features/h5_files/1741274.h5,1007512811,/home/gly001/cqj/data/lung_cancer/ct/processed_ct_64/image/1007512811.npy,0,79.76666666666667,-1,23090,,,,
1811796,/home/gly001/cqj/data/lung_cancer/pathology/clam/uni_features/pt_files/1811796.pt,/home/gly001/cqj/data/lung_cancer/pathology/clam/uni_features/h5_files/1811796.h5,1007517404,/home/gly001/cqj/data/lung_cancer/ct/processed_ct_64/image/1007517404.npy,1,13.666666666666666,-1,19188,,,,
1504486,/home/gly001/cqj/data/lung_cancer/pathology/clam/uni_features/pt_files/1504486.pt,/home/gly001/cqj/data/lung_cancer/pathology/clam/uni_features/h5_files/1504486.h5,1007520950,/home/gly001/cqj/data/lung_cancer/ct/processed_ct_64/image/1007520950.npy,1,33.0,4,21937,4.0,1.3417977,33.0,1.0
1503265,/home/gly001/cqj/data/lung_cancer/pathology/clam/uni_features/pt_files/1503265.pt,/home/gly001/cqj/data/lung_cancer/pathology/clam/uni_features/h5_files/1503265.h5,1007521035,/home/gly001/cqj/data/lung_cancer/ct/processed_ct_64/image/1007521035.npy,1,47.0,2,12771,2.0,3.765976,47.0,1.0
1503958,/home/gly001/cqj/data/lung_cancer/pathology/clam/uni_features/pt_files/1503958.pt,/home/gly001/cqj/data/lung_cancer/pathology/clam/uni_features/h5_files/1503958.h5,1007523252,/home/gly001/cqj/data/lung_cancer/ct/processed_ct_64/image/1007523252.npy,1,64.0,-1,8209,,,,
1503647,/home/gly001/cqj/data/lung_cancer/pathology/clam/uni_features/pt_files/1503647.pt,/home/gly001/cqj/data/lung_cancer/pathology/clam/uni_features/h5_files/1503647.h5,1007524754,/home/gly001/cqj/data/lung_cancer/ct/processed_ct_64/image/1007524754.npy,1,103.0,3,19149,3.0,-2.2880898,103.0,1.0
1503131,/home/gly001/cqj/data/lung_cancer/pathology/clam/uni_features/pt_files/1503131.pt,/home/gly001/cqj/data/lung_cancer/pathology/clam/uni_features/h5_files/1503131.h5,1007524793,/home/gly001/cqj/data/lung_cancer/ct/processed_ct_64/image/1007524793.npy,1,69.1,1,11487,1.0,0.65409136,69.1,1.0
1932572,/home/gly001/cqj/data/lung_cancer/pathology/clam/uni_features/pt_files/1932572.pt,/home/gly001/cqj/data/lung_cancer/pathology/clam/uni_features/h5_files/1932572.h5,1007531520,/home/gly001/cqj/data/lung_cancer/ct/processed_ct_64/image/1007531520.npy,0,58.43333333333333,0,15286,0.0,0.3149634,58.433334,0.0
1512086,/home/gly001/cqj/data/lung_cancer/pathology/clam/uni_features/pt_files/1512086.pt,/home/gly001/cqj/data/lung_cancer/pathology/clam/uni_features/h5_files/1512086.h5,1007543429,/home/gly001/cqj/data/lung_cancer/ct/processed_ct_64/image/1007543429.npy,1,80.56666666666666,4,9339,4.0,2.5502706,80.566666,1.0
1522244,/home/gly001/cqj/data/lung_cancer/pathology/clam/uni_features/pt_files/1522244.pt,/home/gly001/cqj/data/lung_cancer/pathology/clam/uni_features/h5_files/1522244.h5,1007550046,/home/gly001/cqj/data/lung_cancer/ct/processed_ct_64/image/1007550046.npy,1,95.0,3,16493,3.0,0.04144933,95.0,1.0
1516291,/home/gly001/cqj/data/lung_cancer/pathology/clam/uni_features/pt_files/1516291.pt,/home/gly001/cqj/data/lung_cancer/pathology/clam/uni_features/h5_files/1516291.h5,1007550331,/home/gly001/cqj/data/lung_cancer/ct/processed_ct_64/image/1007550331.npy,0,77.0,1,9482,1.0,-0.68803006,77.0,0.0
1513736,/home/gly001/cqj/data/lung_cancer/pathology/clam/uni_features/pt_files/1513736.pt,/home/gly001/cqj/data/lung_cancer/pathology/clam/uni_features/h5_files/1513736.h5,1007550413,/home/gly001/cqj/data/lung_cancer/ct/processed_ct_64/image/1007550413.npy,1,15.333333333333334,-1,20755,,,,
1519894,/home/gly001/cqj/data/lung_cancer/pathology/clam/uni_features/pt_files/1519894.pt,/home/gly001/cqj/data/lung_cancer/pathology/clam/uni_features/h5_files/1519894.h5,1007558207,/home/gly001/cqj/data/lung_cancer/ct/processed_ct_64/image/1007558207.npy,1,30.066666666666663,1,15973,1.0,0.8101213,30.066668,1.0
1522617,/home/gly001/cqj/data/lung_cancer/pathology/clam/uni_features/pt_files/1522617.pt,/home/gly001/cqj/data/lung_cancer/pathology/clam/uni_features/h5_files/1522617.h5,1007563951,/home/gly001/cqj/data/lung_cancer/ct/processed_ct_64/image/1007563951.npy,1,41.43333333333333,-1,10417,,,,
1522871,/home/gly001/cqj/data/lung_cancer/pathology/clam/uni_features/pt_files/1522871.pt,/home/gly001/cqj/data/lung_cancer/pathology/clam/uni_features/h5_files/1522871.h5,1007564831,/home/gly001/cqj/data/lung_cancer/ct/processed_ct_64/image/1007564831.npy,0,101.0,1,11771,1.0,0.09999211,101.0,0.0
1720012,/home/gly001/cqj/data/lung_cancer/pathology/clam/uni_features/pt_files/1720012.pt,/home/gly001/cqj/data/lung_cancer/pathology/clam/uni_features/h5_files/1720012.h5,1007566089,/home/gly001/cqj/data/lung_cancer/ct/processed_ct_64/image/1007566089.npy,0,76.0,2,19458,2.0,-0.36713937,76.0,0.0
1619802,/home/gly001/cqj/data/lung_cancer/pathology/clam/uni_features/pt_files/1619802.pt,/home/gly001/cqj/data/lung_cancer/pathology/clam/uni_features/h5_files/1619802.h5,1007569360,/home/gly001/cqj/data/lung_cancer/ct/processed_ct_64/image/1007569360.npy,0,97.0,-1,11034,,,,
1627052,/home/gly001/cqj/data/lung_cancer/pathology/clam/uni_features/pt_files/1627052.pt,/home/gly001/cqj/data/lung_cancer/pathology/clam/uni_features/h5_files/1627052.h5,1007581888,/home/gly001/cqj/data/lung_cancer/ct/processed_ct_64/image/1007581888.npy,1,6.0,1,7141,1.0,-0.4040773,6.0,1.0
1707913,/home/gly001/cqj/data/lung_cancer/pathology/clam/uni_features/pt_files/1707913.pt,/home/gly001/cqj/data/lung_cancer/pathology/clam/uni_features/h5_files/1707913.h5,1007613429,/home/gly001/cqj/data/lung_cancer/ct/processed_ct_64/image/1007613429.npy,0,49.3,3,7551,3.0,0.15513098,49.3,0.0
1706796,/home/gly001/cqj/data/lung_cancer/pathology/clam/uni_features/pt_files/1706796.pt,/home/gly001/cqj/data/lung_cancer/pathology/clam/uni_features/h5_files/1706796.h5,1007664589,/home/gly001/cqj/data/lung_cancer/ct/processed_ct_64/image/1007664589.npy,0,84.0,-1,9286,,,,
1537918,/home/gly001/cqj/data/lung_cancer/pathology/clam/uni_features/pt_files/1537918.pt,/home/gly001/cqj/data/lung_cancer/pathology/clam/uni_features/h5_files/1537918.h5,1007665729,/home/gly001/cqj/data/lung_cancer/ct/processed_ct_64/image/1007665729.npy,1,89.0,1,3195,1.0,-1.3454776,89.0,1.0
1532422,/home/gly001/cqj/data/lung_cancer/pathology/clam/uni_features/pt_files/1532422.pt,/home/gly001/cqj/data/lung_cancer/pathology/clam/uni_features/h5_files/1532422.h5,1007667495,/home/gly001/cqj/data/lung_cancer/ct/processed_ct_64/image/1007667495.npy,1,15.0,1,14453,1.0,-0.15559296,15.0,1.0
1543210,/home/gly001/cqj/data/lung_cancer/pathology/clam/uni_features/pt_files/1543210.pt,/home/gly001/cqj/data/lung_cancer/pathology/clam/uni_features/h5_files/1543210.h5,1007678316,/home/gly001/cqj/data/lung_cancer/ct/processed_ct_64/image/1007678316.npy,1,19.633333333333333,0,8235,0.0,2.2698514,19.633333,1.0
1611111,/home/gly001/cqj/data/lung_cancer/pathology/clam/uni_features/pt_files/1611111.pt,/home/gly001/cqj/data/lung_cancer/pathology/clam/uni_features/h5_files/1611111.h5,1007694413,/home/gly001/cqj/data/lung_cancer/ct/processed_ct_64/image/1007694413.npy,1,6.0,2,13888,2.0,1.6696694,6.0,1.0
1613235,/home/gly001/cqj/data/lung_cancer/pathology/clam/uni_features/pt_files/1613235.pt,/home/gly001/cqj/data/lung_cancer/pathology/clam/uni_features/h5_files/1613235.h5,1007697009,/home/gly001/cqj/data/lung_cancer/ct/processed_ct_64/image/1007697009.npy,1,6.0,-1,7349,,,,
1617723,/home/gly001/cqj/data/lung_cancer/pathology/clam/uni_features/pt_files/1617723.pt,/home/gly001/cqj/data/lung_cancer/pathology/clam/uni_features/h5_files/1617723.h5,1007701946,/home/gly001/cqj/data/lung_cancer/ct/processed_ct_64/image/1007701946.npy,0,22.0,1,3763,1.0,-2.426757,22.0,0.0
1617650,/home/gly001/cqj/data/lung_cancer/pathology/clam/uni_features/pt_files/1617650.pt,/home/gly001/cqj/data/lung_cancer/pathology/clam/uni_features/h5_files/1617650.h5,1007704302,/home/gly001/cqj/data/lung_cancer/ct/processed_ct_64/image/1007704302.npy,1,91.0,0,7062,0.0,-0.5935522,91.0,1.0
1928830,/home/gly001/cqj/data/lung_cancer/pathology/clam/uni_features/pt_files/1928830.pt,/home/gly001/cqj/data/lung_cancer/pathology/clam/uni_features/h5_files/1928830.h5,1007708818,/home/gly001/cqj/data/lung_cancer/ct/processed_ct_64/image/1007708818.npy,0,24.7,0,7234,0.0,1.0642046,24.7,0.0
1525520,/home/gly001/cqj/data/lung_cancer/pathology/clam/uni_features/pt_files/1525520.pt,/home/gly001/cqj/data/lung_cancer/pathology/clam/uni_features/h5_files/1525520.h5,1007717217,/home/gly001/cqj/data/lung_cancer/ct/processed_ct_64/image/1007717217.npy,0,42.66666666666666,-1,20019,,,,
1529999,/home/gly001/cqj/data/lung_cancer/pathology/clam/uni_features/pt_files/1529999.pt,/home/gly001/cqj/data/lung_cancer/pathology/clam/uni_features/h5_files/1529999.h5,1007728471,/home/gly001/cqj/data/lung_cancer/ct/processed_ct_64/image/1007728471.npy,1,71.63333333333334,0,16028,0.0,2.4058995,71.63333,1.0
1539095,/home/gly001/cqj/data/lung_cancer/pathology/clam/uni_features/pt_files/1539095.pt,/home/gly001/cqj/data/lung_cancer/pathology/clam/uni_features/h5_files/1539095.h5,1007750145,/home/gly001/cqj/data/lung_cancer/ct/processed_ct_64/image/1007750145.npy,0,104.0,3,4941,3.0,-1.5747043,104.0,0.0
1729639,/home/gly001/cqj/data/lung_cancer/pathology/clam/uni_features/pt_files/1729639.pt,/home/gly001/cqj/data/lung_cancer/pathology/clam/uni_features/h5_files/1729639.h5,1007815584,/home/gly001/cqj/data/lung_cancer/ct/processed_ct_64/image/1007815584.npy,0,82.0,3,2876,3.0,-2.9002776,82.0,0.0
1605998,/home/gly001/cqj/data/lung_cancer/pathology/clam/uni_features/pt_files/1605998.pt,/home/gly001/cqj/data/lung_cancer/pathology/clam/uni_features/h5_files/1605998.h5,1007825104,/home/gly001/cqj/data/lung_cancer/ct/processed_ct_64/image/1007825104.npy,0,61.0,3,17905,3.0,0.156795,61.0,0.0
1607648,/home/gly001/cqj/data/lung_cancer/pathology/clam/uni_features/pt_files/1607648.pt,/home/gly001/cqj/data/lung_cancer/pathology/clam/uni_features/h5_files/1607648.h5,1007830080,/home/gly001/cqj/data/lung_cancer/ct/processed_ct_64/image/1007830080.npy,1,5.533333333333333,-1,10277,,,,
1612740,/home/gly001/cqj/data/lung_cancer/pathology/clam/uni_features/pt_files/1612740.pt,/home/gly001/cqj/data/lung_cancer/pathology/clam/uni_features/h5_files/1612740.h5,1007840618,/home/gly001/cqj/data/lung_cancer/ct/processed_ct_64/image/1007840618.npy,0,86.0,0,8041,0.0,0.748107,86.0,0.0
1615403,/home/gly001/cqj/data/lung_cancer/pathology/clam/uni_features/pt_files/1615403.pt,/home/gly001/cqj/data/lung_cancer/pathology/clam/uni_features/h5_files/1615403.h5,1007844121,/home/gly001/cqj/data/lung_cancer/ct/processed_ct_64/image/1007844121.npy,1,12.133333333333333,2,9555,2.0,2.5809152,12.133333,1.0
1942033,/home/gly001/cqj/data/lung_cancer/pathology/clam/uni_features/pt_files/1942033.pt,/home/gly001/cqj/data/lung_cancer/pathology/clam/uni_features/h5_files/1942033.h5,1007884792,/home/gly001/cqj/data/lung_cancer/ct/processed_ct_64/image/1007884792.npy,0,55.0,3,3130,3.0,-1.2083079,55.0,0.0
1537033,/home/gly001/cqj/data/lung_cancer/pathology/clam/uni_features/pt_files/1537033.pt,/home/gly001/cqj/data/lung_cancer/pathology/clam/uni_features/h5_files/1537033.h5,1007908230,/home/gly001/cqj/data/lung_cancer/ct/processed_ct_64/image/1007908230.npy,0,104.0,4,5723,4.0,-1.0832077,104.0,0.0
1538174,/home/gly001/cqj/data/lung_cancer/pathology/clam/uni_features/pt_files/1538174.pt,/home/gly001/cqj/data/lung_cancer/pathology/clam/uni_features/h5_files/1538174.h5,1007914047,/home/gly001/cqj/data/lung_cancer/ct/processed_ct_64/image/1007914047.npy,0,92.0,4,19148,4.0,2.2732468,92.0,0.0
1540535,/home/gly001/cqj/data/lung_cancer/pathology/clam/uni_features/pt_files/1540535.pt,/home/gly001/cqj/data/lung_cancer/pathology/clam/uni_features/h5_files/1540535.h5,1007914512,/home/gly001/cqj/data/lung_cancer/ct/processed_ct_64/image/1007914512.npy,1,10.833333333333334,2,10649,2.0,3.2385628,10.833333,1.0
1538646,/home/gly001/cqj/data/lung_cancer/pathology/clam/uni_features/pt_files/1538646.pt,/home/gly001/cqj/data/lung_cancer/pathology/clam/uni_features/h5_files/1538646.h5,1007915475,/home/gly001/cqj/data/lung_cancer/ct/processed_ct_64/image/1007915475.npy,1,44.1,1,9468,1.0,1.2844337,44.1,1.0
1539679,/home/gly001/cqj/data/lung_cancer/pathology/clam/uni_features/pt_files/1539679.pt,/home/gly001/cqj/data/lung_cancer/pathology/clam/uni_features/h5_files/1539679.h5,1007920739,/home/gly001/cqj/data/lung_cancer/ct/processed_ct_64/image/1007920739.npy,1,22.0,4,12938,4.0,1.6099218,22.0,1.0
1542121,/home/gly001/cqj/data/lung_cancer/pathology/clam/uni_features/pt_files/1542121.pt,/home/gly001/cqj/data/lung_cancer/pathology/clam/uni_features/h5_files/1542121.h5,1007927145,/home/gly001/cqj/data/lung_cancer/ct/processed_ct_64/image/1007927145.npy,0,103.0,0,6283,0.0,-0.73923993,103.0,0.0
1604743,/home/gly001/cqj/data/lung_cancer/pathology/clam/uni_features/pt_files/1604743.pt,/home/gly001/cqj/data/lung_cancer/pathology/clam/uni_features/h5_files/1604743.h5,1007927787,/home/gly001/cqj/data/lung_cancer/ct/processed_ct_64/image/1007927787.npy,1,99.0,2,8756,2.0,2.3301072,99.0,1.0
1543785,/home/gly001/cqj/data/lung_cancer/pathology/clam/uni_features/pt_files/1543785.pt,/home/gly001/cqj/data/lung_cancer/pathology/clam/uni_features/h5_files/1543785.h5,1007928748,/home/gly001/cqj/data/lung_cancer/ct/processed_ct_64/image/1007928748.npy,0,92.93333333333334,2,4672,2.0,-1.6248833,92.933334,0.0
1543438,/home/gly001/cqj/data/lung_cancer/pathology/clam/uni_features/pt_files/1543438.pt,/home/gly001/cqj/data/lung_cancer/pathology/clam/uni_features/h5_files/1543438.h5,1007929238,/home/gly001/cqj/data/lung_cancer/ct/processed_ct_64/image/1007929238.npy,0,91.8,4,10361,4.0,1.8182132,91.8,0.0
1600192,/home/gly001/cqj/data/lung_cancer/pathology/clam/uni_features/pt_files/1600192.pt,/home/gly001/cqj/data/lung_cancer/pathology/clam/uni_features/h5_files/1600192.h5,1007936665,/home/gly001/cqj/data/lung_cancer/ct/processed_ct_64/image/1007936665.npy,1,1.0,0,16700,0.0,1.2723196,1.0,1.0
1607251,/home/gly001/cqj/data/lung_cancer/pathology/clam/uni_features/pt_files/1607251.pt,/home/gly001/cqj/data/lung_cancer/pathology/clam/uni_features/h5_files/1607251.h5,1007939235,/home/gly001/cqj/data/lung_cancer/ct/processed_ct_64/image/1007939235.npy,1,11.433333333333334,2,6930,2.0,0.7810025,11.433333,1.0
1601929,/home/gly001/cqj/data/lung_cancer/pathology/clam/uni_features/pt_files/1601929.pt,/home/gly001/cqj/data/lung_cancer/pathology/clam/uni_features/h5_files/1601929.h5,1007940517,/home/gly001/cqj/data/lung_cancer/ct/processed_ct_64/image/1007940517.npy,0,99.2,1,6974,1.0,-0.1742379,99.2,0.0
1603647,/home/gly001/cqj/data/lung_cancer/pathology/clam/uni_features/pt_files/1603647.pt,/home/gly001/cqj/data/lung_cancer/pathology/clam/uni_features/h5_files/1603647.h5,1007945809,/home/gly001/cqj/data/lung_cancer/ct/processed_ct_64/image/1007945809.npy,1,14.7,0,13738,0.0,2.9944243,14.7,1.0
1803624,/home/gly001/cqj/data/lung_cancer/pathology/clam/uni_features/pt_files/1803624.pt,/home/gly001/cqj/data/lung_cancer/pathology/clam/uni_features/h5_files/1803624.h5,1007954314,/home/gly001/cqj/data/lung_cancer/ct/processed_ct_64/image/1007954314.npy,1,5.066666666666666,2,24252,2.0,0.93381286,5.0666666,1.0
1804424,/home/gly001/cqj/data/lung_cancer/pathology/clam/uni_features/pt_files/1804424.pt,/home/gly001/cqj/data/lung_cancer/pathology/clam/uni_features/h5_files/1804424.h5,1007955938,/home/gly001/cqj/data/lung_cancer/ct/processed_ct_64/image/1007955938.npy,0,77.0,0,6967,0.0,-1.1197873,77.0,0.0
1804432,/home/gly001/cqj/data/lung_cancer/pathology/clam/uni_features/pt_files/1804432.pt,/home/gly001/cqj/data/lung_cancer/pathology/clam/uni_features/h5_files/1804432.h5,1007956723,/home/gly001/cqj/data/lung_cancer/ct/processed_ct_64/image/1007956723.npy,0,78.33333333333333,0,13922,0.0,0.52197164,78.333336,0.0
1821240,/home/gly001/cqj/data/lung_cancer/pathology/clam/uni_features/pt_files/1821240.pt,/home/gly001/cqj/data/lung_cancer/pathology/clam/uni_features/h5_files/1821240.h5,1007967232,/home/gly001/cqj/data/lung_cancer/ct/processed_ct_64/image/1007967232.npy,0,72.0,3,11661,3.0,0.280993,72.0,0.0
1809969,/home/gly001/cqj/data/lung_cancer/pathology/clam/uni_features/pt_files/1809969.pt,/home/gly001/cqj/data/lung_cancer/pathology/clam/uni_features/h5_files/1809969.h5,1007968668,/home/gly001/cqj/data/lung_cancer/ct/processed_ct_64/image/1007968668.npy,0,61.0,3,16214,3.0,-0.3437225,61.0,0.0
1810255,/home/gly001/cqj/data/lung_cancer/pathology/clam/uni_features/pt_files/1810255.pt,/home/gly001/cqj/data/lung_cancer/pathology/clam/uni_features/h5_files/1810255.h5,1007974625,/home/gly001/cqj/data/lung_cancer/ct/processed_ct_64/image/1007974625.npy,0,68.0,1,16834,1.0,-1.3270751,68.0,0.0
1812585,/home/gly001/cqj/data/lung_cancer/pathology/clam/uni_features/pt_files/1812585.pt,/home/gly001/cqj/data/lung_cancer/pathology/clam/uni_features/h5_files/1812585.h5,1007974971,/home/gly001/cqj/data/lung_cancer/ct/processed_ct_64/image/1007974971.npy,1,49.7,4,22056,4.0,1.735257,49.7,1.0
1824852,/home/gly001/cqj/data/lung_cancer/pathology/clam/uni_features/pt_files/1824852.pt,/home/gly001/cqj/data/lung_cancer/pathology/clam/uni_features/h5_files/1824852.h5,1007977214,/home/gly001/cqj/data/lung_cancer/ct/processed_ct_64/image/1007977214.npy,0,71.0,3,14797,3.0,-0.19962758,71.0,0.0
1813078,/home/gly001/cqj/data/lung_cancer/pathology/clam/uni_features/pt_files/1813078.pt,/home/gly001/cqj/data/lung_cancer/pathology/clam/uni_features/h5_files/1813078.h5,1007978365,/home/gly001/cqj/data/lung_cancer/ct/processed_ct_64/image/1007978365.npy,1,29.166666666666668,0,16527,0.0,1.2782049,29.166666,1.0
1818577,/home/gly001/cqj/data/lung_cancer/pathology/clam/uni_features/pt_files/1818577.pt,/home/gly001/cqj/data/lung_cancer/pathology/clam/uni_features/h5_files/1818577.h5,1007978689,/home/gly001/cqj/data/lung_cancer/ct/processed_ct_64/image/1007978689.npy,0,60.833333333333336,-1,20748,,,,
1814284,/home/gly001/cqj/data/lung_cancer/pathology/clam/uni_features/pt_files/1814284.pt,/home/gly001/cqj/data/lung_cancer/pathology/clam/uni_features/h5_files/1814284.h5,1007980136,/home/gly001/cqj/data/lung_cancer/ct/processed_ct_64/image/1007980136.npy,1,72.6,1,17846,1.0,1.2361101,72.6,1.0
1812644,/home/gly001/cqj/data/lung_cancer/pathology/clam/uni_features/pt_files/1812644.pt,/home/gly001/cqj/data/lung_cancer/pathology/clam/uni_features/h5_files/1812644.h5,1007980605,/home/gly001/cqj/data/lung_cancer/ct/processed_ct_64/image/1007980605.npy,1,40.0,-1,7433,,,,
1842383,/home/gly001/cqj/data/lung_cancer/pathology/clam/uni_features/pt_files/1842383.pt,/home/gly001/cqj/data/lung_cancer/pathology/clam/uni_features/h5_files/1842383.h5,1007980615,/home/gly001/cqj/data/lung_cancer/ct/processed_ct_64/image/1007980615.npy,0,63.0,-1,8505,,,,
1814487,/home/gly001/cqj/data/lung_cancer/pathology/clam/uni_features/pt_files/1814487.pt,/home/gly001/cqj/data/lung_cancer/pathology/clam/uni_features/h5_files/1814487.h5,1007980671,/home/gly001/cqj/data/lung_cancer/ct/processed_ct_64/image/1007980671.npy,0,60.0,3,13493,3.0,-3.1368074,60.0,0.0
1817695,/home/gly001/cqj/data/lung_cancer/pathology/clam/uni_features/pt_files/1817695.pt,/home/gly001/cqj/data/lung_cancer/pathology/clam/uni_features/h5_files/1817695.h5,1007982308,/home/gly001/cqj/data/lung_cancer/ct/processed_ct_64/image/1007982308.npy,1,73.0,1,9644,1.0,-0.27158588,73.0,1.0
1815989,/home/gly001/cqj/data/lung_cancer/pathology/clam/uni_features/pt_files/1815989.pt,/home/gly001/cqj/data/lung_cancer/pathology/clam/uni_features/h5_files/1815989.h5,1007983732,/home/gly001/cqj/data/lung_cancer/ct/processed_ct_64/image/1007983732.npy,1,36.2,-1,25476,,,,
1817623,/home/gly001/cqj/data/lung_cancer/pathology/clam/uni_features/pt_files/1817623.pt,/home/gly001/cqj/data/lung_cancer/pathology/clam/uni_features/h5_files/1817623.h5,1007986794,/home/gly001/cqj/data/lung_cancer/ct/processed_ct_64/image/1007986794.npy,0,73.0,1,5129,1.0,-1.7712965,73.0,0.0
1818344,/home/gly001/cqj/data/lung_cancer/pathology/clam/uni_features/pt_files/1818344.pt,/home/gly001/cqj/data/lung_cancer/pathology/clam/uni_features/h5_files/1818344.h5,1007988324,/home/gly001/cqj/data/lung_cancer/ct/processed_ct_64/image/1007988324.npy,0,58.6,4,15287,4.0,1.0809008,58.6,0.0
1819576,/home/gly001/cqj/data/lung_cancer/pathology/clam/uni_features/pt_files/1819576.pt,/home/gly001/cqj/data/lung_cancer/pathology/clam/uni_features/h5_files/1819576.h5,1007989490,/home/gly001/cqj/data/lung_cancer/ct/processed_ct_64/image/1007989490.npy,0,65.1,3,11348,3.0,0.7015171,65.1,0.0
1818392,/home/gly001/cqj/data/lung_cancer/pathology/clam/uni_features/pt_files/1818392.pt,/home/gly001/cqj/data/lung_cancer/pathology/clam/uni_features/h5_files/1818392.h5,1007990460,/home/gly001/cqj/data/lung_cancer/ct/processed_ct_64/image/1007990460.npy,0,73.0,-1,12789,,,,
1821502,/home/gly001/cqj/data/lung_cancer/pathology/clam/uni_features/pt_files/1821502.pt,/home/gly001/cqj/data/lung_cancer/pathology/clam/uni_features/h5_files/1821502.h5,1007990816,/home/gly001/cqj/data/lung_cancer/ct/processed_ct_64/image/1007990816.npy,1,11.5,-1,4368,,,,
1824936,/home/gly001/cqj/data/lung_cancer/pathology/clam/uni_features/pt_files/1824936.pt,/home/gly001/cqj/data/lung_cancer/pathology/clam/uni_features/h5_files/1824936.h5,1007993374,/home/gly001/cqj/data/lung_cancer/ct/processed_ct_64/image/1007993374.npy,0,26.766666666666666,1,15272,1.0,-1.7133578,26.766666,0.0
1826776,/home/gly001/cqj/data/lung_cancer/pathology/clam/uni_features/pt_files/1826776.pt,/home/gly001/cqj/data/lung_cancer/pathology/clam/uni_features/h5_files/1826776.h5,1007994966,/home/gly001/cqj/data/lung_cancer/ct/processed_ct_64/image/1007994966.npy,0,71.0,-1,7115,,,,
1826191,/home/gly001/cqj/data/lung_cancer/pathology/clam/uni_features/pt_files/1826191.pt,/home/gly001/cqj/data/lung_cancer/pathology/clam/uni_features/h5_files/1826191.h5,1007995103,/home/gly001/cqj/data/lung_cancer/ct/processed_ct_64/image/1007995103.npy,1,52.4,-1,10580,,,,
1827128,/home/gly001/cqj/data/lung_cancer/pathology/clam/uni_features/pt_files/1827128.pt,/home/gly001/cqj/data/lung_cancer/pathology/clam/uni_features/h5_files/1827128.h5,1007996389,/home/gly001/cqj/data/lung_cancer/ct/processed_ct_64/image/1007996389.npy,0,71.0,4,7234,4.0,-0.23847646,71.0,0.0
1829198,/home/gly001/cqj/data/lung_cancer/pathology/clam/uni_features/pt_files/1829198.pt,/home/gly001/cqj/data/lung_cancer/pathology/clam/uni_features/h5_files/1829198.h5,1007997784,/home/gly001/cqj/data/lung_cancer/ct/processed_ct_64/image/1007997784.npy,0,19.0,2,12721,2.0,-0.31955472,19.0,0.0
1811804,/home/gly001/cqj/data/lung_cancer/pathology/clam/uni_features/pt_files/1811804.pt,/home/gly001/cqj/data/lung_cancer/pathology/clam/uni_features/h5_files/1811804.h5,1008301930,/home/gly001/cqj/data/lung_cancer/ct/processed_ct_64/image/1008301930.npy,1,35.36666666666667,3,9078,3.0,1.3366699,35.366665,1.0
1814115,/home/gly001/cqj/data/lung_cancer/pathology/clam/uni_features/pt_files/1814115.pt,/home/gly001/cqj/data/lung_cancer/pathology/clam/uni_features/h5_files/1814115.h5,1008307036,/home/gly001/cqj/data/lung_cancer/ct/processed_ct_64/image/1008307036.npy,0,49.0,2,9651,2.0,0.08246906,49.0,0.0
1813987,/home/gly001/cqj/data/lung_cancer/pathology/clam/uni_features/pt_files/1813987.pt,/home/gly001/cqj/data/lung_cancer/pathology/clam/uni_features/h5_files/1813987.h5,1008308318,/home/gly001/cqj/data/lung_cancer/ct/processed_ct_64/image/1008308318.npy,0,71.0,3,10783,3.0,-1.496533,71.0,0.0
1814861,/home/gly001/cqj/data/lung_cancer/pathology/clam/uni_features/pt_files/1814861.pt,/home/gly001/cqj/data/lung_cancer/pathology/clam/uni_features/h5_files/1814861.h5,1008310044,/home/gly001/cqj/data/lung_cancer/ct/processed_ct_64/image/1008310044.npy,0,74.0,2,19601,2.0,0.035218522,74.0,0.0
1817375,/home/gly001/cqj/data/lung_cancer/pathology/clam/uni_features/pt_files/1817375.pt,/home/gly001/cqj/data/lung_cancer/pathology/clam/uni_features/h5_files/1817375.h5,1008312439,/home/gly001/cqj/data/lung_cancer/ct/processed_ct_64/image/1008312439.npy,0,71.0,4,12260,4.0,0.0015312657,71.0,0.0
1818612,/home/gly001/cqj/data/lung_cancer/pathology/clam/uni_features/pt_files/1818612.pt,/home/gly001/cqj/data/lung_cancer/pathology/clam/uni_features/h5_files/1818612.h5,1008315696,/home/gly001/cqj/data/lung_cancer/ct/processed_ct_64/image/1008315696.npy,0,23.933333333333334,4,8650,4.0,2.274136,23.933332,0.0
1820101,/home/gly001/cqj/data/lung_cancer/pathology/clam/uni_features/pt_files/1820101.pt,/home/gly001/cqj/data/lung_cancer/pathology/clam/uni_features/h5_files/1820101.h5,1008315791,/home/gly001/cqj/data/lung_cancer/ct/processed_ct_64/image/1008315791.npy,1,7.266666666666667,0,10908,0.0,0.7949067,7.266667,1.0
1816774,/home/gly001/cqj/data/lung_cancer/pathology/clam/uni_features/pt_files/1816774.pt,/home/gly001/cqj/data/lung_cancer/pathology/clam/uni_features/h5_files/1816774.h5,1008317141,/home/gly001/cqj/data/lung_cancer/ct/processed_ct_64/image/1008317141.npy,0,71.0,-1,16134,,,,
1817574,/home/gly001/cqj/data/lung_cancer/pathology/clam/uni_features/pt_files/1817574.pt,/home/gly001/cqj/data/lung_cancer/pathology/clam/uni_features/h5_files/1817574.h5,1008317174,/home/gly001/cqj/data/lung_cancer/ct/processed_ct_64/image/1008317174.npy,0,73.0,-1,18955,,,,
1816891,/home/gly001/cqj/data/lung_cancer/pathology/clam/uni_features/pt_files/1816891.pt,/home/gly001/cqj/data/lung_cancer/pathology/clam/uni_features/h5_files/1816891.h5,1008321007,/home/gly001/cqj/data/lung_cancer/ct/processed_ct_64/image/1008321007.npy,0,74.0,0,6979,0.0,-2.6849878,74.0,0.0
1819240,/home/gly001/cqj/data/lung_cancer/pathology/clam/uni_features/pt_files/1819240.pt,/home/gly001/cqj/data/lung_cancer/pathology/clam/uni_features/h5_files/1819240.h5,1008327389,/home/gly001/cqj/data/lung_cancer/ct/processed_ct_64/image/1008327389.npy,0,41.0,2,12476,2.0,-2.2603047,41.0,0.0
1941509,/home/gly001/cqj/data/lung_cancer/pathology/clam/uni_features/pt_files/1941509.pt,/home/gly001/cqj/data/lung_cancer/pathology/clam/uni_features/h5_files/1941509.h5,1008344598,/home/gly001/cqj/data/lung_cancer/ct/processed_ct_64/image/1008344598.npy,0,55.0,0,8992,0.0,-1.5657799,55.0,0.0
1823703,/home/gly001/cqj/data/lung_cancer/pathology/clam/uni_features/pt_files/1823703.pt,/home/gly001/cqj/data/lung_cancer/pathology/clam/uni_features/h5_files/1823703.h5,1008362162,/home/gly001/cqj/data/lung_cancer/ct/processed_ct_64/image/1008362162.npy,0,30.0,4,8523,4.0,0.49821937,30.0,0.0
1838375,/home/gly001/cqj/data/lung_cancer/pathology/clam/uni_features/pt_files/1838375.pt,/home/gly001/cqj/data/lung_cancer/pathology/clam/uni_features/h5_files/1838375.h5,1008368555,/home/gly001/cqj/data/lung_cancer/ct/processed_ct_64/image/1008368555.npy,0,65.0,-1,5981,,,,
1925697,/home/gly001/cqj/data/lung_cancer/pathology/clam/uni_features/pt_files/1925697.pt,/home/gly001/cqj/data/lung_cancer/pathology/clam/uni_features/h5_files/1925697.h5,1008385683,/home/gly001/cqj/data/lung_cancer/ct/processed_ct_64/image/1008385683.npy,1,7.966666666666667,3,8797,3.0,2.3484664,7.9666667,1.0
1926474,/home/gly001/cqj/data/lung_cancer/pathology/clam/uni_features/pt_files/1926474.pt,/home/gly001/cqj/data/lung_cancer/pathology/clam/uni_features/h5_files/1926474.h5,1008388511,/home/gly001/cqj/data/lung_cancer/ct/processed_ct_64/image/1008388511.npy,1,46.0,4,13457,4.0,-0.035876073,46.0,1.0
1926325,/home/gly001/cqj/data/lung_cancer/pathology/clam/uni_features/pt_files/1926325.pt,/home/gly001/cqj/data/lung_cancer/pathology/clam/uni_features/h5_files/1926325.h5,1008389836,/home/gly001/cqj/data/lung_cancer/ct/processed_ct_64/image/1008389836.npy,0,59.0,1,15095,1.0,-1.4624487,59.0,0.0
1927411,/home/gly001/cqj/data/lung_cancer/pathology/clam/uni_features/pt_files/1927411.pt,/home/gly001/cqj/data/lung_cancer/pathology/clam/uni_features/h5_files/1927411.h5,1008392102,/home/gly001/cqj/data/lung_cancer/ct/processed_ct_64/image/1008392102.npy,0,59.0,-1,13513,,,,
1927734,/home/gly001/cqj/data/lung_cancer/pathology/clam/uni_features/pt_files/1927734.pt,/home/gly001/cqj/data/lung_cancer/pathology/clam/uni_features/h5_files/1927734.h5,1008392215,/home/gly001/cqj/data/lung_cancer/ct/processed_ct_64/image/1008392215.npy,0,59.0,3,7698,3.0,-1.6649703,59.0,0.0
1811082,/home/gly001/cqj/data/lung_cancer/pathology/clam/uni_features/pt_files/1811082.pt,/home/gly001/cqj/data/lung_cancer/pathology/clam/uni_features/h5_files/1811082.h5,1008401026,/home/gly001/cqj/data/lung_cancer/ct/processed_ct_64/image/1008401026.npy,0,76.06666666666666,3,12135,3.0,0.20463318,76.066666,0.0
1813564,/home/gly001/cqj/data/lung_cancer/pathology/clam/uni_features/pt_files/1813564.pt,/home/gly001/cqj/data/lung_cancer/pathology/clam/uni_features/h5_files/1813564.h5,1008409700,/home/gly001/cqj/data/lung_cancer/ct/processed_ct_64/image/1008409700.npy,0,48.66666666666666,1,16134,1.0,0.032408245,48.666668,0.0
1815873,/home/gly001/cqj/data/lung_cancer/pathology/clam/uni_features/pt_files/1815873.pt,/home/gly001/cqj/data/lung_cancer/pathology/clam/uni_features/h5_files/1815873.h5,1008414277,/home/gly001/cqj/data/lung_cancer/ct/processed_ct_64/image/1008414277.npy,0,74.0,-1,16985,,,,
1817812,/home/gly001/cqj/data/lung_cancer/pathology/clam/uni_features/pt_files/1817812.pt,/home/gly001/cqj/data/lung_cancer/pathology/clam/uni_features/h5_files/1817812.h5,1008423280,/home/gly001/cqj/data/lung_cancer/ct/processed_ct_64/image/1008423280.npy,0,73.0,-1,4509,,,,
1924669,/home/gly001/cqj/data/lung_cancer/pathology/clam/uni_features/pt_files/1924669.pt,/home/gly001/cqj/data/lung_cancer/pathology/clam/uni_features/h5_files/1924669.h5,1008427429,/home/gly001/cqj/data/lung_cancer/ct/processed_ct_64/image/1008427429.npy,0,60.0,4,9411,4.0,-1.2031085,60.0,0.0
1820492,/home/gly001/cqj/data/lung_cancer/pathology/clam/uni_features/pt_files/1820492.pt,/home/gly001/cqj/data/lung_cancer/pathology/clam/uni_features/h5_files/1820492.h5,1008427960,/home/gly001/cqj/data/lung_cancer/ct/processed_ct_64/image/1008427960.npy,0,72.0,4,13335,4.0,-2.7121031,72.0,0.0
1826911,/home/gly001/cqj/data/lung_cancer/pathology/clam/uni_features/pt_files/1826911.pt,/home/gly001/cqj/data/lung_cancer/pathology/clam/uni_features/h5_files/1826911.h5,1008428586,/home/gly001/cqj/data/lung_cancer/ct/processed_ct_64/image/1008428586.npy,0,17.0,1,14837,1.0,-0.93925166,17.0,0.0
1823681,/home/gly001/cqj/data/lung_cancer/pathology/clam/uni_features/pt_files/1823681.pt,/home/gly001/cqj/data/lung_cancer/pathology/clam/uni_features/h5_files/1823681.h5,1008436193,/home/gly001/cqj/data/lung_cancer/ct/processed_ct_64/image/1008436193.npy,0,71.0,1,12710,1.0,-1.4045529,71.0,0.0
1729099,/home/gly001/cqj/data/lung_cancer/pathology/clam/uni_features/pt_files/1729099.pt,/home/gly001/cqj/data/lung_cancer/pathology/clam/uni_features/h5_files/1729099.h5,1008451822,/home/gly001/cqj/data/lung_cancer/ct/processed_ct_64/image/1008451822.npy,0,82.0,-1,4985,,,,
1727572,/home/gly001/cqj/data/lung_cancer/pathology/clam/uni_features/pt_files/1727572.pt,/home/gly001/cqj/data/lung_cancer/pathology/clam/uni_features/h5_files/1727572.h5,1008456039,/home/gly001/cqj/data/lung_cancer/ct/processed_ct_64/image/1008456039.npy,0,64.13333333333334,-1,22878,,,,
1733302,/home/gly001/cqj/data/lung_cancer/pathology/clam/uni_features/pt_files/1733302.pt,/home/gly001/cqj/data/lung_cancer/pathology/clam/uni_features/h5_files/1733302.h5,1008464920,/home/gly001/cqj/data/lung_cancer/ct/processed_ct_64/image/1008464920.npy,0,81.0,3,11187,3.0,-0.9058898,81.0,0.0
1730447,/home/gly001/cqj/data/lung_cancer/pathology/clam/uni_features/pt_files/1730447.pt,/home/gly001/cqj/data/lung_cancer/pathology/clam/uni_features/h5_files/1730447.h5,1008465140,/home/gly001/cqj/data/lung_cancer/ct/processed_ct_64/image/1008465140.npy,0,82.0,3,11475,3.0,-1.5176247,82.0,0.0
1732613,/home/gly001/cqj/data/lung_cancer/pathology/clam/uni_features/pt_files/1732613.pt,/home/gly001/cqj/data/lung_cancer/pathology/clam/uni_features/h5_files/1732613.h5,1008468244,/home/gly001/cqj/data/lung_cancer/ct/processed_ct_64/image/1008468244.npy,0,82.13333333333334,-1,21133,,,,
1731335,/home/gly001/cqj/data/lung_cancer/pathology/clam/uni_features/pt_files/1731335.pt,/home/gly001/cqj/data/lung_cancer/pathology/clam/uni_features/h5_files/1731335.h5,1008468925,/home/gly001/cqj/data/lung_cancer/ct/processed_ct_64/image/1008468925.npy,0,66.0,1,11706,1.0,0.40579838,66.0,0.0
1733191,/home/gly001/cqj/data/lung_cancer/pathology/clam/uni_features/pt_files/1733191.pt,/home/gly001/cqj/data/lung_cancer/pathology/clam/uni_features/h5_files/1733191.h5,1008472209,/home/gly001/cqj/data/lung_cancer/ct/processed_ct_64/image/1008472209.npy,0,60.0,1,7153,1.0,-0.65369564,60.0,0.0
1734943,/home/gly001/cqj/data/lung_cancer/pathology/clam/uni_features/pt_files/1734943.pt,/home/gly001/cqj/data/lung_cancer/pathology/clam/uni_features/h5_files/1734943.h5,1008478345,/home/gly001/cqj/data/lung_cancer/ct/processed_ct_64/image/1008478345.npy,0,80.0,-1,4142,,,,
1737169,/home/gly001/cqj/data/lung_cancer/pathology/clam/uni_features/pt_files/1737169.pt,/home/gly001/cqj/data/lung_cancer/pathology/clam/uni_features/h5_files/1737169.h5,1008478464,/home/gly001/cqj/data/lung_cancer/ct/processed_ct_64/image/1008478464.npy,0,53.0,1,1594,1.0,-2.29929,53.0,0.0
1736285,/home/gly001/cqj/data/lung_cancer/pathology/clam/uni_features/pt_files/1736285.pt,/home/gly001/cqj/data/lung_cancer/pathology/clam/uni_features/h5_files/1736285.h5,1008479048,/home/gly001/cqj/data/lung_cancer/ct/processed_ct_64/image/1008479048.npy,0,58.0,2,3772,2.0,-2.712954,58.0,0.0
1735167,/home/gly001/cqj/data/lung_cancer/pathology/clam/uni_features/pt_files/1735167.pt,/home/gly001/cqj/data/lung_cancer/pathology/clam/uni_features/h5_files/1735167.h5,1008479224,/home/gly001/cqj/data/lung_cancer/ct/processed_ct_64/image/1008479224.npy,0,80.0,3,15532,3.0,-2.3227732,80.0,0.0
1734758,/home/gly001/cqj/data/lung_cancer/pathology/clam/uni_features/pt_files/1734758.pt,/home/gly001/cqj/data/lung_cancer/pathology/clam/uni_features/h5_files/1734758.h5,1008479959,/home/gly001/cqj/data/lung_cancer/ct/processed_ct_64/image/1008479959.npy,0,81.43333333333334,1,17701,1.0,-0.92217124,81.433334,0.0
1740750,/home/gly001/cqj/data/lung_cancer/pathology/clam/uni_features/pt_files/1740750.pt,/home/gly001/cqj/data/lung_cancer/pathology/clam/uni_features/h5_files/1740750.h5,1008482140,/home/gly001/cqj/data/lung_cancer/ct/processed_ct_64/image/1008482140.npy,0,79.96666666666667,2,12147,2.0,-0.52990216,79.96667,0.0
1737717,/home/gly001/cqj/data/lung_cancer/pathology/clam/uni_features/pt_files/1737717.pt,/home/gly001/cqj/data/lung_cancer/pathology/clam/uni_features/h5_files/1737717.h5,1008488201,/home/gly001/cqj/data/lung_cancer/ct/processed_ct_64/image/1008488201.npy,0,66.0,4,10824,4.0,2.523847,66.0,0.0
1739128,/home/gly001/cqj/data/lung_cancer/pathology/clam/uni_features/pt_files/1739128.pt,/home/gly001/cqj/data/lung_cancer/pathology/clam/uni_features/h5_files/1739128.h5,1008488687,/home/gly001/cqj/data/lung_cancer/ct/processed_ct_64/image/1008488687.npy,0,42.3,3,13983,3.0,-0.7462559,42.3,0.0
1739507,/home/gly001/cqj/data/lung_cancer/pathology/clam/uni_features/pt_files/1739507.pt,/home/gly001/cqj/data/lung_cancer/pathology/clam/uni_features/h5_files/1739507.h5,1008493505,/home/gly001/cqj/data/lung_cancer/ct/processed_ct_64/image/1008493505.npy,0,62.333333333333336,0,16650,0.0,0.7470416,62.333332,0.0
1739039,/home/gly001/cqj/data/lung_cancer/pathology/clam/uni_features/pt_files/1739039.pt,/home/gly001/cqj/data/lung_cancer/pathology/clam/uni_features/h5_files/1739039.h5,1008494693,/home/gly001/cqj/data/lung_cancer/ct/processed_ct_64/image/1008494693.npy,0,80.0,1,19250,1.0,0.68777204,80.0,0.0
1737380,/home/gly001/cqj/data/lung_cancer/pathology/clam/uni_features/pt_files/1737380.pt,/home/gly001/cqj/data/lung_cancer/pathology/clam/uni_features/h5_files/1737380.h5,1008494820,/home/gly001/cqj/data/lung_cancer/ct/processed_ct_64/image/1008494820.npy,0,80.0,3,16507,3.0,-1.5812231,80.0,0.0
1738006,/home/gly001/cqj/data/lung_cancer/pathology/clam/uni_features/pt_files/1738006.pt,/home/gly001/cqj/data/lung_cancer/pathology/clam/uni_features/h5_files/1738006.h5,1008495896,/home/gly001/cqj/data/lung_cancer/ct/processed_ct_64/image/1008495896.npy,1,37.0,-1,11007,,,,
1720677,/home/gly001/cqj/data/lung_cancer/pathology/clam/uni_features/pt_files/1720677.pt,/home/gly001/cqj/data/lung_cancer/pathology/clam/uni_features/h5_files/1720677.h5,1008600737,/home/gly001/cqj/data/lung_cancer/ct/processed_ct_64/image/1008600737.npy,0,59.0,2,4530,2.0,-2.189978,59.0,0.0
1722988,/home/gly001/cqj/data/lung_cancer/pathology/clam/uni_features/pt_files/1722988.pt,/home/gly001/cqj/data/lung_cancer/pathology/clam/uni_features/h5_files/1722988.h5,1008618726,/home/gly001/cqj/data/lung_cancer/ct/processed_ct_64/image/1008618726.npy,0,82.73333333333333,0,13722,0.0,0.47697365,82.73333,0.0
1724765,/home/gly001/cqj/data/lung_cancer/pathology/clam/uni_features/pt_files/1724765.pt,/home/gly001/cqj/data/lung_cancer/pathology/clam/uni_features/h5_files/1724765.h5,1008624740,/home/gly001/cqj/data/lung_cancer/ct/processed_ct_64/image/1008624740.npy,0,72.0,4,16646,4.0,-1.5138768,72.0,0.0
1723321,/home/gly001/cqj/data/lung_cancer/pathology/clam/uni_features/pt_files/1723321.pt,/home/gly001/cqj/data/lung_cancer/pathology/clam/uni_features/h5_files/1723321.h5,1008625092,/home/gly001/cqj/data/lung_cancer/ct/processed_ct_64/image/1008625092.npy,0,8.433333333333334,0,22289,0.0,2.6129208,8.433333,0.0
1725311,/home/gly001/cqj/data/lung_cancer/pathology/clam/uni_features/pt_files/1725311.pt,/home/gly001/cqj/data/lung_cancer/pathology/clam/uni_features/h5_files/1725311.h5,1008628954,/home/gly001/cqj/data/lung_cancer/ct/processed_ct_64/image/1008628954.npy,1,42.5,-1,16577,,,,
1724775,/home/gly001/cqj/data/lung_cancer/pathology/clam/uni_features/pt_files/1724775.pt,/home/gly001/cqj/data/lung_cancer/pathology/clam/uni_features/h5_files/1724775.h5,1008629675,/home/gly001/cqj/data/lung_cancer/ct/processed_ct_64/image/1008629675.npy,1,33.0,3,16432,3.0,-1.3302132,33.0,1.0
1724969,/home/gly001/cqj/data/lung_cancer/pathology/clam/uni_features/pt_files/1724969.pt,/home/gly001/cqj/data/lung_cancer/pathology/clam/uni_features/h5_files/1724969.h5,1008632524,/home/gly001/cqj/data/lung_cancer/ct/processed_ct_64/image/1008632524.npy,0,83.0,3,12634,3.0,-0.7914833,83.0,0.0
1728623,/home/gly001/cqj/data/lung_cancer/pathology/clam/uni_features/pt_files/1728623.pt,/home/gly001/cqj/data/lung_cancer/pathology/clam/uni_features/h5_files/1728623.h5,1008640869,/home/gly001/cqj/data/lung_cancer/ct/processed_ct_64/image/1008640869.npy,1,16.866666666666667,4,21609,4.0,1.8862983,16.866667,1.0
1732026,/home/gly001/cqj/data/lung_cancer/pathology/clam/uni_features/pt_files/1732026.pt,/home/gly001/cqj/data/lung_cancer/pathology/clam/uni_features/h5_files/1732026.h5,1008644421,/home/gly001/cqj/data/lung_cancer/ct/processed_ct_64/image/1008644421.npy,0,77.0,0,13819,0.0,-0.5039664,77.0,0.0
1801935,/home/gly001/cqj/data/lung_cancer/pathology/clam/uni_features/pt_files/1801935.pt,/home/gly001/cqj/data/lung_cancer/pathology/clam/uni_features/h5_files/1801935.h5,1008647441,/home/gly001/cqj/data/lung_cancer/ct/processed_ct_64/image/1008647441.npy,0,78.0,-1,14467,,,,
1801242,/home/gly001/cqj/data/lung_cancer/pathology/clam/uni_features/pt_files/1801242.pt,/home/gly001/cqj/data/lung_cancer/pathology/clam/uni_features/h5_files/1801242.h5,1008647503,/home/gly001/cqj/data/lung_cancer/ct/processed_ct_64/image/1008647503.npy,1,41.333333333333336,1,11878,1.0,0.6585732,41.333332,1.0
1735482,/home/gly001/cqj/data/lung_cancer/pathology/clam/uni_features/pt_files/1735482.pt,/home/gly001/cqj/data/lung_cancer/pathology/clam/uni_features/h5_files/1735482.h5,1008648473,/home/gly001/cqj/data/lung_cancer/ct/processed_ct_64/image/1008648473.npy,0,80.0,2,15579,2.0,0.9812771,80.0,0.0
1733883,/home/gly001/cqj/data/lung_cancer/pathology/clam/uni_features/pt_files/1733883.pt,/home/gly001/cqj/data/lung_cancer/pathology/clam/uni_features/h5_files/1733883.h5,1008650695,/home/gly001/cqj/data/lung_cancer/ct/processed_ct_64/image/1008650695.npy,0,35.0,-1,6567,,,,
1734706,/home/gly001/cqj/data/lung_cancer/pathology/clam/uni_features/pt_files/1734706.pt,/home/gly001/cqj/data/lung_cancer/pathology/clam/uni_features/h5_files/1734706.h5,1008652489,/home/gly001/cqj/data/lung_cancer/ct/processed_ct_64/image/1008652489.npy,1,11.0,-1,13750,,,,
1734965,/home/gly001/cqj/data/lung_cancer/pathology/clam/uni_features/pt_files/1734965.pt,/home/gly001/cqj/data/lung_cancer/pathology/clam/uni_features/h5_files/1734965.h5,1008653156,/home/gly001/cqj/data/lung_cancer/ct/processed_ct_64/image/1008653156.npy,1,11.066666666666666,1,14344,1.0,0.46792856,11.066667,1.0
1737916,/home/gly001/cqj/data/lung_cancer/pathology/clam/uni_features/pt_files/1737916.pt,/home/gly001/cqj/data/lung_cancer/pathology/clam/uni_features/h5_files/1737916.h5,1008659357,/home/gly001/cqj/data/lung_cancer/ct/processed_ct_64/image/1008659357.npy,0,80.73333333333333,4,11556,4.0,-0.18214625,80.73333,0.0
1802517,/home/gly001/cqj/data/lung_cancer/pathology/clam/uni_features/pt_files/1802517.pt,/home/gly001/cqj/data/lung_cancer/pathology/clam/uni_features/h5_files/1802517.h5,1008677377,/home/gly001/cqj/data/lung_cancer/ct/processed_ct_64/image/1008677377.npy,0,71.0,0,9222,0.0,-0.4323973,71.0,0.0
1804340,/home/gly001/cqj/data/lung_cancer/pathology/clam/uni_features/pt_files/1804340.pt,/home/gly001/cqj/data/lung_cancer/pathology/clam/uni_features/h5_files/1804340.h5,1008680110,/home/gly001/cqj/data/lung_cancer/ct/processed_ct_64/image/1008680110.npy,1,21.6,4,13560,4.0,2.0098479,21.6,1.0
1808134,/home/gly001/cqj/data/lung_cancer/pathology/clam/uni_features/pt_files/1808134.pt,/home/gly001/cqj/data/lung_cancer/pathology/clam/uni_features/h5_files/1808134.h5,1008692982,/home/gly001/cqj/data/lung_cancer/ct/processed_ct_64/image/1008692982.npy,0,76.0,3,11724,3.0,1.2887229,76.0,0.0
1821002,/home/gly001/cqj/data/lung_cancer/pathology/clam/uni_features/pt_files/1821002.pt,/home/gly001/cqj/data/lung_cancer/pathology/clam/uni_features/h5_files/1821002.h5,1008694253,/home/gly001/cqj/data/lung_cancer/ct/processed_ct_64/image/1008694253.npy,0,62.0,0,12177,0.0,-1.5352505,62.0,0.0
1741209,/home/gly001/cqj/data/lung_cancer/pathology/clam/uni_features/pt_files/1741209.pt,/home/gly001/cqj/data/lung_cancer/pathology/clam/uni_features/h5_files/1741209.h5,1008707625,/home/gly001/cqj/data/lung_cancer/ct/processed_ct_64/image/1008707625.npy,1,12.166666666666666,0,14440,0.0,-3.3514557,12.166667,1.0
1740291,/home/gly001/cqj/data/lung_cancer/pathology/clam/uni_features/pt_files/1740291.pt,/home/gly001/cqj/data/lung_cancer/pathology/clam/uni_features/h5_files/1740291.h5,1008707900,/home/gly001/cqj/data/lung_cancer/ct/processed_ct_64/image/1008707900.npy,0,41.0,4,5996,4.0,-0.15095916,41.0,0.0
1741099,/home/gly001/cqj/data/lung_cancer/pathology/clam/uni_features/pt_files/1741099.pt,/home/gly001/cqj/data/lung_cancer/pathology/clam/uni_features/h5_files/1741099.h5,1008711127,/home/gly001/cqj/data/lung_cancer/ct/processed_ct_64/image/1008711127.npy,0,79.0,4,7113,4.0,-1.218706,79.0,0.0
1805930,/home/gly001/cqj/data/lung_cancer/pathology/clam/uni_features/pt_files/1805930.pt,/home/gly001/cqj/data/lung_cancer/pathology/clam/uni_features/h5_files/1805930.h5,1008714309,/home/gly001/cqj/data/lung_cancer/ct/processed_ct_64/image/1008714309.npy,0,52.0,2,22873,2.0,0.9256283,52.0,0.0
1800498,/home/gly001/cqj/data/lung_cancer/pathology/clam/uni_features/pt_files/1800498.pt,/home/gly001/cqj/data/lung_cancer/pathology/clam/uni_features/h5_files/1800498.h5,1008715965,/home/gly001/cqj/data/lung_cancer/ct/processed_ct_64/image/1008715965.npy,1,19.0,4,14286,4.0,0.32639837,19.0,1.0
1804299,/home/gly001/cqj/data/lung_cancer/pathology/clam/uni_features/pt_files/1804299.pt,/home/gly001/cqj/data/lung_cancer/pathology/clam/uni_features/h5_files/1804299.h5,1008716987,/home/gly001/cqj/data/lung_cancer/ct/processed_ct_64/image/1008716987.npy,0,63.0,-1,10025,,,,
1922266,/home/gly001/cqj/data/lung_cancer/pathology/clam/uni_features/pt_files/1922266.pt,/home/gly001/cqj/data/lung_cancer/pathology/clam/uni_features/h5_files/1922266.h5,1008717998,/home/gly001/cqj/data/lung_cancer/ct/processed_ct_64/image/1008717998.npy,0,21.0,1,15222,1.0,-0.9093252,21.0,0.0
1802588,/home/gly001/cqj/data/lung_cancer/pathology/clam/uni_features/pt_files/1802588.pt,/home/gly001/cqj/data/lung_cancer/pathology/clam/uni_features/h5_files/1802588.h5,1008718788,/home/gly001/cqj/data/lung_cancer/ct/processed_ct_64/image/1008718788.npy,1,18.0,2,5066,2.0,1.1923906,18.0,1.0
1803820,/home/gly001/cqj/data/lung_cancer/pathology/clam/uni_features/pt_files/1803820.pt,/home/gly001/cqj/data/lung_cancer/pathology/clam/uni_features/h5_files/1803820.h5,1008722957,/home/gly001/cqj/data/lung_cancer/ct/processed_ct_64/image/1008722957.npy,1,30.266666666666666,3,12557,3.0,-0.4973702,30.266666,1.0
1805294,/home/gly001/cqj/data/lung_cancer/pathology/clam/uni_features/pt_files/1805294.pt,/home/gly001/cqj/data/lung_cancer/pathology/clam/uni_features/h5_files/1805294.h5,1008725806,/home/gly001/cqj/data/lung_cancer/ct/processed_ct_64/image/1008725806.npy,0,63.0,1,12409,1.0,-1.6667572,63.0,0.0
1805298,/home/gly001/cqj/data/lung_cancer/pathology/clam/uni_features/pt_files/1805298.pt,/home/gly001/cqj/data/lung_cancer/pathology/clam/uni_features/h5_files/1805298.h5,1008731159,/home/gly001/cqj/data/lung_cancer/ct/processed_ct_64/image/1008731159.npy,0,74.0,-1,10866,,,,
1806572,/home/gly001/cqj/data/lung_cancer/pathology/clam/uni_features/pt_files/1806572.pt,/home/gly001/cqj/data/lung_cancer/pathology/clam/uni_features/h5_files/1806572.h5,1008731286,/home/gly001/cqj/data/lung_cancer/ct/processed_ct_64/image/1008731286.npy,1,14.0,-1,12345,,,,
1807131,/home/gly001/cqj/data/lung_cancer/pathology/clam/uni_features/pt_files/1807131.pt,/home/gly001/cqj/data/lung_cancer/pathology/clam/uni_features/h5_files/1807131.h5,1008732617,/home/gly001/cqj/data/lung_cancer/ct/processed_ct_64/image/1008732617.npy,0,76.0,1,14359,1.0,-0.32536352,76.0,0.0
1912267,/home/gly001/cqj/data/lung_cancer/pathology/clam/uni_features/pt_files/1912267.pt,/home/gly001/cqj/data/lung_cancer/pathology/clam/uni_features/h5_files/1912267.h5,1008746210,/home/gly001/cqj/data/lung_cancer/ct/processed_ct_64/image/1008746210.npy,1,22.0,4,7880,4.0,-0.49592257,22.0,1.0
1809027,/home/gly001/cqj/data/lung_cancer/pathology/clam/uni_features/pt_files/1809027.pt,/home/gly001/cqj/data/lung_cancer/pathology/clam/uni_features/h5_files/1809027.h5,1008747237,/home/gly001/cqj/data/lung_cancer/ct/processed_ct_64/image/1008747237.npy,0,48.0,-1,9353,,,,
1811139,/home/gly001/cqj/data/lung_cancer/pathology/clam/uni_features/pt_files/1811139.pt,/home/gly001/cqj/data/lung_cancer/pathology/clam/uni_features/h5_files/1811139.h5,1008747881,/home/gly001/cqj/data/lung_cancer/ct/processed_ct_64/image/1008747881.npy,0,75.0,-1,6146,,,,
1631879,/home/gly001/cqj/data/lung_cancer/pathology/clam/uni_features/pt_files/1631879.pt,/home/gly001/cqj/data/lung_cancer/pathology/clam/uni_features/h5_files/1631879.h5,1008758360,/home/gly001/cqj/data/lung_cancer/ct/processed_ct_64/image/1008758360.npy,0,77.4,2,1781,2.0,-1.8357246,77.4,0.0
1729284,/home/gly001/cqj/data/lung_cancer/pathology/clam/uni_features/pt_files/1729284.pt,/home/gly001/cqj/data/lung_cancer/pathology/clam/uni_features/h5_files/1729284.h5,1008761989,/home/gly001/cqj/data/lung_cancer/ct/processed_ct_64/image/1008761989.npy,0,21.0,3,10545,3.0,-0.8082491,21.0,0.0
1631152,/home/gly001/cqj/data/lung_cancer/pathology/clam/uni_features/pt_files/1631152.pt,/home/gly001/cqj/data/lung_cancer/pathology/clam/uni_features/h5_files/1631152.h5,1008804034,/home/gly001/cqj/data/lung_cancer/ct/processed_ct_64/image/1008804034.npy,0,94.0,1,5915,1.0,-1.4815348,94.0,0.0
1629345,/home/gly001/cqj/data/lung_cancer/pathology/clam/uni_features/pt_files/1629345.pt,/home/gly001/cqj/data/lung_cancer/pathology/clam/uni_features/h5_files/1629345.h5,1008808091,/home/gly001/cqj/data/lung_cancer/ct/processed_ct_64/image/1008808091.npy,0,91.0,-1,9036,,,,
1631638,/home/gly001/cqj/data/lung_cancer/pathology/clam/uni_features/pt_files/1631638.pt,/home/gly001/cqj/data/lung_cancer/pathology/clam/uni_features/h5_files/1631638.h5,1008808495,/home/gly001/cqj/data/lung_cancer/ct/processed_ct_64/image/1008808495.npy,1,8.0,4,5502,4.0,-0.5008605,8.0,1.0
1631633,/home/gly001/cqj/data/lung_cancer/pathology/clam/uni_features/pt_files/1631633.pt,/home/gly001/cqj/data/lung_cancer/pathology/clam/uni_features/h5_files/1631633.h5,1008810768,/home/gly001/cqj/data/lung_cancer/ct/processed_ct_64/image/1008810768.npy,1,36.0,3,10777,3.0,0.52171683,36.0,1.0
1633573,/home/gly001/cqj/data/lung_cancer/pathology/clam/uni_features/pt_files/1633573.pt,/home/gly001/cqj/data/lung_cancer/pathology/clam/uni_features/h5_files/1633573.h5,1008819119,/home/gly001/cqj/data/lung_cancer/ct/processed_ct_64/image/1008819119.npy,0,46.0,1,3315,1.0,-2.5626557,46.0,0.0
1638237,/home/gly001/cqj/data/lung_cancer/pathology/clam/uni_features/pt_files/1638237.pt,/home/gly001/cqj/data/lung_cancer/pathology/clam/uni_features/h5_files/1638237.h5,1008821169,/home/gly001/cqj/data/lung_cancer/ct/processed_ct_64/image/1008821169.npy,1,6.366666666666666,1,8665,1.0,-0.1893947,6.366667,1.0
1638248,/home/gly001/cqj/data/lung_cancer/pathology/clam/uni_features/pt_files/1638248.pt,/home/gly001/cqj/data/lung_cancer/pathology/clam/uni_features/h5_files/1638248.h5,1008828233,/home/gly001/cqj/data/lung_cancer/ct/processed_ct_64/image/1008828233.npy,0,93.2,-1,4637,,,,
1710045,/home/gly001/cqj/data/lung_cancer/pathology/clam/uni_features/pt_files/1710045.pt,/home/gly001/cqj/data/lung_cancer/pathology/clam/uni_features/h5_files/1710045.h5,1008844158,/home/gly001/cqj/data/lung_cancer/ct/processed_ct_64/image/1008844158.npy,1,10.966666666666669,2,7018,2.0,1.5918993,10.966666,1.0
1709223,/home/gly001/cqj/data/lung_cancer/pathology/clam/uni_features/pt_files/1709223.pt,/home/gly001/cqj/data/lung_cancer/pathology/clam/uni_features/h5_files/1709223.h5,1008847253,/home/gly001/cqj/data/lung_cancer/ct/processed_ct_64/image/1008847253.npy,0,88.0,4,9669,4.0,-0.5135954,88.0,0.0
1710992,/home/gly001/cqj/data/lung_cancer/pathology/clam/uni_features/pt_files/1710992.pt,/home/gly001/cqj/data/lung_cancer/pathology/clam/uni_features/h5_files/1710992.h5,1008857824,/home/gly001/cqj/data/lung_cancer/ct/processed_ct_64/image/1008857824.npy,1,43.13333333333333,1,17791,1.0,0.15541331,43.133335,1.0
1706360,/home/gly001/cqj/data/lung_cancer/pathology/clam/uni_features/pt_files/1706360.pt,/home/gly001/cqj/data/lung_cancer/pathology/clam/uni_features/h5_files/1706360.h5,1008859967,/home/gly001/cqj/data/lung_cancer/ct/processed_ct_64/image/1008859967.npy,0,89.63333333333334,4,13526,4.0,0.31472325,89.63333,0.0
1918303,/home/gly001/cqj/data/lung_cancer/pathology/clam/uni_features/pt_files/1918303.pt,/home/gly001/cqj/data/lung_cancer/pathology/clam/uni_features/h5_files/1918303.h5,1009803254,/home/gly001/cqj/data/lung_cancer/ct/processed_ct_64/image/1009803254.npy,0,61.0,3,12801,3.0,0.8725879,61.0,0.0
1920425,/home/gly001/cqj/data/lung_cancer/pathology/clam/uni_features/pt_files/1920425.pt,/home/gly001/cqj/data/lung_cancer/pathology/clam/uni_features/h5_files/1920425.h5,1009807060,/home/gly001/cqj/data/lung_cancer/ct/processed_ct_64/image/1009807060.npy,1,49.1,-1,14343,,,,
1923570,/home/gly001/cqj/data/lung_cancer/pathology/clam/uni_features/pt_files/1923570.pt,/home/gly001/cqj/data/lung_cancer/pathology/clam/uni_features/h5_files/1923570.h5,1009807688,/home/gly001/cqj/data/lung_cancer/ct/processed_ct_64/image/1009807688.npy,0,43.0,-1,13619,,,,
1922803,/home/gly001/cqj/data/lung_cancer/pathology/clam/uni_features/pt_files/1922803.pt,/home/gly001/cqj/data/lung_cancer/pathology/clam/uni_features/h5_files/1922803.h5,1009809553,/home/gly001/cqj/data/lung_cancer/ct/processed_ct_64/image/1009809553.npy,0,58.0,0,12801,0.0,-0.4982383,58.0,0.0
1924985,/home/gly001/cqj/data/lung_cancer/pathology/clam/uni_features/pt_files/1924985.pt,/home/gly001/cqj/data/lung_cancer/pathology/clam/uni_features/h5_files/1924985.h5,1009810533,/home/gly001/cqj/data/lung_cancer/ct/processed_ct_64/image/1009810533.npy,0,60.0,3,7984,3.0,-2.6686296,60.0,0.0
1926483,/home/gly001/cqj/data/lung_cancer/pathology/clam/uni_features/pt_files/1926483.pt,/home/gly001/cqj/data/lung_cancer/pathology/clam/uni_features/h5_files/1926483.h5,1009812478,/home/gly001/cqj/data/lung_cancer/ct/processed_ct_64/image/1009812478.npy,0,59.0,2,15562,2.0,0.07830779,59.0,0.0
1942065,/home/gly001/cqj/data/lung_cancer/pathology/clam/uni_features/pt_files/1942065.pt,/home/gly001/cqj/data/lung_cancer/pathology/clam/uni_features/h5_files/1942065.h5,1009837584,/home/gly001/cqj/data/lung_cancer/ct/processed_ct_64/image/1009837584.npy,0,47.0,0,3710,0.0,-0.51157814,47.0,0.0
1930437,/home/gly001/cqj/data/lung_cancer/pathology/clam/uni_features/pt_files/1930437.pt,/home/gly001/cqj/data/lung_cancer/pathology/clam/uni_features/h5_files/1930437.h5,1009850950,/home/gly001/cqj/data/lung_cancer/ct/processed_ct_64/image/1009850950.npy,0,58.0,2,8827,2.0,1.0439669,58.0,0.0
1930665,/home/gly001/cqj/data/lung_cancer/pathology/clam/uni_features/pt_files/1930665.pt,/home/gly001/cqj/data/lung_cancer/pathology/clam/uni_features/h5_files/1930665.h5,1009852582,/home/gly001/cqj/data/lung_cancer/ct/processed_ct_64/image/1009852582.npy,0,59.0,2,11490,2.0,-2.8780897,59.0,0.0
1930169,/home/gly001/cqj/data/lung_cancer/pathology/clam/uni_features/pt_files/1930169.pt,/home/gly001/cqj/data/lung_cancer/pathology/clam/uni_features/h5_files/1930169.h5,1009852661,/home/gly001/cqj/data/lung_cancer/ct/processed_ct_64/image/1009852661.npy,0,58.0,1,6790,1.0,-1.3750316,58.0,0.0
1930012,/home/gly001/cqj/data/lung_cancer/pathology/clam/uni_features/pt_files/1930012.pt,/home/gly001/cqj/data/lung_cancer/pathology/clam/uni_features/h5_files/1930012.h5,1009852735,/home/gly001/cqj/data/lung_cancer/ct/processed_ct_64/image/1009852735.npy,0,52.0,3,15383,3.0,-2.0029519,52.0,0.0
1932395,/home/gly001/cqj/data/lung_cancer/pathology/clam/uni_features/pt_files/1932395.pt,/home/gly001/cqj/data/lung_cancer/pathology/clam/uni_features/h5_files/1932395.h5,1009853534,/home/gly001/cqj/data/lung_cancer/ct/processed_ct_64/image/1009853534.npy,0,57.0,-1,8196,,,,
1920978,/home/gly001/cqj/data/lung_cancer/pathology/clam/uni_features/pt_files/1920978.pt,/home/gly001/cqj/data/lung_cancer/pathology/clam/uni_features/h5_files/1920978.h5,1009900810,/home/gly001/cqj/data/lung_cancer/ct/processed_ct_64/image/1009900810.npy,1,46.0,4,7301,4.0,-0.3517815,46.0,1.0
1913529,/home/gly001/cqj/data/lung_cancer/pathology/clam/uni_features/pt_files/1913529.pt,/home/gly001/cqj/data/lung_cancer/pathology/clam/uni_features/h5_files/1913529.h5,1009903416,/home/gly001/cqj/data/lung_cancer/ct/processed_ct_64/image/1009903416.npy,0,63.0,0,7937,0.0,-2.1103463,63.0,0.0
1917150,/home/gly001/cqj/data/lung_cancer/pathology/clam/uni_features/pt_files/1917150.pt,/home/gly001/cqj/data/lung_cancer/pathology/clam/uni_features/h5_files/1917150.h5,1009903992,/home/gly001/cqj/data/lung_cancer/ct/processed_ct_64/image/1009903992.npy,1,21.0,-1,4336,,,,
1941713,/home/gly001/cqj/data/lung_cancer/pathology/clam/uni_features/pt_files/1941713.pt,/home/gly001/cqj/data/lung_cancer/pathology/clam/uni_features/h5_files/1941713.h5,1009904741,/home/gly001/cqj/data/lung_cancer/ct/processed_ct_64/image/1009904741.npy,0,55.0,-1,4250,,,,
1917152,/home/gly001/cqj/data/lung_cancer/pathology/clam/uni_features/pt_files/1917152.pt,/home/gly001/cqj/data/lung_cancer/pathology/clam/uni_features/h5_files/1917152.h5,1009909525,/home/gly001/cqj/data/lung_cancer/ct/processed_ct_64/image/1009909525.npy,0,10.733333333333333,3,14132,3.0,0.2984229,10.733334,0.0
1919245,/home/gly001/cqj/data/lung_cancer/pathology/clam/uni_features/pt_files/1919245.pt,/home/gly001/cqj/data/lung_cancer/pathology/clam/uni_features/h5_files/1919245.h5,1009909783,/home/gly001/cqj/data/lung_cancer/ct/processed_ct_64/image/1009909783.npy,0,62.0,0,5071,0.0,-1.6640745,62.0,0.0
1918113,/home/gly001/cqj/data/lung_cancer/pathology/clam/uni_features/pt_files/1918113.pt,/home/gly001/cqj/data/lung_cancer/pathology/clam/uni_features/h5_files/1918113.h5,1009910016,/home/gly001/cqj/data/lung_cancer/ct/processed_ct_64/image/1009910016.npy,0,61.0,0,7504,0.0,-1.8434904,61.0,0.0
1920232,/home/gly001/cqj/data/lung_cancer/pathology/clam/uni_features/pt_files/1920232.pt,/home/gly001/cqj/data/lung_cancer/pathology/clam/uni_features/h5_files/1920232.h5,1009911888,/home/gly001/cqj/data/lung_cancer/ct/processed_ct_64/image/1009911888.npy,0,62.13333333333333,0,6473,0.0,-3.9478984,62.133335,0.0
1919873,/home/gly001/cqj/data/lung_cancer/pathology/clam/uni_features/pt_files/1919873.pt,/home/gly001/cqj/data/lung_cancer/pathology/clam/uni_features/h5_files/1919873.h5,1009914313,/home/gly001/cqj/data/lung_cancer/ct/processed_ct_64/image/1009914313.npy,0,61.06666666666667,4,12682,4.0,1.8989877,61.066666,0.0
1918858,/home/gly001/cqj/data/lung_cancer/pathology/clam/uni_features/pt_files/1918858.pt,/home/gly001/cqj/data/lung_cancer/pathology/clam/uni_features/h5_files/1918858.h5,1009915494,/home/gly001/cqj/data/lung_cancer/ct/processed_ct_64/image/1009915494.npy,0,45.0,3,3934,3.0,-1.3525771,45.0,0.0
1918734,/home/gly001/cqj/data/lung_cancer/pathology/clam/uni_features/pt_files/1918734.pt,/home/gly001/cqj/data/lung_cancer/pathology/clam/uni_features/h5_files/1918734.h5,1009915531,/home/gly001/cqj/data/lung_cancer/ct/processed_ct_64/image/1009915531.npy,0,44.0,4,9358,4.0,-2.0348756,44.0,0.0
1919315,/home/gly001/cqj/data/lung_cancer/pathology/clam/uni_features/pt_files/1919315.pt,/home/gly001/cqj/data/lung_cancer/pathology/clam/uni_features/h5_files/1919315.h5,1009917713,/home/gly001/cqj/data/lung_cancer/ct/processed_ct_64/image/1009917713.npy,0,61.0,4,10566,4.0,-2.958075,61.0,0.0
1922460,/home/gly001/cqj/data/lung_cancer/pathology/clam/uni_features/pt_files/1922460.pt,/home/gly001/cqj/data/lung_cancer/pathology/clam/uni_features/h5_files/1922460.h5,1009922544,/home/gly001/cqj/data/lung_cancer/ct/processed_ct_64/image/1009922544.npy,0,61.6,-1,3304,,,,
1924112,/home/gly001/cqj/data/lung_cancer/pathology/clam/uni_features/pt_files/1924112.pt,/home/gly001/cqj/data/lung_cancer/pathology/clam/uni_features/h5_files/1924112.h5,1009923892,/home/gly001/cqj/data/lung_cancer/ct/processed_ct_64/image/1009923892.npy,0,60.0,4,8997,4.0,-1.6129612,60.0,0.0
1923197,/home/gly001/cqj/data/lung_cancer/pathology/clam/uni_features/pt_files/1923197.pt,/home/gly001/cqj/data/lung_cancer/pathology/clam/uni_features/h5_files/1923197.h5,1009924230,/home/gly001/cqj/data/lung_cancer/ct/processed_ct_64/image/1009924230.npy,0,13.133333333333333,0,6302,0.0,-0.7059556,13.133333,0.0
1925702,/home/gly001/cqj/data/lung_cancer/pathology/clam/uni_features/pt_files/1925702.pt,/home/gly001/cqj/data/lung_cancer/pathology/clam/uni_features/h5_files/1925702.h5,1009924269,/home/gly001/cqj/data/lung_cancer/ct/processed_ct_64/image/1009924269.npy,0,59.0,1,9474,1.0,-1.9856592,59.0,0.0
1922933,/home/gly001/cqj/data/lung_cancer/pathology/clam/uni_features/pt_files/1922933.pt,/home/gly001/cqj/data/lung_cancer/pathology/clam/uni_features/h5_files/1922933.h5,1009924548,/home/gly001/cqj/data/lung_cancer/ct/processed_ct_64/image/1009924548.npy,0,60.0,-1,11293,,,,
1926650,/home/gly001/cqj/data/lung_cancer/pathology/clam/uni_features/pt_files/1926650.pt,/home/gly001/cqj/data/lung_cancer/pathology/clam/uni_features/h5_files/1926650.h5,1009925407,/home/gly001/cqj/data/lung_cancer/ct/processed_ct_64/image/1009925407.npy,0,59.0,-1,13681,,,,
1924485,/home/gly001/cqj/data/lung_cancer/pathology/clam/uni_features/pt_files/1924485.pt,/home/gly001/cqj/data/lung_cancer/pathology/clam/uni_features/h5_files/1924485.h5,1009926235,/home/gly001/cqj/data/lung_cancer/ct/processed_ct_64/image/1009926235.npy,0,52.0,-1,19659,,,,
1924499,/home/gly001/cqj/data/lung_cancer/pathology/clam/uni_features/pt_files/1924499.pt,/home/gly001/cqj/data/lung_cancer/pathology/clam/uni_features/h5_files/1924499.h5,1009928684,/home/gly001/cqj/data/lung_cancer/ct/processed_ct_64/image/1009928684.npy,1,9.566666666666666,1,13418,1.0,0.29392642,9.566667,1.0
1924842,/home/gly001/cqj/data/lung_cancer/pathology/clam/uni_features/pt_files/1924842.pt,/home/gly001/cqj/data/lung_cancer/pathology/clam/uni_features/h5_files/1924842.h5,1009928762,/home/gly001/cqj/data/lung_cancer/ct/processed_ct_64/image/1009928762.npy,0,60.0,4,12355,4.0,2.4460297,60.0,0.0
1925703,/home/gly001/cqj/data/lung_cancer/pathology/clam/uni_features/pt_files/1925703.pt,/home/gly001/cqj/data/lung_cancer/pathology/clam/uni_features/h5_files/1925703.h5,1009930339,/home/gly001/cqj/data/lung_cancer/ct/processed_ct_64/image/1009930339.npy,0,59.0,3,8938,3.0,-1.5804161,59.0,0.0
1926327,/home/gly001/cqj/data/lung_cancer/pathology/clam/uni_features/pt_files/1926327.pt,/home/gly001/cqj/data/lung_cancer/pathology/clam/uni_features/h5_files/1926327.h5,1009932155,/home/gly001/cqj/data/lung_cancer/ct/processed_ct_64/image/1009932155.npy,0,59.0,-1,7923,,,,
1927741,/home/gly001/cqj/data/lung_cancer/pathology/clam/uni_features/pt_files/1927741.pt,/home/gly001/cqj/data/lung_cancer/pathology/clam/uni_features/h5_files/1927741.h5,1009933032,/home/gly001/cqj/data/lung_cancer/ct/processed_ct_64/image/1009933032.npy,0,54.0,1,11714,1.0,-1.0297345,54.0,0.0
1929015,/home/gly001/cqj/data/lung_cancer/pathology/clam/uni_features/pt_files/1929015.pt,/home/gly001/cqj/data/lung_cancer/pathology/clam/uni_features/h5_files/1929015.h5,1009933216,/home/gly001/cqj/data/lung_cancer/ct/processed_ct_64/image/1009933216.npy,0,59.0,-1,9820,,,,
1926968,/home/gly001/cqj/data/lung_cancer/pathology/clam/uni_features/pt_files/1926968.pt,/home/gly001/cqj/data/lung_cancer/pathology/clam/uni_features/h5_files/1926968.h5,1009933935,/home/gly001/cqj/data/lung_cancer/ct/processed_ct_64/image/1009933935.npy,0,59.0,0,15401,0.0,-2.1450243,59.0,0.0
1927202,/home/gly001/cqj/data/lung_cancer/pathology/clam/uni_features/pt_files/1927202.pt,/home/gly001/cqj/data/lung_cancer/pathology/clam/uni_features/h5_files/1927202.h5,1009934080,/home/gly001/cqj/data/lung_cancer/ct/processed_ct_64/image/1009934080.npy,0,59.0,2,12074,2.0,-0.01203023,59.0,0.0
1929027,/home/gly001/cqj/data/lung_cancer/pathology/clam/uni_features/pt_files/1929027.pt,/home/gly001/cqj/data/lung_cancer/pathology/clam/uni_features/h5_files/1929027.h5,1009936213,/home/gly001/cqj/data/lung_cancer/ct/processed_ct_64/image/1009936213.npy,0,58.0,0,11118,0.0,-2.318664,58.0,0.0
1929023,/home/gly001/cqj/data/lung_cancer/pathology/clam/uni_features/pt_files/1929023.pt,/home/gly001/cqj/data/lung_cancer/pathology/clam/uni_features/h5_files/1929023.h5,1009936384,/home/gly001/cqj/data/lung_cancer/ct/processed_ct_64/image/1009936384.npy,0,58.0,1,11476,1.0,-1.8133281,58.0,0.0
1910359,/home/gly001/cqj/data/lung_cancer/pathology/clam/uni_features/pt_files/1910359.pt,/home/gly001/cqj/data/lung_cancer/pathology/clam/uni_features/h5_files/1910359.h5,1011047243,/home/gly001/cqj/data/lung_cancer/ct/processed_ct_64/image/1011047243.npy,1,8.0,0,11947,0.0,-0.012309687,8.0,1.0
1922820,/home/gly001/cqj/data/lung_cancer/pathology/clam/uni_features/pt_files/1922820.pt,/home/gly001/cqj/data/lung_cancer/pathology/clam/uni_features/h5_files/1922820.h5,1011048056,/home/gly001/cqj/data/lung_cancer/ct/processed_ct_64/image/1011048056.npy,0,57.0,2,10506,2.0,-0.42098173,57.0,0.0
1921184,/home/gly001/cqj/data/lung_cancer/pathology/clam/uni_features/pt_files/1921184.pt,/home/gly001/cqj/data/lung_cancer/pathology/clam/uni_features/h5_files/1921184.h5,1011060605,/home/gly001/cqj/data/lung_cancer/ct/processed_ct_64/image/1011060605.npy,0,61.0,3,12407,3.0,-2.3382556,61.0,0.0
1923931,/home/gly001/cqj/data/lung_cancer/pathology/clam/uni_features/pt_files/1923931.pt,/home/gly001/cqj/data/lung_cancer/pathology/clam/uni_features/h5_files/1923931.h5,1011080089,/home/gly001/cqj/data/lung_cancer/ct/processed_ct_64/image/1011080089.npy,0,57.0,4,8273,4.0,-1.8369762,57.0,0.0
1922265,/home/gly001/cqj/data/lung_cancer/pathology/clam/uni_features/pt_files/1922265.pt,/home/gly001/cqj/data/lung_cancer/pathology/clam/uni_features/h5_files/1922265.h5,1011107568,/home/gly001/cqj/data/lung_cancer/ct/processed_ct_64/image/1011107568.npy,1,25.33333333333333,4,9510,4.0,1.1679467,25.333334,1.0
1920973,/home/gly001/cqj/data/lung_cancer/pathology/clam/uni_features/pt_files/1920973.pt,/home/gly001/cqj/data/lung_cancer/pathology/clam/uni_features/h5_files/1920973.h5,1011109637,/home/gly001/cqj/data/lung_cancer/ct/processed_ct_64/image/1011109637.npy,1,4.9,3,19921,3.0,1.6732646,4.9,1.0
1921550,/home/gly001/cqj/data/lung_cancer/pathology/clam/uni_features/pt_files/1921550.pt,/home/gly001/cqj/data/lung_cancer/pathology/clam/uni_features/h5_files/1921550.h5,1011110685,/home/gly001/cqj/data/lung_cancer/ct/processed_ct_64/image/1011110685.npy,0,57.13333333333333,2,13448,2.0,-4.2596374,57.133335,0.0
1924486,/home/gly001/cqj/data/lung_cancer/pathology/clam/uni_features/pt_files/1924486.pt,/home/gly001/cqj/data/lung_cancer/pathology/clam/uni_features/h5_files/1924486.h5,1011110870,/home/gly001/cqj/data/lung_cancer/ct/processed_ct_64/image/1011110870.npy,0,48.0,-1,11188,,,,
1928016,/home/gly001/cqj/data/lung_cancer/pathology/clam/uni_features/pt_files/1928016.pt,/home/gly001/cqj/data/lung_cancer/pathology/clam/uni_features/h5_files/1928016.h5,1011116435,/home/gly001/cqj/data/lung_cancer/ct/processed_ct_64/image/1011116435.npy,0,59.0,4,10532,4.0,1.6306497,59.0,0.0
1928195,/home/gly001/cqj/data/lung_cancer/pathology/clam/uni_features/pt_files/1928195.pt,/home/gly001/cqj/data/lung_cancer/pathology/clam/uni_features/h5_files/1928195.h5,1011118952,/home/gly001/cqj/data/lung_cancer/ct/processed_ct_64/image/1011118952.npy,0,59.0,1,8677,1.0,-1.3289603,59.0,0.0
1908469,/home/gly001/cqj/data/lung_cancer/pathology/clam/uni_features/pt_files/1908469.pt,/home/gly001/cqj/data/lung_cancer/pathology/clam/uni_features/h5_files/1908469.h5,1011242266,/home/gly001/cqj/data/lung_cancer/ct/processed_ct_64/image/1011242266.npy,0,64.0,2,4710,2.0,-0.16304906,64.0,0.0
1832929,/home/gly001/cqj/data/lung_cancer/pathology/clam/uni_features/pt_files/1832929.pt,/home/gly001/cqj/data/lung_cancer/pathology/clam/uni_features/h5_files/1832929.h5,1011404789,/home/gly001/cqj/data/lung_cancer/ct/processed_ct_64/image/1011404789.npy,0,69.0,-1,12100,,,,
1834537,/home/gly001/cqj/data/lung_cancer/pathology/clam/uni_features/pt_files/1834537.pt,/home/gly001/cqj/data/lung_cancer/pathology/clam/uni_features/h5_files/1834537.h5,1011405898,/home/gly001/cqj/data/lung_cancer/ct/processed_ct_64/image/1011405898.npy,0,60.0,1,12651,1.0,-1.3793921,60.0,0.0
1901022,/home/gly001/cqj/data/lung_cancer/pathology/clam/uni_features/pt_files/1901022.pt,/home/gly001/cqj/data/lung_cancer/pathology/clam/uni_features/h5_files/1901022.h5,1011406901,/home/gly001/cqj/data/lung_cancer/ct/processed_ct_64/image/1011406901.npy,0,16.0,1,7173,1.0,-2.4270327,16.0,0.0
1908295,/home/gly001/cqj/data/lung_cancer/pathology/clam/uni_features/pt_files/1908295.pt,/home/gly001/cqj/data/lung_cancer/pathology/clam/uni_features/h5_files/1908295.h5,1011407320,/home/gly001/cqj/data/lung_cancer/ct/processed_ct_64/image/1011407320.npy,0,59.0,-1,12775,,,,
1840070,/home/gly001/cqj/data/lung_cancer/pathology/clam/uni_features/pt_files/1840070.pt,/home/gly001/cqj/data/lung_cancer/pathology/clam/uni_features/h5_files/1840070.h5,1011426382,/home/gly001/cqj/data/lung_cancer/ct/processed_ct_64/image/1011426382.npy,0,1.0,1,9815,1.0,0.8874091,1.0,0.0
1838871,/home/gly001/cqj/data/lung_cancer/pathology/clam/uni_features/pt_files/1838871.pt,/home/gly001/cqj/data/lung_cancer/pathology/clam/uni_features/h5_files/1838871.h5,1011428000,/home/gly001/cqj/data/lung_cancer/ct/processed_ct_64/image/1011428000.npy,0,67.0,0,9648,0.0,-1.1686945,67.0,0.0
1840751,/home/gly001/cqj/data/lung_cancer/pathology/clam/uni_features/pt_files/1840751.pt,/home/gly001/cqj/data/lung_cancer/pathology/clam/uni_features/h5_files/1840751.h5,1011428661,/home/gly001/cqj/data/lung_cancer/ct/processed_ct_64/image/1011428661.npy,0,67.0,4,9969,4.0,1.4369104,67.0,0.0
1902757,/home/gly001/cqj/data/lung_cancer/pathology/clam/uni_features/pt_files/1902757.pt,/home/gly001/cqj/data/lung_cancer/pathology/clam/uni_features/h5_files/1902757.h5,1011435847,/home/gly001/cqj/data/lung_cancer/ct/processed_ct_64/image/1011435847.npy,0,66.0,2,9397,2.0,-2.922877,66.0,0.0
1901451,/home/gly001/cqj/data/lung_cancer/pathology/clam/uni_features/pt_files/1901451.pt,/home/gly001/cqj/data/lung_cancer/pathology/clam/uni_features/h5_files/1901451.h5,1011461720,/home/gly001/cqj/data/lung_cancer/ct/processed_ct_64/image/1011461720.npy,0,100.46666666666668,3,15128,3.0,-2.7079272,100.46667,0.0
1840251,/home/gly001/cqj/data/lung_cancer/pathology/clam/uni_features/pt_files/1840251.pt,/home/gly001/cqj/data/lung_cancer/pathology/clam/uni_features/h5_files/1840251.h5,1011462098,/home/gly001/cqj/data/lung_cancer/ct/processed_ct_64/image/1011462098.npy,0,67.0,-1,11129,,,,
1841844,/home/gly001/cqj/data/lung_cancer/pathology/clam/uni_features/pt_files/1841844.pt,/home/gly001/cqj/data/lung_cancer/pathology/clam/uni_features/h5_files/1841844.h5,1011462846,/home/gly001/cqj/data/lung_cancer/ct/processed_ct_64/image/1011462846.npy,0,67.0,0,13055,0.0,0.19846536,67.0,0.0
1900142,/home/gly001/cqj/data/lung_cancer/pathology/clam/uni_features/pt_files/1900142.pt,/home/gly001/cqj/data/lung_cancer/pathology/clam/uni_features/h5_files/1900142.h5,1011464196,/home/gly001/cqj/data/lung_cancer/ct/processed_ct_64/image/1011464196.npy,0,12.0,3,9934,3.0,-1.6626943,12.0,0.0
1842055,/home/gly001/cqj/data/lung_cancer/pathology/clam/uni_features/pt_files/1842055.pt,/home/gly001/cqj/data/lung_cancer/pathology/clam/uni_features/h5_files/1842055.h5,1011467279,/home/gly001/cqj/data/lung_cancer/ct/processed_ct_64/image/1011467279.npy,0,67.0,1,6000,1.0,-2.280417,67.0,0.0
1906765,/home/gly001/cqj/data/lung_cancer/pathology/clam/uni_features/pt_files/1906765.pt,/home/gly001/cqj/data/lung_cancer/pathology/clam/uni_features/h5_files/1906765.h5,1011471608,/home/gly001/cqj/data/lung_cancer/ct/processed_ct_64/image/1011471608.npy,0,19.0,1,8218,1.0,-1.7130595,19.0,0.0
1902593,/home/gly001/cqj/data/lung_cancer/pathology/clam/uni_features/pt_files/1902593.pt,/home/gly001/cqj/data/lung_cancer/pathology/clam/uni_features/h5_files/1902593.h5,1011471928,/home/gly001/cqj/data/lung_cancer/ct/processed_ct_64/image/1011471928.npy,0,61.0,2,5950,2.0,-0.36496565,61.0,0.0
1903242,/home/gly001/cqj/data/lung_cancer/pathology/clam/uni_features/pt_files/1903242.pt,/home/gly001/cqj/data/lung_cancer/pathology/clam/uni_features/h5_files/1903242.h5,1011473034,/home/gly001/cqj/data/lung_cancer/ct/processed_ct_64/image/1011473034.npy,0,60.0,0,5372,0.0,-0.7916006,60.0,0.0
1907760,/home/gly001/cqj/data/lung_cancer/pathology/clam/uni_features/pt_files/1907760.pt,/home/gly001/cqj/data/lung_cancer/pathology/clam/uni_features/h5_files/1907760.h5,1011474330,/home/gly001/cqj/data/lung_cancer/ct/processed_ct_64/image/1011474330.npy,0,62.0,2,10288,2.0,-1.3197134,62.0,0.0
1907363,/home/gly001/cqj/data/lung_cancer/pathology/clam/uni_features/pt_files/1907363.pt,/home/gly001/cqj/data/lung_cancer/pathology/clam/uni_features/h5_files/1907363.h5,1011475183,/home/gly001/cqj/data/lung_cancer/ct/processed_ct_64/image/1011475183.npy,0,62.0,2,4219,2.0,-2.1681895,62.0,0.0
1909612,/home/gly001/cqj/data/lung_cancer/pathology/clam/uni_features/pt_files/1909612.pt,/home/gly001/cqj/data/lung_cancer/pathology/clam/uni_features/h5_files/1909612.h5,1011476921,/home/gly001/cqj/data/lung_cancer/ct/processed_ct_64/image/1011476921.npy,1,20.0,2,5700,2.0,-0.3275014,20.0,1.0
1908315,/home/gly001/cqj/data/lung_cancer/pathology/clam/uni_features/pt_files/1908315.pt,/home/gly001/cqj/data/lung_cancer/pathology/clam/uni_features/h5_files/1908315.h5,1011477361,/home/gly001/cqj/data/lung_cancer/ct/processed_ct_64/image/1011477361.npy,0,64.0,0,6481,0.0,-3.66647,64.0,0.0
1911314,/home/gly001/cqj/data/lung_cancer/pathology/clam/uni_features/pt_files/1911314.pt,/home/gly001/cqj/data/lung_cancer/pathology/clam/uni_features/h5_files/1911314.h5,1011478847,/home/gly001/cqj/data/lung_cancer/ct/processed_ct_64/image/1011478847.npy,0,60.0,0,6990,0.0,-1.5987309,60.0,0.0
1832345,/home/gly001/cqj/data/lung_cancer/pathology/clam/uni_features/pt_files/1832345.pt,/home/gly001/cqj/data/lung_cancer/pathology/clam/uni_features/h5_files/1832345.h5,1011524121,/home/gly001/cqj/data/lung_cancer/ct/processed_ct_64/image/1011524121.npy,0,69.0,2,10782,2.0,0.71541756,69.0,0.0
1840758,/home/gly001/cqj/data/lung_cancer/pathology/clam/uni_features/pt_files/1840758.pt,/home/gly001/cqj/data/lung_cancer/pathology/clam/uni_features/h5_files/1840758.h5,1011529306,/home/gly001/cqj/data/lung_cancer/ct/processed_ct_64/image/1011529306.npy,0,60.0,3,9845,3.0,-2.7846658,60.0,0.0
1916184,/home/gly001/cqj/data/lung_cancer/pathology/clam/uni_features/pt_files/1916184.pt,/home/gly001/cqj/data/lung_cancer/pathology/clam/uni_features/h5_files/1916184.h5,1011530366,/home/gly001/cqj/data/lung_cancer/ct/processed_ct_64/image/1011530366.npy,1,11.666666666666666,1,11667,1.0,2.296257,11.666667,1.0
1902594,/home/gly001/cqj/data/lung_cancer/pathology/clam/uni_features/pt_files/1902594.pt,/home/gly001/cqj/data/lung_cancer/pathology/clam/uni_features/h5_files/1902594.h5,1011532127,/home/gly001/cqj/data/lung_cancer/ct/processed_ct_64/image/1011532127.npy,1,63.0,-1,13479,,,,
1823210,/home/gly001/cqj/data/lung_cancer/pathology/clam/uni_features/pt_files/1823210.pt,/home/gly001/cqj/data/lung_cancer/pathology/clam/uni_features/h5_files/1823210.h5,1011541819,/home/gly001/cqj/data/lung_cancer/ct/processed_ct_64/image/1011541819.npy,1,24.966666666666665,0,13656,0.0,0.71493185,24.966667,1.0
1826450,/home/gly001/cqj/data/lung_cancer/pathology/clam/uni_features/pt_files/1826450.pt,/home/gly001/cqj/data/lung_cancer/pathology/clam/uni_features/h5_files/1826450.h5,1011542818,/home/gly001/cqj/data/lung_cancer/ct/processed_ct_64/image/1011542818.npy,0,62.0,-1,4486,,,,
1826720,/home/gly001/cqj/data/lung_cancer/pathology/clam/uni_features/pt_files/1826720.pt,/home/gly001/cqj/data/lung_cancer/pathology/clam/uni_features/h5_files/1826720.h5,1011542830,/home/gly001/cqj/data/lung_cancer/ct/processed_ct_64/image/1011542830.npy,0,71.0,0,10435,0.0,-1.962699,71.0,0.0
1827368,/home/gly001/cqj/data/lung_cancer/pathology/clam/uni_features/pt_files/1827368.pt,/home/gly001/cqj/data/lung_cancer/pathology/clam/uni_features/h5_files/1827368.h5,1011547359,/home/gly001/cqj/data/lung_cancer/ct/processed_ct_64/image/1011547359.npy,0,71.56666666666666,-1,15772,,,,
1824854,/home/gly001/cqj/data/lung_cancer/pathology/clam/uni_features/pt_files/1824854.pt,/home/gly001/cqj/data/lung_cancer/pathology/clam/uni_features/h5_files/1824854.h5,1011548779,/home/gly001/cqj/data/lung_cancer/ct/processed_ct_64/image/1011548779.npy,0,71.0,4,17259,4.0,-0.9865848,71.0,0.0
1828094,/home/gly001/cqj/data/lung_cancer/pathology/clam/uni_features/pt_files/1828094.pt,/home/gly001/cqj/data/lung_cancer/pathology/clam/uni_features/h5_files/1828094.h5,1011550659,/home/gly001/cqj/data/lung_cancer/ct/processed_ct_64/image/1011550659.npy,1,27.5,1,11951,1.0,0.079651274,27.5,1.0
1830522,/home/gly001/cqj/data/lung_cancer/pathology/clam/uni_features/pt_files/1830522.pt,/home/gly001/cqj/data/lung_cancer/pathology/clam/uni_features/h5_files/1830522.h5,1011551380,/home/gly001/cqj/data/lung_cancer/ct/processed_ct_64/image/1011551380.npy,0,70.0,-1,9906,,,,
1835488,/home/gly001/cqj/data/lung_cancer/pathology/clam/uni_features/pt_files/1835488.pt,/home/gly001/cqj/data/lung_cancer/pathology/clam/uni_features/h5_files/1835488.h5,1011555314,/home/gly001/cqj/data/lung_cancer/ct/processed_ct_64/image/1011555314.npy,0,68.0,2,12575,2.0,3.50317e-05,68.0,0.0
1835846,/home/gly001/cqj/data/lung_cancer/pathology/clam/uni_features/pt_files/1835846.pt,/home/gly001/cqj/data/lung_cancer/pathology/clam/uni_features/h5_files/1835846.h5,1011556085,/home/gly001/cqj/data/lung_cancer/ct/processed_ct_64/image/1011556085.npy,0,68.0,0,15444,0.0,-0.77729523,68.0,0.0
1836823,/home/gly001/cqj/data/lung_cancer/pathology/clam/uni_features/pt_files/1836823.pt,/home/gly001/cqj/data/lung_cancer/pathology/clam/uni_features/h5_files/1836823.h5,1011557345,/home/gly001/cqj/data/lung_cancer/ct/processed_ct_64/image/1011557345.npy,0,35.0,2,8851,2.0,-2.202497,35.0,0.0
1900969,/home/gly001/cqj/data/lung_cancer/pathology/clam/uni_features/pt_files/1900969.pt,/home/gly001/cqj/data/lung_cancer/pathology/clam/uni_features/h5_files/1900969.h5,1011559095,/home/gly001/cqj/data/lung_cancer/ct/processed_ct_64/image/1011559095.npy,0,57.0,3,4310,3.0,-2.6698194,57.0,0.0
1837426,/home/gly001/cqj/data/lung_cancer/pathology/clam/uni_features/pt_files/1837426.pt,/home/gly001/cqj/data/lung_cancer/pathology/clam/uni_features/h5_files/1837426.h5,1011559969,/home/gly001/cqj/data/lung_cancer/ct/processed_ct_64/image/1011559969.npy,0,68.0,0,11709,0.0,-0.53257453,68.0,0.0
1904992,/home/gly001/cqj/data/lung_cancer/pathology/clam/uni_features/pt_files/1904992.pt,/home/gly001/cqj/data/lung_cancer/pathology/clam/uni_features/h5_files/1904992.h5,1011565951,/home/gly001/cqj/data/lung_cancer/ct/processed_ct_64/image/1011565951.npy,0,65.0,2,11134,2.0,-2.5189219,65.0,0.0
1904968,/home/gly001/cqj/data/lung_cancer/pathology/clam/uni_features/pt_files/1904968.pt,/home/gly001/cqj/data/lung_cancer/pathology/clam/uni_features/h5_files/1904968.h5,1011566160,/home/gly001/cqj/data/lung_cancer/ct/processed_ct_64/image/1011566160.npy,0,65.0,2,9929,2.0,-2.2149532,65.0,0.0
1904966,/home/gly001/cqj/data/lung_cancer/pathology/clam/uni_features/pt_files/1904966.pt,/home/gly001/cqj/data/lung_cancer/pathology/clam/uni_features/h5_files/1904966.h5,1011566424,/home/gly001/cqj/data/lung_cancer/ct/processed_ct_64/image/1011566424.npy,0,65.0,3,13210,3.0,-0.8220104,65.0,0.0
1903865,/home/gly001/cqj/data/lung_cancer/pathology/clam/uni_features/pt_files/1903865.pt,/home/gly001/cqj/data/lung_cancer/pathology/clam/uni_features/h5_files/1903865.h5,1011568474,/home/gly001/cqj/data/lung_cancer/ct/processed_ct_64/image/1011568474.npy,0,50.0,4,15485,4.0,0.27357593,50.0,0.0
1907563,/home/gly001/cqj/data/lung_cancer/pathology/clam/uni_features/pt_files/1907563.pt,/home/gly001/cqj/data/lung_cancer/pathology/clam/uni_features/h5_files/1907563.h5,1011569961,/home/gly001/cqj/data/lung_cancer/ct/processed_ct_64/image/1011569961.npy,0,64.0,4,5758,4.0,-3.2412686,64.0,0.0
1908358,/home/gly001/cqj/data/lung_cancer/pathology/clam/uni_features/pt_files/1908358.pt,/home/gly001/cqj/data/lung_cancer/pathology/clam/uni_features/h5_files/1908358.h5,1011574423,/home/gly001/cqj/data/lung_cancer/ct/processed_ct_64/image/1011574423.npy,0,61.0,2,5207,2.0,-1.734103,61.0,0.0
1831798,/home/gly001/cqj/data/lung_cancer/pathology/clam/uni_features/pt_files/1831798.pt,/home/gly001/cqj/data/lung_cancer/pathology/clam/uni_features/h5_files/1831798.h5,1011582427,/home/gly001/cqj/data/lung_cancer/ct/processed_ct_64/image/1011582427.npy,1,23.23333333333333,4,7579,4.0,0.99550724,23.233334,1.0
1833662,/home/gly001/cqj/data/lung_cancer/pathology/clam/uni_features/pt_files/1833662.pt,/home/gly001/cqj/data/lung_cancer/pathology/clam/uni_features/h5_files/1833662.h5,1011586010,/home/gly001/cqj/data/lung_cancer/ct/processed_ct_64/image/1011586010.npy,0,69.0,3,11598,3.0,-2.0034006,69.0,0.0
1900676,/home/gly001/cqj/data/lung_cancer/pathology/clam/uni_features/pt_files/1900676.pt,/home/gly001/cqj/data/lung_cancer/pathology/clam/uni_features/h5_files/1900676.h5,1011599087,/home/gly001/cqj/data/lung_cancer/ct/processed_ct_64/image/1011599087.npy,1,34.0,3,12370,3.0,-2.437317,34.0,1.0
1923405,/home/gly001/cqj/data/lung_cancer/pathology/clam/uni_features/pt_files/1923405.pt,/home/gly001/cqj/data/lung_cancer/pathology/clam/uni_features/h5_files/1923405.h5,1011727120,/home/gly001/cqj/data/lung_cancer/ct/processed_ct_64/image/1011727120.npy,0,60.0,1,6882,1.0,-2.0109515,60.0,0.0
1822351,/home/gly001/cqj/data/lung_cancer/pathology/clam/uni_features/pt_files/1822351.pt,/home/gly001/cqj/data/lung_cancer/pathology/clam/uni_features/h5_files/1822351.h5,1011801976,/home/gly001/cqj/data/lung_cancer/ct/processed_ct_64/image/1011801976.npy,1,13.0,-1,11801,,,,
1821182,/home/gly001/cqj/data/lung_cancer/pathology/clam/uni_features/pt_files/1821182.pt,/home/gly001/cqj/data/lung_cancer/pathology/clam/uni_features/h5_files/1821182.h5,1011802407,/home/gly001/cqj/data/lung_cancer/ct/processed_ct_64/image/1011802407.npy,0,61.0,0,18642,0.0,-1.9845473,61.0,0.0
1828193,/home/gly001/cqj/data/lung_cancer/pathology/clam/uni_features/pt_files/1828193.pt,/home/gly001/cqj/data/lung_cancer/pathology/clam/uni_features/h5_files/1828193.h5,1011804735,/home/gly001/cqj/data/lung_cancer/ct/processed_ct_64/image/1011804735.npy,0,61.0,2,8940,2.0,-0.44205,61.0,0.0
1833533,/home/gly001/cqj/data/lung_cancer/pathology/clam/uni_features/pt_files/1833533.pt,/home/gly001/cqj/data/lung_cancer/pathology/clam/uni_features/h5_files/1833533.h5,1011808727,/home/gly001/cqj/data/lung_cancer/ct/processed_ct_64/image/1011808727.npy,0,37.0,3,4594,3.0,-2.3505192,37.0,0.0
1835853,/home/gly001/cqj/data/lung_cancer/pathology/clam/uni_features/pt_files/1835853.pt,/home/gly001/cqj/data/lung_cancer/pathology/clam/uni_features/h5_files/1835853.h5,1011809185,/home/gly001/cqj/data/lung_cancer/ct/processed_ct_64/image/1011809185.npy,0,68.0,1,10245,1.0,-1.911999,68.0,0.0
1840582,/home/gly001/cqj/data/lung_cancer/pathology/clam/uni_features/pt_files/1840582.pt,/home/gly001/cqj/data/lung_cancer/pathology/clam/uni_features/h5_files/1840582.h5,1011811295,/home/gly001/cqj/data/lung_cancer/ct/processed_ct_64/image/1011811295.npy,0,17.0,4,11959,4.0,0.60630864,17.0,0.0
1841202,/home/gly001/cqj/data/lung_cancer/pathology/clam/uni_features/pt_files/1841202.pt,/home/gly001/cqj/data/lung_cancer/pathology/clam/uni_features/h5_files/1841202.h5,1011811623,/home/gly001/cqj/data/lung_cancer/ct/processed_ct_64/image/1011811623.npy,0,67.0,2,7795,2.0,-2.9864562,67.0,0.0
1838887,/home/gly001/cqj/data/lung_cancer/pathology/clam/uni_features/pt_files/1838887.pt,/home/gly001/cqj/data/lung_cancer/pathology/clam/uni_features/h5_files/1838887.h5,1011812542,/home/gly001/cqj/data/lung_cancer/ct/processed_ct_64/image/1011812542.npy,1,54.0,0,8798,0.0,-0.28584892,54.0,1.0
1842387,/home/gly001/cqj/data/lung_cancer/pathology/clam/uni_features/pt_files/1842387.pt,/home/gly001/cqj/data/lung_cancer/pathology/clam/uni_features/h5_files/1842387.h5,1011818108,/home/gly001/cqj/data/lung_cancer/ct/processed_ct_64/image/1011818108.npy,1,64.0,-1,10030,,,,
1912831,/home/gly001/cqj/data/lung_cancer/pathology/clam/uni_features/pt_files/1912831.pt,/home/gly001/cqj/data/lung_cancer/pathology/clam/uni_features/h5_files/1912831.h5,1011820587,/home/gly001/cqj/data/lung_cancer/ct/processed_ct_64/image/1011820587.npy,0,63.0,1,13654,1.0,-2.2584395,63.0,0.0
1925047,/home/gly001/cqj/data/lung_cancer/pathology/clam/uni_features/pt_files/1925047.pt,/home/gly001/cqj/data/lung_cancer/pathology/clam/uni_features/h5_files/1925047.h5,1011838366,/home/gly001/cqj/data/lung_cancer/ct/processed_ct_64/image/1011838366.npy,1,13.3,2,18044,2.0,-0.3065634,13.3,1.0
1828773,/home/gly001/cqj/data/lung_cancer/pathology/clam/uni_features/pt_files/1828773.pt,/home/gly001/cqj/data/lung_cancer/pathology/clam/uni_features/h5_files/1828773.h5,1011905592,/home/gly001/cqj/data/lung_cancer/ct/processed_ct_64/image/1011905592.npy,0,61.0,2,5810,2.0,-1.6860421,61.0,0.0
1901447,/home/gly001/cqj/data/lung_cancer/pathology/clam/uni_features/pt_files/1901447.pt,/home/gly001/cqj/data/lung_cancer/pathology/clam/uni_features/h5_files/1901447.h5,1011907703,/home/gly001/cqj/data/lung_cancer/ct/processed_ct_64/image/1011907703.npy,0,62.0,-1,6545,,,,
1834244,/home/gly001/cqj/data/lung_cancer/pathology/clam/uni_features/pt_files/1834244.pt,/home/gly001/cqj/data/lung_cancer/pathology/clam/uni_features/h5_files/1834244.h5,1011907709,/home/gly001/cqj/data/lung_cancer/ct/processed_ct_64/image/1011907709.npy,0,46.0,3,11780,3.0,0.4721301,46.0,0.0
1837226,/home/gly001/cqj/data/lung_cancer/pathology/clam/uni_features/pt_files/1837226.pt,/home/gly001/cqj/data/lung_cancer/pathology/clam/uni_features/h5_files/1837226.h5,1011909486,/home/gly001/cqj/data/lung_cancer/ct/processed_ct_64/image/1011909486.npy,0,68.0,-1,12959,,,,
1840250,/home/gly001/cqj/data/lung_cancer/pathology/clam/uni_features/pt_files/1840250.pt,/home/gly001/cqj/data/lung_cancer/pathology/clam/uni_features/h5_files/1840250.h5,1011910156,/home/gly001/cqj/data/lung_cancer/ct/processed_ct_64/image/1011910156.npy,0,67.0,0,11438,0.0,-1.6241764,67.0,0.0
1900136,/home/gly001/cqj/data/lung_cancer/pathology/clam/uni_features/pt_files/1900136.pt,/home/gly001/cqj/data/lung_cancer/pathology/clam/uni_features/h5_files/1900136.h5,1011911554,/home/gly001/cqj/data/lung_cancer/ct/processed_ct_64/image/1011911554.npy,0,63.0,0,9478,0.0,-2.2877069,63.0,0.0
1907926,/home/gly001/cqj/data/lung_cancer/pathology/clam/uni_features/pt_files/1907926.pt,/home/gly001/cqj/data/lung_cancer/pathology/clam/uni_features/h5_files/1907926.h5,1011913117,/home/gly001/cqj/data/lung_cancer/ct/processed_ct_64/image/1011913117.npy,0,64.0,1,6727,1.0,-2.0809176,64.0,0.0
1920221,/home/gly001/cqj/data/lung_cancer/pathology/clam/uni_features/pt_files/1920221.pt,/home/gly001/cqj/data/lung_cancer/pathology/clam/uni_features/h5_files/1920221.h5,1011917976,/home/gly001/cqj/data/lung_cancer/ct/processed_ct_64/image/1011917976.npy,0,58.0,0,7722,0.0,-0.93797827,58.0,0.0
1919474,/home/gly001/cqj/data/lung_cancer/pathology/clam/uni_features/pt_files/1919474.pt,/home/gly001/cqj/data/lung_cancer/pathology/clam/uni_features/h5_files/1919474.h5,1011919400,/home/gly001/cqj/data/lung_cancer/ct/processed_ct_64/image/1011919400.npy,0,52.0,1,7924,1.0,-1.2852852,52.0,0.0
1826028,/home/gly001/cqj/data/lung_cancer/pathology/clam/uni_features/pt_files/1826028.pt,/home/gly001/cqj/data/lung_cancer/pathology/clam/uni_features/h5_files/1826028.h5,1011921511,/home/gly001/cqj/data/lung_cancer/ct/processed_ct_64/image/1011921511.npy,1,25.2,-1,12141,,,,
1826081,/home/gly001/cqj/data/lung_cancer/pathology/clam/uni_features/pt_files/1826081.pt,/home/gly001/cqj/data/lung_cancer/pathology/clam/uni_features/h5_files/1826081.h5,1011925443,/home/gly001/cqj/data/lung_cancer/ct/processed_ct_64/image/1011925443.npy,1,2.333333333333333,-1,19142,,,,
1826517,/home/gly001/cqj/data/lung_cancer/pathology/clam/uni_features/pt_files/1826517.pt,/home/gly001/cqj/data/lung_cancer/pathology/clam/uni_features/h5_files/1826517.h5,1011926034,/home/gly001/cqj/data/lung_cancer/ct/processed_ct_64/image/1011926034.npy,0,65.0,3,19492,3.0,-2.5269792,65.0,0.0
1830596,/home/gly001/cqj/data/lung_cancer/pathology/clam/uni_features/pt_files/1830596.pt,/home/gly001/cqj/data/lung_cancer/pathology/clam/uni_features/h5_files/1830596.h5,1011931464,/home/gly001/cqj/data/lung_cancer/ct/processed_ct_64/image/1011931464.npy,0,10.0,3,5119,3.0,-1.3850535,10.0,0.0
1834955,/home/gly001/cqj/data/lung_cancer/pathology/clam/uni_features/pt_files/1834955.pt,/home/gly001/cqj/data/lung_cancer/pathology/clam/uni_features/h5_files/1834955.h5,1011932140,/home/gly001/cqj/data/lung_cancer/ct/processed_ct_64/image/1011932140.npy,1,68.0,2,11088,2.0,-2.436316,68.0,1.0
1835181,/home/gly001/cqj/data/lung_cancer/pathology/clam/uni_features/pt_files/1835181.pt,/home/gly001/cqj/data/lung_cancer/pathology/clam/uni_features/h5_files/1835181.h5,1011933333,/home/gly001/cqj/data/lung_cancer/ct/processed_ct_64/image/1011933333.npy,0,58.63333333333333,1,14836,1.0,-0.9791702,58.633335,0.0
1907186,/home/gly001/cqj/data/lung_cancer/pathology/clam/uni_features/pt_files/1907186.pt,/home/gly001/cqj/data/lung_cancer/pathology/clam/uni_features/h5_files/1907186.h5,1011936909,/home/gly001/cqj/data/lung_cancer/ct/processed_ct_64/image/1011936909.npy,0,64.0,1,5029,1.0,-2.1689587,64.0,0.0
1905283,/home/gly001/cqj/data/lung_cancer/pathology/clam/uni_features/pt_files/1905283.pt,/home/gly001/cqj/data/lung_cancer/pathology/clam/uni_features/h5_files/1905283.h5,1011938709,/home/gly001/cqj/data/lung_cancer/ct/processed_ct_64/image/1011938709.npy,1,41.0,2,12833,2.0,-3.212927,41.0,1.0
1919861,/home/gly001/cqj/data/lung_cancer/pathology/clam/uni_features/pt_files/1919861.pt,/home/gly001/cqj/data/lung_cancer/pathology/clam/uni_features/h5_files/1919861.h5,1011939300,/home/gly001/cqj/data/lung_cancer/ct/processed_ct_64/image/1011939300.npy,0,58.0,2,4881,2.0,-3.4397275,58.0,0.0
1906226,/home/gly001/cqj/data/lung_cancer/pathology/clam/uni_features/pt_files/1906226.pt,/home/gly001/cqj/data/lung_cancer/pathology/clam/uni_features/h5_files/1906226.h5,1011939752,/home/gly001/cqj/data/lung_cancer/ct/processed_ct_64/image/1011939752.npy,1,22.23333333333333,0,18594,0.0,0.02885328,22.233334,1.0
1419270,/home/gly001/cqj/data/lung_cancer/pathology/clam/uni_features/pt_files/1419270.pt,/home/gly001/cqj/data/lung_cancer/pathology/clam/uni_features/h5_files/1419270.h5,3000020090,/home/gly001/cqj/data/lung_cancer/ct/processed_ct_64/image/3000020090.npy,0,102.0,3,6502,3.0,0.11930267,102.0,0.0
1435626,/home/gly001/cqj/data/lung_cancer/pathology/clam/uni_features/pt_files/1435626.pt,/home/gly001/cqj/data/lung_cancer/pathology/clam/uni_features/h5_files/1435626.h5,3000037132,/home/gly001/cqj/data/lung_cancer/ct/processed_ct_64/image/3000037132.npy,1,69.0,0,7530,0.0,-1.2688886,69.0,1.0
1441133,/home/gly001/cqj/data/lung_cancer/pathology/clam/uni_features/pt_files/1441133.pt,/home/gly001/cqj/data/lung_cancer/pathology/clam/uni_features/h5_files/1441133.h5,3000042778,/home/gly001/cqj/data/lung_cancer/ct/processed_ct_64/image/3000042778.npy,1,30.0,2,1567,2.0,-1.0908307,30.0,1.0
1505767,/home/gly001/cqj/data/lung_cancer/pathology/clam/uni_features/pt_files/1505767.pt,/home/gly001/cqj/data/lung_cancer/pathology/clam/uni_features/h5_files/1505767.h5,3000049996,/home/gly001/cqj/data/lung_cancer/ct/processed_ct_64/image/3000049996.npy,0,85.43333333333334,-1,16161,,,,
1714727,/home/gly001/cqj/data/lung_cancer/pathology/clam/uni_features/pt_files/1714727.pt,/home/gly001/cqj/data/lung_cancer/pathology/clam/uni_features/h5_files/1714727.h5,3000050096,/home/gly001/cqj/data/lung_cancer/ct/processed_ct_64/image/3000050096.npy,0,86.0,-1,7992,,,,
1924303,/home/gly001/cqj/data/lung_cancer/pathology/clam/uni_features/pt_files/1924303.pt,/home/gly001/cqj/data/lung_cancer/pathology/clam/uni_features/h5_files/1924303.h5,3000051562,/home/gly001/cqj/data/lung_cancer/ct/processed_ct_64/image/3000051562.npy,0,60.0,1,8024,1.0,-2.1617923,60.0,0.0
1709049,/home/gly001/cqj/data/lung_cancer/pathology/clam/uni_features/pt_files/1709049.pt,/home/gly001/cqj/data/lung_cancer/pathology/clam/uni_features/h5_files/1709049.h5,3000055368,/home/gly001/cqj/data/lung_cancer/ct/processed_ct_64/image/3000055368.npy,0,88.0,2,10752,2.0,-2.449078,88.0,0.0
1518665,/home/gly001/cqj/data/lung_cancer/pathology/clam/uni_features/pt_files/1518665.pt,/home/gly001/cqj/data/lung_cancer/pathology/clam/uni_features/h5_files/1518665.h5,3000065181,/home/gly001/cqj/data/lung_cancer/ct/processed_ct_64/image/3000065181.npy,0,90.0,2,14093,2.0,0.15948719,90.0,0.0
1533858,/home/gly001/cqj/data/lung_cancer/pathology/clam/uni_features/pt_files/1533858.pt,/home/gly001/cqj/data/lung_cancer/pathology/clam/uni_features/h5_files/1533858.h5,3000079441,/home/gly001/cqj/data/lung_cancer/ct/processed_ct_64/image/3000079441.npy,1,10.466666666666669,-1,9326,,,,
1541805,/home/gly001/cqj/data/lung_cancer/pathology/clam/uni_features/pt_files/1541805.pt,/home/gly001/cqj/data/lung_cancer/pathology/clam/uni_features/h5_files/1541805.h5,3000084043,/home/gly001/cqj/data/lung_cancer/ct/processed_ct_64/image/3000084043.npy,0,103.0,4,16229,4.0,0.8300363,103.0,0.0
1541211,/home/gly001/cqj/data/lung_cancer/pathology/clam/uni_features/pt_files/1541211.pt,/home/gly001/cqj/data/lung_cancer/pathology/clam/uni_features/h5_files/1541211.h5,3000084202,/home/gly001/cqj/data/lung_cancer/ct/processed_ct_64/image/3000084202.npy,0,70.96666666666667,3,13897,3.0,0.77670336,70.96667,0.0
1734035,/home/gly001/cqj/data/lung_cancer/pathology/clam/uni_features/pt_files/1734035.pt,/home/gly001/cqj/data/lung_cancer/pathology/clam/uni_features/h5_files/1734035.h5,3000115580,/home/gly001/cqj/data/lung_cancer/ct/processed_ct_64/image/3000115580.npy,0,67.0,3,11735,3.0,-1.5627159,67.0,0.0
1733553,/home/gly001/cqj/data/lung_cancer/pathology/clam/uni_features/pt_files/1733553.pt,/home/gly001/cqj/data/lung_cancer/pathology/clam/uni_features/h5_files/1733553.h5,3000118512,/home/gly001/cqj/data/lung_cancer/ct/processed_ct_64/image/3000118512.npy,0,78.0,0,3000,0.0,-1.6148233,78.0,0.0
1812586,/home/gly001/cqj/data/lung_cancer/pathology/clam/uni_features/pt_files/1812586.pt,/home/gly001/cqj/data/lung_cancer/pathology/clam/uni_features/h5_files/1812586.h5,3000201731,/home/gly001/cqj/data/lung_cancer/ct/processed_ct_64/image/3000201731.npy,0,18.0,1,12227,1.0,-0.7819327,18.0,0.0
1824459,/home/gly001/cqj/data/lung_cancer/pathology/clam/uni_features/pt_files/1824459.pt,/home/gly001/cqj/data/lung_cancer/pathology/clam/uni_features/h5_files/1824459.h5,3000212737,/home/gly001/cqj/data/lung_cancer/ct/processed_ct_64/image/3000212737.npy,0,71.0,-1,11013,,,,
1824021,/home/gly001/cqj/data/lung_cancer/pathology/clam/uni_features/pt_files/1824021.pt,/home/gly001/cqj/data/lung_cancer/pathology/clam/uni_features/h5_files/1824021.h5,3000212812,/home/gly001/cqj/data/lung_cancer/ct/processed_ct_64/image/3000212812.npy,0,71.0,0,2684,0.0,-2.8095126,71.0,0.0
1829925,/home/gly001/cqj/data/lung_cancer/pathology/clam/uni_features/pt_files/1829925.pt,/home/gly001/cqj/data/lung_cancer/pathology/clam/uni_features/h5_files/1829925.h5,3000216280,/home/gly001/cqj/data/lung_cancer/ct/processed_ct_64/image/3000216280.npy,1,56.8,-1,12660,,,,
1841125,/home/gly001/cqj/data/lung_cancer/pathology/clam/uni_features/pt_files/1841125.pt,/home/gly001/cqj/data/lung_cancer/pathology/clam/uni_features/h5_files/1841125.h5,3000229763,/home/gly001/cqj/data/lung_cancer/ct/processed_ct_64/image/3000229763.npy,0,67.0,0,5125,0.0,-2.2683897,67.0,0.0
1842047,/home/gly001/cqj/data/lung_cancer/pathology/clam/uni_features/pt_files/1842047.pt,/home/gly001/cqj/data/lung_cancer/pathology/clam/uni_features/h5_files/1842047.h5,3000230144,/home/gly001/cqj/data/lung_cancer/ct/processed_ct_64/image/3000230144.npy,0,66.0,1,9340,1.0,-1.5698439,66.0,0.0
1903382,/home/gly001/cqj/data/lung_cancer/pathology/clam/uni_features/pt_files/1903382.pt,/home/gly001/cqj/data/lung_cancer/pathology/clam/uni_features/h5_files/1903382.h5,3000232994,/home/gly001/cqj/data/lung_cancer/ct/processed_ct_64/image/3000232994.npy,0,65.0,-1,8962,,,,
1910772,/home/gly001/cqj/data/lung_cancer/pathology/clam/uni_features/pt_files/1910772.pt,/home/gly001/cqj/data/lung_cancer/pathology/clam/uni_features/h5_files/1910772.h5,3000252829,/home/gly001/cqj/data/lung_cancer/ct/processed_ct_64/image/3000252829.npy,0,63.0,0,11762,0.0,-1.7971638,63.0,0.0
1911681,/home/gly001/cqj/data/lung_cancer/pathology/clam/uni_features/pt_files/1911681.pt,/home/gly001/cqj/data/lung_cancer/pathology/clam/uni_features/h5_files/1911681.h5,3000254333,/home/gly001/cqj/data/lung_cancer/ct/processed_ct_64/image/3000254333.npy,1,13.0,1,4510,1.0,-1.87528,13.0,1.0
1911507,/home/gly001/cqj/data/lung_cancer/pathology/clam/uni_features/pt_files/1911507.pt,/home/gly001/cqj/data/lung_cancer/pathology/clam/uni_features/h5_files/1911507.h5,3000254341,/home/gly001/cqj/data/lung_cancer/ct/processed_ct_64/image/3000254341.npy,0,63.0,1,14056,1.0,-0.40776908,63.0,0.0
1923933,/home/gly001/cqj/data/lung_cancer/pathology/clam/uni_features/pt_files/1923933.pt,/home/gly001/cqj/data/lung_cancer/pathology/clam/uni_features/h5_files/1923933.h5,3000281883,/home/gly001/cqj/data/lung_cancer/ct/processed_ct_64/image/3000281883.npy,1,31.03333333333333,0,9275,0.0,-0.46465662,31.033333,1.0
1926193,/home/gly001/cqj/data/lung_cancer/pathology/clam/uni_features/pt_files/1926193.pt,/home/gly001/cqj/data/lung_cancer/pathology/clam/uni_features/h5_files/1926193.h5,3000284883,/home/gly001/cqj/data/lung_cancer/ct/processed_ct_64/image/3000284883.npy,0,59.0,4,11967,4.0,-1.1991754,59.0,0.0
1927107,/home/gly001/cqj/data/lung_cancer/pathology/clam/uni_features/pt_files/1927107.pt,/home/gly001/cqj/data/lung_cancer/pathology/clam/uni_features/h5_files/1927107.h5,3000285893,/home/gly001/cqj/data/lung_cancer/ct/processed_ct_64/image/3000285893.npy,0,15.0,1,8048,1.0,-1.6840013,15.0,0.0
1929852,/home/gly001/cqj/data/lung_cancer/pathology/clam/uni_features/pt_files/1929852.pt,/home/gly001/cqj/data/lung_cancer/pathology/clam/uni_features/h5_files/1929852.h5,3000294702,/home/gly001/cqj/data/lung_cancer/ct/processed_ct_64/image/3000294702.npy,0,58.0,0,11777,0.0,-2.1972198,58.0,0.0
1931323,/home/gly001/cqj/data/lung_cancer/pathology/clam/uni_features/pt_files/1931323.pt,/home/gly001/cqj/data/lung_cancer/pathology/clam/uni_features/h5_files/1931323.h5,3000295513,/home/gly001/cqj/data/lung_cancer/ct/processed_ct_64/image/3000295513.npy,0,48.0,2,3899,2.0,-3.3509893,48.0,0.0
1931313,/home/gly001/cqj/data/lung_cancer/pathology/clam/uni_features/pt_files/1931313.pt,/home/gly001/cqj/data/lung_cancer/pathology/clam/uni_features/h5_files/1931313.h5,3000296729,/home/gly001/cqj/data/lung_cancer/ct/processed_ct_64/image/3000296729.npy,0,14.0,-1,9373,,,,
1941711,/home/gly001/cqj/data/lung_cancer/pathology/clam/uni_features/pt_files/1941711.pt,/home/gly001/cqj/data/lung_cancer/pathology/clam/uni_features/h5_files/1941711.h5,3000350098,/home/gly001/cqj/data/lung_cancer/ct/processed_ct_64/image/3000350098.npy,0,55.0,1,6913,1.0,-1.0104641,55.0,0.0
1942879,/home/gly001/cqj/data/lung_cancer/pathology/clam/uni_features/pt_files/1942879.pt,/home/gly001/cqj/data/lung_cancer/pathology/clam/uni_features/h5_files/1942879.h5,3000355307,/home/gly001/cqj/data/lung_cancer/ct/processed_ct_64/image/3000355307.npy,0,54.0,-1,4777,,,,
1930666,/home/gly001/cqj/data/lung_cancer/pathology/clam/uni_features/pt_files/1930666.pt,/home/gly001/cqj/data/lung_cancer/pathology/clam/uni_features/h5_files/1930666.h5,6000002675,/home/gly001/cqj/data/lung_cancer/ct/processed_ct_64/image/6000002675.npy,0,58.0,2,10089,2.0,-2.6875973,58.0,0.0
1830985,/home/gly001/cqj/data/lung_cancer/pathology/clam/uni_features/pt_files/1830985.pt,/home/gly001/cqj/data/lung_cancer/pathology/clam/uni_features/h5_files/1830985.h5,6000019940,/home/gly001/cqj/data/lung_cancer/ct/processed_ct_64/image/6000019940.npy,0,67.0,1,10918,1.0,-2.552723,67.0,0.0
1908196,/home/gly001/cqj/data/lung_cancer/pathology/clam/uni_features/pt_files/1908196.pt,/home/gly001/cqj/data/lung_cancer/pathology/clam/uni_features/h5_files/1908196.h5,6000086797,/home/gly001/cqj/data/lung_cancer/ct/processed_ct_64/image/6000086797.npy,0,64.0,3,6339,3.0,-1.8284237,64.0,0.0
1924111,/home/gly001/cqj/data/lung_cancer/pathology/clam/uni_features/pt_files/1924111.pt,/home/gly001/cqj/data/lung_cancer/pathology/clam/uni_features/h5_files/1924111.h5,6100007707,/home/gly001/cqj/data/lung_cancer/ct/processed_ct_64/image/6100007707.npy,1,42.0,1,12878,1.0,0.9476447,42.0,1.0
1705599,/home/gly001/cqj/data/lung_cancer/pathology/clam/uni_features/pt_files/1705599.pt,/home/gly001/cqj/data/lung_cancer/pathology/clam/uni_features/h5_files/1705599.h5,6200007212,/home/gly001/cqj/data/lung_cancer/ct/processed_ct_64/image/6200007212.npy,0,89.0,2,8905,2.0,-2.2091966,89.0,0.0
1821983,/home/gly001/cqj/data/lung_cancer/pathology/clam/uni_features/pt_files/1821983.pt,/home/gly001/cqj/data/lung_cancer/pathology/clam/uni_features/h5_files/1821983.h5,6290001836,/home/gly001/cqj/data/lung_cancer/ct/processed_ct_64/image/6290001836.npy,0,72.0,-1,4225,,,,
1609298,/home/gly001/cqj/data/lung_cancer/pathology/clam/uni_features/pt_files/1609298.pt,/home/gly001/cqj/data/lung_cancer/pathology/clam/uni_features/h5_files/1609298.h5,6300005150,/home/gly001/cqj/data/lung_cancer/ct/processed_ct_64/image/6300005150.npy,0,100.0,2,7373,2.0,-0.15494184,100.0,0.0
1516576,/home/gly001/cqj/data/lung_cancer/pathology/clam/uni_features/pt_files/1516576.pt,/home/gly001/cqj/data/lung_cancer/pathology/clam/uni_features/h5_files/1516576.h5,6300007053,/home/gly001/cqj/data/lung_cancer/ct/processed_ct_64/image/6300007053.npy,0,58.0,3,6038,3.0,0.096761376,58.0,0.0
1829971,/home/gly001/cqj/data/lung_cancer/pathology/clam/uni_features/pt_files/1829971.pt,/home/gly001/cqj/data/lung_cancer/pathology/clam/uni_features/h5_files/1829971.h5,6900006007,/home/gly001/cqj/data/lung_cancer/ct/processed_ct_64/image/6900006007.npy,0,70.0,-1,7192,,,,
1322982,/home/gly001/cqj/data/lung_cancer/pathology/clam/uni_features/pt_files/1322982.pt,/home/gly001/cqj/data/lung_cancer/pathology/clam/uni_features/h5_files/1322982.h5,6900018019,/home/gly001/cqj/data/lung_cancer/ct/processed_ct_64/image/6900018019.npy,1,28.0,4,10246,4.0,2.4893095,28.0,1.0
1521966,/home/gly001/cqj/data/lung_cancer/pathology/clam/uni_features/pt_files/1521966.pt,/home/gly001/cqj/data/lung_cancer/pathology/clam/uni_features/h5_files/1521966.h5,6900021211,/home/gly001/cqj/data/lung_cancer/ct/processed_ct_64/image/6900021211.npy,0,109.0,0,5373,0.0,-1.5590129,109.0,0.0
1910562,/home/gly001/cqj/data/lung_cancer/pathology/clam/uni_features/pt_files/1910562.pt,/home/gly001/cqj/data/lung_cancer/pathology/clam/uni_features/h5_files/1910562.h5,6900021532,/home/gly001/cqj/data/lung_cancer/ct/processed_ct_64/image/6900021532.npy,0,52.0,3,10293,3.0,-0.6789812,52.0,0.0
1642474,/home/gly001/cqj/data/lung_cancer/pathology/clam/uni_features/pt_files/1642474.pt,/home/gly001/cqj/data/lung_cancer/pathology/clam/uni_features/h5_files/1642474.h5,6900024572,/home/gly001/cqj/data/lung_cancer/ct/processed_ct_64/image/6900024572.npy,1,24.0,0,13629,0.0,1.1143277,24.0,1.0
1815999,/home/gly001/cqj/data/lung_cancer/pathology/clam/uni_features/pt_files/1815999.pt,/home/gly001/cqj/data/lung_cancer/pathology/clam/uni_features/h5_files/1815999.h5,6900028947,/home/gly001/cqj/data/lung_cancer/ct/processed_ct_64/image/6900028947.npy,1,71.0,4,12248,4.0,0.60681,71.0,1.0
1827963,/home/gly001/cqj/data/lung_cancer/pathology/clam/uni_features/pt_files/1827963.pt,/home/gly001/cqj/data/lung_cancer/pathology/clam/uni_features/h5_files/1827963.h5,6900031494,/home/gly001/cqj/data/lung_cancer/ct/processed_ct_64/image/6900031494.npy,0,67.0,3,9806,3.0,-2.4259639,67.0,0.0
1830688,/home/gly001/cqj/data/lung_cancer/pathology/clam/uni_features/pt_files/1830688.pt,/home/gly001/cqj/data/lung_cancer/pathology/clam/uni_features/h5_files/1830688.h5,6900031901,/home/gly001/cqj/data/lung_cancer/ct/processed_ct_64/image/6900031901.npy,0,61.0,-1,8968,,,,
1903145,/home/gly001/cqj/data/lung_cancer/pathology/clam/uni_features/pt_files/1903145.pt,/home/gly001/cqj/data/lung_cancer/pathology/clam/uni_features/h5_files/1903145.h5,6900034110,/home/gly001/cqj/data/lung_cancer/ct/processed_ct_64/image/6900034110.npy,1,66.0,2,12600,2.0,2.0176382,66.0,1.0
1639237,/home/gly001/cqj/data/lung_cancer/pathology/clam/uni_features/pt_files/1639237.pt,/home/gly001/cqj/data/lung_cancer/pathology/clam/uni_features/h5_files/1639237.h5,6990005891,/home/gly001/cqj/data/lung_cancer/ct/processed_ct_64/image/6990005891.npy,0,92.0,0,9494,0.0,-1.7069147,92.0,0.0
1830284,/home/gly001/cqj/data/lung_cancer/pathology/clam/uni_features/pt_files/1830284.pt,/home/gly001/cqj/data/lung_cancer/pathology/clam/uni_features/h5_files/1830284.h5,6990025836,/home/gly001/cqj/data/lung_cancer/ct/processed_ct_64/image/6990025836.npy,0,59.0,0,1359,0.0,-0.9840181,59.0,0.0
2124707,/home/gly001/cqj/data/lung_cancer/pathology/clam/uni_features/pt_files/2124707.pt,/home/gly001/cqj/data/lung_cancer/pathology/clam/uni_features/h5_files/2124707.h5,7301094044,/home/gly001/cqj/data/lung_cancer/ct/processed_ct_64/image/7301094044.npy,1,10.0,-1,15819,,,,
2129111,/home/gly001/cqj/data/lung_cancer/pathology/clam/uni_features/pt_files/2129111.pt,/home/gly001/cqj/data/lung_cancer/pathology/clam/uni_features/h5_files/2129111.h5,7301144861,/home/gly001/cqj/data/lung_cancer/ct/processed_ct_64/image/7301144861.npy,1,6.0,2,14482,2.0,2.4250188,6.0,1.0
1922806,/home/gly001/cqj/data/lung_cancer/pathology/clam/uni_features/pt_files/1922806.pt,/home/gly001/cqj/data/lung_cancer/pathology/clam/uni_features/h5_files/1922806.h5,J520000022,/home/gly001/cqj/data/lung_cancer/ct/processed_ct_64/image/J520000022.npy,0,58.0,-1,9926,,,,
