num_patches,max_attention,attention_entropy,attention_entropy_norm,effective_patch_num,effective_patch_ratio,epoch,split,case_id
8459,0.00018620087939780205,9.036151885986328,0.9992442727088928,8345.681023869352,0.9866037384879244,1,train,1801006
13970,0.00011278418969595805,9.535120964050293,0.998999834060669,13710.168333100573,0.9814007396636059,1,train,1736531
7647,0.00018871990323532373,8.935325622558594,0.9992458820343018,7545.831970655362,0.9867702328567232,1,train,1834947
12072,0.00012199040065752342,9.391228675842285,0.9992109537124634,11898.247520580775,0.9856069848062272,1,train,1510734
19577,7.8251410741359e-05,9.875726699829102,0.9993540048599243,19331.618474439,0.9874658259405936,1,train,1713787
8833,0.00015770502795930952,9.080069541931152,0.9993197917938232,8725.892726572729,0.9878741907135434,1,train,1642464
6801,0.00020772892457898706,8.818283081054688,0.9992586970329285,6713.609870254008,0.9871503999785337,1,train,1907764
9725,0.00014297786401584744,9.175765991210938,0.9992715120315552,9597.543492831326,0.986893932424815,1,train,1725319
5225,0.00027009760378859937,8.55485725402832,0.9992580413818359,5159.674578828594,0.9874975270485348,1,train,1518627
15782,0.00010188012674916536,9.654036521911621,0.9986976981163025,15391.8102797111,0.9752762818217653,1,train,1009410
16447,8.512283238815144e-05,9.699951171875,0.9991813898086548,16195.197148567791,0.9846900436899003,1,train,1903107
19475,7.903748337412253e-05,9.866936683654785,0.9989925026893616,19095.37387592914,0.9805070026151035,1,train,1717953
8344,0.00016968054114840925,9.022449493408203,0.9992415904998779,8233.367020585132,0.9867410139723313,1,train,1924069
18698,7.542375533375889e-05,9.830902099609375,0.999464213848114,18504.148651485088,0.9896325089038982,1,train,1826350
12870,0.00011308610555715859,9.454498291015625,0.9991381168365479,12665.384649665457,0.9841013713803773,1,train,1122091
12465,0.00011744036601157859,9.422924041748047,0.9991775155067444,12277.163495563027,0.9849308861261955,1,train,1839446
13711,0.0001056539622368291,9.51830005645752,0.9991965889930725,13505.614441055022,0.9850203807931605,1,train,1328255
10316,0.00013171849423088133,9.236868858337402,0.9995041489601135,10222.530920676676,0.9909394068123959,1,train,1512714
24780,6.47435081191361e-05,10.100159645080566,0.9982572197914124,23929.75863684304,0.9656884034238514,1,train,112027
16256,9.712330938782543e-05,9.68605899810791,0.998952329158783,15939.798674077925,0.9805486389073527,1,train,1117123
15190,0.00010403687338111922,9.614988327026367,0.998607873916626,14793.03196735692,0.9738664889635892,1,train,1124589
14783,0.00010638507956173271,9.590919494628906,0.9989257454872131,14490.336026956616,0.9802026670470552,1,train,1117569
12804,0.00012798584066331387,9.438691139221191,0.9980098605155945,12352.25230997595,0.9647182372677249,1,train,1120808
13927,0.0001050603314070031,9.533344268798828,0.9991363286972046,13705.961357949604,0.9841287684317946,1,train,1128566
13351,0.00011195955448783934,9.492331504821777,0.9992614984512329,13165.191699160818,0.9860828177036041,1,train,1201945
18018,8.664577035233378e-05,9.788337707519531,0.998898983001709,17632.36413675039,0.9785971881868349,1,train,1201535
6738,0.00022640063252765685,8.806686401367188,0.9989981651306152,6622.03600788406,0.9827895529658742,1,train,1836251
10693,0.00014055732754059136,9.269220352172852,0.99912428855896,10520.757217976456,0.9838920057959839,1,train,1202211
12346,0.00012332192272879183,9.413536071777344,0.9991984963417053,12161.197033331968,0.9850313488848184,1,train,1203201
8446,0.0001744814362609759,9.033470153808594,0.9991175532341003,8313.140273455041,0.9842695090522189,1,train,1206350
5348,0.0002828650176525116,8.578777313232422,0.9993358850479126,5288.015246713722,0.9887837035739945,1,train,1833085
17433,9.310743189416826e-05,9.755775451660156,0.9989407658576965,17078.92844714526,0.9796895799429393,1,train,1628357
12054,0.00012886770127806813,9.38597297668457,0.998810350894928,11796.933054899331,0.9786737228222442,1,train,1231110
3080,0.0004679163685068488,8.025293350219727,0.9990797638893127,3035.295415997648,0.9854855246745611,1,train,1740285
14107,0.00010413645213702694,9.543867111206055,0.9988948702812195,13819.146125511863,0.9795949617574157,1,train,1325814
9839,0.00014529365580528975,9.186918258666992,0.9992178678512573,9702.130430973695,0.9860890772409487,1,train,1906415
12921,0.00012230810534674674,9.448995590209961,0.9981393814086914,12486.530449913724,0.9663749284044365,1,train,1308534
8729,0.00017764006042852998,9.06307601928711,0.9987514615058899,8537.231063185309,0.9780308240560556,1,train,1302740
8001,0.0001822343037929386,8.981708526611328,0.9993754029273987,7912.345095091638,0.9889195219462115,1,train,1542509
4020,0.00034451871761120856,8.292436599731445,0.999204695224762,3968.227876874514,0.9871213624065955,1,train,1920751
15298,0.00010240940900985152,9.617059707641602,0.998088538646698,14776.507225104771,0.9659110488367612,1,train,1219950
17330,8.853264444041997e-05,9.749412536621094,0.9988952875137329,16969.61250328199,0.9792044144998263,1,train,1316839
14786,0.00010526762343943119,9.592826843261719,0.9991033673286438,14538.846007546845,0.9832845940448293,1,train,1326100
16094,8.79423605510965e-05,9.676177024841309,0.9989650249481201,15785.5548062924,0.9808347711129862,1,train,1321950
12730,0.0001216534583363682,9.437583923339844,0.9985047578811646,12385.031936215879,0.9729011733083959,1,train,1228314
13542,0.00010961608495563269,9.501913070678711,0.9987766146659851,13241.018671385067,0.9777742335980703,1,train,1301976
8814,0.00016409701493103057,9.07473373413086,0.998969316482544,8654.613766154636,0.9819166968634714,1,train,1702036
14389,9.192201105179265e-05,9.568754196166992,0.9994291663169861,14237.82691978782,0.9894938438937952,1,train,1309254
11735,0.00012516182323452085,9.36163330078125,0.9990718364715576,11534.882329875976,0.982946939060586,1,train,1318125
10142,0.00014094878861214966,9.215688705444336,0.9990512728691101,9970.507087427592,0.9830908191113776,1,train,1310089
12798,0.00011873158655362204,9.448208808898926,0.9990656971931458,12577.957663465504,0.982806505974801,1,train,1725136
6235,0.00026170368073508143,8.729339599609375,0.9990164041519165,6128.396660818843,0.9829024315667751,1,train,1338051
10754,0.00013477260654326528,9.273832321166992,0.99900883436203,10564.165918929555,0.9823475840551938,1,train,1328177
11396,0.000127259103464894,9.333459854125977,0.9991909265518188,11230.792206045422,0.9855030015834874,1,train,1234152
10648,0.00014139885024633259,9.264298439025879,0.9990478754043579,10465.048988436885,0.9828182746465896,1,train,1734991
6092,0.00022567891573999077,8.709135055541992,0.9993577003479004,6025.022334135273,0.9890056359381604,1,train,1923943
16865,8.563399751437828e-05,9.724745750427246,0.9991523623466492,16595.629386490145,0.9840278319887427,1,train,1401669
12667,0.00011259520397288725,9.440197944641113,0.9993058443069458,12504.46639321733,0.9871687371293384,1,train,1406614
14777,0.00011180347792105749,9.5957670211792,0.999472975730896,14627.500215465656,0.9898829407501967,1,train,1405177
13911,0.00010403487976873294,9.53376579284668,0.9993009567260742,13728.03397674327,0.9868473852881368,1,train,1735982
13973,0.00010869796824408695,9.537961959838867,0.9992750287055969,13780.684261905582,0.9862366178992044,1,train,1607001
16820,0.00010668648610590026,9.718820571899414,0.9988178014755249,16434.305351694602,0.9770692836917124,1,train,1607145
13447,0.00010664478031685576,9.501230239868164,0.9994444251060486,13306.819552188806,0.9895753366690567,1,train,1608828
11470,0.00012091394455637783,9.343427658081055,0.9995653629302979,11378.264309058663,0.9920021193599532,1,train,1706099
4966,0.0002868870797101408,8.50466537475586,0.999329686164856,4910.216152333328,0.9887668450127524,1,train,1618445
17122,9.05606138985604e-05,9.740518569946289,0.9992203116416931,16867.14079745587,0.9851151032271855,1,train,1611939
18211,9.182433859677985e-05,9.801109313964844,0.9991160035133362,17897.63830790501,0.9827927246117737,1,train,1612403
12897,0.00013152799510862678,9.45108699798584,0.9985564351081848,12545.990384681214,0.9727836229108485,1,train,1618375
1128,0.001200144411996007,7.021882057189941,0.9991008639335632,1113.9572110085746,0.9875507189792329,1,train,1612231
10315,0.00015602904022671282,9.233955383300781,0.999199390411377,10164.833186598884,0.9854418988462321,1,train,1632169
14911,0.0001079868379747495,9.601339340209961,0.9991138577461243,14659.93298789501,0.9831622954795125,1,train,1517876
6524,0.00021351635223254561,8.776571273803711,0.9992403984069824,6438.418683099126,0.9868820789544951,1,train,1734888
7061,0.0002024927525781095,8.85716438293457,0.9994158148765564,6989.182828529183,0.9898290367553014,1,train,1604621
10902,0.00013462013157550246,9.288900375366211,0.9991608262062073,10736.703578168079,0.9848379726809832,1,train,1634182
7024,0.0002035165234701708,8.852727890014648,0.9995077252388,6963.637893746966,0.9914063060573699,1,train,1641792
5938,0.0002639328595250845,8.682985305786133,0.9992930293083191,5865.492506759195,0.987789239939238,1,train,1642575
13309,0.00010922864748863503,9.485857963562012,0.9989113807678223,13044.40726954104,0.9801192628703163,1,train,1702464
2437,0.0006694480543956161,7.786235809326172,0.9984244108200073,2377.9858270688687,0.9757840898928473,1,train,1701978
13607,0.00010643648420227692,9.511616706848145,0.9992936253547668,13427.852050205542,0.986834133181858,1,train,1704542
10736,0.00013759694411419332,9.274213790893555,0.9992302656173706,10584.29002407667,0.985869040990748,1,train,1705772
14713,0.00010886456584557891,9.586543083190918,0.9989637732505798,14429.716694125053,0.9807460541103141,1,train,1705914
11617,0.00012895507097709924,9.354734420776367,0.9994134902954102,11491.370660059858,0.9891857329826855,1,train,1706495
14076,0.00010426527296658605,9.545012474060059,0.9992448091506958,13876.563621358358,0.9858314593178714,1,train,1407480
7138,0.00019368797075003386,8.867835998535156,0.9993968605995178,7063.056319977799,0.9895007453036984,1,train,1411733
8394,0.00017884679255075753,9.026328086853027,0.9990100264549255,8246.720515889578,0.9824541953644957,1,train,1317792
13483,0.00010893913713516667,9.502249717712402,0.9992707371711731,13296.83964222096,0.9861929572217578,1,train,1440950
10709,0.00014369198470376432,9.27062702178955,0.9991148710250854,10534.151903259204,0.9836727895470356,1,train,1503058
15359,9.710952144814655e-05,9.633073806762695,0.9993377923965454,15167.652557464035,0.9875416731209086,1,train,1503553
10806,0.00013497122563421726,9.279382705688477,0.9990875720977783,10629.493997894193,0.9836659261423462,1,train,1518792
12647,0.00010933152952929959,9.439569473266602,0.9994064569473267,12508.414254458614,0.9890420063618734,1,train,1523343
13483,0.00011351350258337334,9.499855995178223,0.9990189671516418,13235.401798425915,0.9816362677761563,1,train,1528409
17254,9.085095371119678e-05,9.747016906738281,0.9990997910499573,16955.584945240593,0.9827045870662219,1,train,1918330
13099,0.00012711421004496515,9.467718124389648,0.9986737370491028,12783.981938581353,0.9759509839362817,1,train,1328060
12122,0.00012565861106850207,9.395049095153809,0.9991780519485474,11939.050048837202,0.984907610034417,1,train,1434735
7845,0.00020151295757386833,8.957292556762695,0.9988471269607544,7685.709006015075,0.9796952206520172,1,train,1436278
19219,8.952592179412022e-05,9.853475570678711,0.9989679455757141,18832.57990866047,0.9798938502867199,1,train,1434920
13176,0.0001159885068773292,9.480107307434082,0.9993627071380615,13018.04064417817,0.9880115850165582,1,train,1503898
19748,8.437474025413394e-05,9.878684997558594,0.9987744092941284,19276.110004256654,0.9761044158525751,1,train,1534406
6652,0.00021183428179938346,8.796060562133789,0.9992488622665405,6566.159021504908,0.987095463244875,1,train,1621482
13898,0.00011187219934072345,9.530098915100098,0.9990144371986389,13641.760847907799,0.9815628758028349,1,train,1618337
11537,0.0001283663441427052,9.344482421875,0.9990557432174683,11337.37250695929,0.9826967588592606,1,train,1618478
9772,0.0001590216561453417,9.177815437316895,0.9989701509475708,9594.350338862412,0.9818205422495305,1,train,1619449
3312,0.0003917636931873858,8.099926948547363,0.9993361234664917,3277.3951080594775,0.9895516630614364,1,train,1624930
14796,0.00010984300752170384,9.592769622802734,0.9990270137786865,14524.102539845684,0.9816235833904896,1,train,1625431
13366,0.00011066436127293855,9.494874954223633,0.9994111657142639,13217.547492700432,0.9888932734326226,1,train,1429813
4359,0.00034119002521038055,8.374417304992676,0.9993340373039246,4310.630240392858,0.9889034733638122,1,train,1431102
12837,0.00011118123074993491,9.452699661254883,0.9992191195487976,12655.571852408979,0.9858667798090659,1,train,1435984
10154,0.00014009840379003435,9.216309547424316,0.9989904165267944,9969.315937673022,0.98181169368456,1,train,1436722
9674,0.00016071631398517638,9.168725967407227,0.9990768432617188,9518.559286933698,0.9839321156640167,1,train,1438901
6388,0.000254535349085927,8.7521390914917,0.9988545179367065,6261.696507692596,0.9802280068397927,1,train,1330466
3527,0.00039297068724408746,8.161334991455078,0.9991591572761536,3479.39142266776,0.986501679236677,1,train,1930973
11591,0.00012434528616722673,9.350284576416016,0.9991771578788757,11416.259345098439,0.9849244538951288,1,train,1400804
5974,0.0002311050775460899,8.688082695007324,0.9991846680641174,5890.773893969205,0.9860686129844669,1,train,1610138
17013,9.177455649478361e-05,9.732538223266602,0.9990561604499817,16713.357590261818,0.9823874443226837,1,train,1409259
10826,0.00013793320977129042,9.281000137329102,0.9990628361701965,10641.942555837135,0.9829985734192809,1,train,1410840
14921,9.778414096217602e-05,9.603598594665527,0.9992793202400208,14717.935690141403,0.9863907037156627,1,train,1410100
8744,0.00017434913024771959,9.069859504699707,0.9993098974227905,8635.231237156457,0.9875607544780943,1,train,1410496
9762,0.0001535149203846231,9.179727554321289,0.9992896914482117,9636.168317321775,0.9871100509446604,1,train,1415574
14924,9.937320282915607e-05,9.602808952331543,0.9991761445999146,14690.502873723242,0.9843542531307453,1,train,1428071
6862,0.0002234119747299701,8.823671340942383,0.9988585710525513,6725.686851906334,0.980135070228262,1,train,1428940
14196,0.00011036392243113369,9.552227020263672,0.9991121292114258,13963.754664390834,0.9836400862490021,1,train,1328201
11342,0.00013162463437765837,9.330418586730957,0.9993734955787659,11213.854623147485,0.9887016948639997,1,train,1328129
12561,0.00012378892279230058,9.428466796875,0.9989526867866516,12318.797699135097,0.9807179125177212,1,train,1631783
15286,9.227811824530363e-05,9.627336502075195,0.999236524105072,15071.012541142949,0.9859356627726644,1,train,1328197
15853,0.00010295832908013836,9.660082817077637,0.9988594055175781,15506.99404966473,0.9781741026723478,1,train,1731145
12325,0.00012092510587535799,9.411094665527344,0.9991198778152466,12126.492836279807,0.9838939420916679,1,train,1419106
12453,0.00011377008922863752,9.425378799438477,0.9995399117469788,12346.550981429817,0.9914519378005152,1,train,1830808
11135,0.0001330679951934144,9.313077926635742,0.9994879961013794,11029.860337824146,0.990557731281917,1,train,1505082
16438,8.985308522824198e-05,9.701520919799805,0.9993994235992432,16247.56175036656,0.9884147554670009,1,train,1629944
11374,0.00013594825577456504,9.325408935546875,0.9985355138778687,11072.483707518568,0.9734907427042877,1,train,1518924
8286,0.00016667242744006217,9.017291069030762,0.9994423389434814,8203.530856171265,0.9900471706699571,1,train,1925866
16147,9.513399709248915e-05,9.6798095703125,0.9990010261535645,15842.953621198365,0.9811701010217604,1,train,1435084
5906,0.00023866551055107266,8.676738739013672,0.9991955757141113,5825.113596598488,0.986304367862934,1,train,1426932
7547,0.000203014409635216,8.918344497680664,0.9988172054290771,7390.5070339406675,0.9792642154419859,1,train,1426774
14175,0.00010383062908658758,9.550492286682129,0.9990853667259216,13935.76434426832,0.9831227050630208,1,train,1427058
13070,0.00012975535355508327,9.46697998046875,0.9988294243812561,12780.923087624478,0.9778824091525997,1,train,1426596
13499,0.00011193630052730441,9.499314308166504,0.998837411403656,13214.97394407285,0.9789594743368286,1,train,1437027
4781,0.0003167840768583119,8.467203140258789,0.9993859529495239,4732.061290851696,0.9897639177686041,1,train,1436006
7931,0.00019626533321570605,8.973224639892578,0.9994086027145386,7844.740169656355,0.9891237132336849,1,train,1433889
11908,0.00013238481187727302,9.37178897857666,0.9985959529876709,11608.572694847964,0.9748549458219654,1,train,1434064
6192,0.00025231079780496657,8.724145889282227,0.999213457107544,6108.249162287069,0.9864743479145783,1,train,1420889
16123,9.72963243839331e-05,9.679769515991211,0.999150276184082,15863.273042895336,0.9838909038575536,1,train,1330102
10231,0.00013127522834111005,9.229256629943848,0.9995753765106201,10152.178463419452,0.9922958130602534,1,train,1408153
15191,9.160440095001832e-05,9.621161460876465,0.9992421865463257,14977.337502115466,0.9859349287153885,1,train,1616383
12905,0.00011300750338705257,9.459169387817383,0.9993448853492737,12747.811918627085,0.9878195984988055,1,train,1724469
9083,0.00016238249372690916,9.102048873901367,0.9986712336540222,8873.940624723979,0.9769834443161928,1,train,1707020
7823,0.00018655858002603054,8.95766544342041,0.9992015361785889,7713.880728486842,0.986051480057119,1,train,1723298
8824,0.0001563401601742953,9.078292846679688,0.9992364048957825,8705.997509548863,0.9866270976369971,1,train,1729836
10595,0.00014243790064938366,9.262918472290039,0.9994367957115173,10484.529744358306,0.9895733595430208,1,train,1640855
8029,0.00018265903054270893,8.979555130004883,0.9987476468086243,7854.193057352504,0.9782280554679915,1,train,1639521
5633,0.0002691938716452569,8.629088401794434,0.9991536736488342,5551.449837437899,0.9855227831418248,1,train,1809921
6217,0.00022599767544306815,8.728619575500488,0.9992647171020508,6138.8998060854,0.9874376397113399,1,train,1832551
13486,0.00011030301538994536,9.500289916992188,0.9990412592887878,13248.14192739184,0.9823625928660715,1,train,1833112
10775,0.00014384406676981598,9.273868560791016,0.998802900314331,10539.486680146842,0.9781426153268531,1,train,1708676
4714,0.0003214201715309173,8.451305389404297,0.9991739988327026,4649.680053701778,0.9863555480911705,1,train,1709516
8347,0.00018378628010395914,9.021903991699219,0.9991413354873657,8218.896613817515,0.9846527631265741,1,train,1717129
9388,0.00015934077964629978,9.13859748840332,0.9990609288215637,9229.20530336845,0.9830853540017522,1,train,1740148
5684,0.00025282686692662537,8.639201164245605,0.9992817640304565,5614.119842437449,0.9877058132367081,1,train,1737299
11925,0.00013160934031475335,9.378927230834961,0.9992046356201172,11749.911812752307,0.9853175524320593,1,train,1919248
9475,0.000155164030729793,9.149028778076172,0.9991936683654785,9337.85219828466,0.9855252979719957,1,train,1800039
10159,0.00015466690820176154,9.219228744506836,0.9992536306381226,10021.143685730925,0.9864301295138228,1,train,1802590
14020,0.00010405962530057877,9.541402816772461,0.9992839097976685,13833.233133422267,0.9866785401870376,1,train,1800145
13654,0.00011601490405155346,9.512986183166504,0.9990756511688232,13416.605310610836,0.98261354259637,1,train,1801603
16743,9.585650695953518e-05,9.71402359008789,0.998795747756958,16355.195262098046,0.9768377986082569,1,train,1842045
12450,0.00011392803571652621,9.424530029296875,0.9994754791259766,12328.891239226266,0.9902723886928728,1,train,1700425
14795,0.00010326862684451044,9.595680236816406,0.9993372559547424,14610.527555469189,0.9875314332861905,1,train,1706146
21756,7.196520891739056e-05,9.97767448425293,0.9990017414093018,21332.151054633323,0.9805180664935339,1,train,1709575
16543,9.191798744723201e-05,9.70613956451416,0.9992197751998901,16298.168810422654,0.9852003149623801,1,train,1623777
17897,8.755538146942854e-05,9.78394603729248,0.9991379380226135,17598.358140583066,0.9833133005857443,1,train,1628522
9432,0.0001803524501156062,9.140120506286621,0.9987168908119202,9217.70154700822,0.9772796381476061,1,train,1627770
16559,8.663383778184652e-05,9.708536148071289,0.9993669986724854,16358.860897561257,0.9879135755517396,1,train,1701088
16804,0.00010530110739637166,9.720105171203613,0.9990475177764893,16491.25122165957,0.9813884326148281,1,train,1632024
19225,7.96863969299011e-05,9.855676651000977,0.9991595149040222,18912.85789949124,0.983763739895513,1,train,1633007
10439,0.00013571043382398784,9.247506141662598,0.9993733763694763,10319.487850369891,0.9885513794779089,1,train,1637625
9727,0.00016247011080849916,9.165542602539062,0.9981358051300049,9405.780210208197,0.9669764788946434,1,train,1632515
20031,7.555585034424439e-05,9.897562026977539,0.9992454051971436,19735.551571080476,0.985250440371448,1,train,1637858
16867,8.639675070298836e-05,9.724613189697266,0.9991266131401062,16589.00110580101,0.9835181778502999,1,train,1638866
15231,9.384546865476295e-05,9.625905990600586,0.9994619488716125,15076.335881908743,0.9898454390328109,1,train,1637859
8577,0.00017038118676282465,9.050277709960938,0.9992754459381104,8466.047740643264,0.9870639781559127,1,train,1706275
11020,0.00014148998889140785,9.298967361450195,0.9990867376327515,10836.736934000111,0.9833699577132587,1,train,1707353
11160,0.00013409902749117464,9.312530517578125,0.9991887807846069,10993.92013924885,0.985118292047388,1,train,1904645
20125,7.74558138800785e-05,9.89909553527832,0.9989280700683594,19710.55544162973,0.9794064815716637,1,train,1903106
12583,0.00012680896907113492,9.429793357849121,0.9989080429077148,12334.20433294277,0.9802276351381046,1,train,1901876
7409,0.00022475747391581535,8.90096664428711,0.9989356398582458,7268.933190887108,0.9810950453350126,1,train,1930003
4992,0.00031057148589752614,8.503868103027344,0.9986233115196228,4876.549461304654,0.9768728888831438,1,train,1929136
13101,0.0001086829652194865,9.47561264038086,0.9994903802871704,12975.65605941506,0.9904324906049202,1,train,1928673
9833,0.00015187612734735012,9.185222625732422,0.9990997314453125,9674.016352337341,0.9838316233435718,1,train,1636344
11736,0.00012442836305126548,9.364377975463867,0.9993555545806885,11596.767719969002,0.9881363087908148,1,train,1641093
8395,0.00017056822252925485,9.02946662902832,0.9993442296981812,8297.546178363464,0.9883914447127413,1,train,1734705
8226,0.0001695680693956092,9.008379936218262,0.9992595911026001,8118.7814098338185,0.986965889841213,1,train,1740419
10219,0.00014806589751970023,9.222970008850098,0.9990214109420776,10041.607045778212,0.9826408695350045,1,train,1805825
13109,0.00011632106907200068,9.473161697387695,0.9991675615310669,12905.607725695154,0.9844845316725268,1,train,1814670
14435,0.00011808193085016683,9.567456245422363,0.9989606142044067,14150.817675354254,0.9803129667720301,1,train,1821568
10149,0.00014155535609461367,9.21799087524414,0.9992260932922363,10007.884143004316,0.9860955900092931,1,train,1830473
20414,7.648126484127715e-05,9.91578483581543,0.9991745948791504,20086.98876324357,0.9839810308241193,1,train,1840236
13886,0.00011781245120801032,9.528371810913086,0.9989239573478699,13607.218996709451,0.9799235918701895,1,train,1612521
11634,0.00014600805297959596,9.34781265258789,0.9985179901123047,11314.624994545986,0.9725481343085771,1,train,1728790
7853,0.00020158561528660357,8.96196460723877,0.9992544651031494,7749.410302373647,0.9868089013591809,1,train,1841195
7292,0.00021386891603469849,8.88551139831543,0.9989857077598572,7162.106823553297,0.982186892972202,1,train,1841143
9092,0.0001691008947091177,9.104454040527344,0.9988265037536621,8900.78908790179,0.9789693233503949,1,train,1909993
19655,7.812142575858161e-05,9.878133773803711,0.9991954565048218,19345.760020381895,0.984266599866797,1,train,1716026
18452,8.542449359083548e-05,9.809282302856445,0.9986107349395752,17964.572958693847,0.9735840536903234,1,train,1912261
12665,0.0001270102511625737,9.440017700195312,0.9993034601211548,12502.284701859084,0.9871523649316292,1,train,1911518
18038,8.457146032014862e-05,9.793177604675293,0.999279797077179,17792.21034322502,0.9863737855208459,1,train,1520643
12742,0.00012422070722095668,9.443262100219727,0.999005913734436,12508.38010256877,0.9816653667060721,1,train,1426911
4526,0.00031271224725060165,8.4124174118042,0.9993850588798523,4479.419721434291,0.9897082901975898,1,train,1502783
15231,9.240832150680944e-05,9.625555992126465,0.9994255900382996,15066.090970986483,0.9891728035576445,1,train,1641142
13809,0.00011131998326163739,9.52547836303711,0.9992029666900635,13601.35316602011,0.9849629347541538,1,train,1607015
17065,9.228620183421299e-05,9.738247871398926,0.9993290901184082,16845.10019099185,0.9871139871662379,1,train,1612041
16251,9.310105087934062e-05,9.687126159667969,0.9990941286087036,15971.419665029925,0.9827961150101486,1,train,1617776
12580,0.0001203548745252192,9.432266235351562,0.9991952180862427,12389.715544785187,0.9848740496649593,1,train,1621584
13298,0.00011183727474417537,9.489580154418945,0.9993903040885925,13145.416101114883,0.98852580095615,1,train,1617984
12338,0.00012442405568435788,9.408578872680664,0.9987410306930542,12056.04855017544,0.9771477184450834,1,train,1519591
15457,0.00010133833711734042,9.638078689575195,0.999197781085968,15221.509702180434,0.9847648122003256,1,train,1518276
11576,0.00012696067278739065,9.350645065307617,0.9993540048599243,11438.42954359786,0.9881158900827454,1,train,1520463
11904,0.00012652156874537468,9.377392768859863,0.9992287755012512,11735.231010686535,0.9858224975375114,1,train,1526129
9247,0.00017853820463642478,9.124300003051758,0.9991508722305298,9104.251995743545,0.9845627766565962,1,train,1529736
9071,0.00015949676162563264,9.102826118469238,0.9989013671875,8896.694278865458,0.980784288266504,1,train,1532633
13976,0.00011497675586724654,9.53905963897705,0.9993675351142883,13809.618081573826,0.9880951689735136,1,train,1533101
7180,0.00020328520622570068,8.87165641784668,0.9991667866706848,7075.778201082957,0.985484429120189,1,train,1514418
6544,0.00022671489568892866,8.778129577636719,0.9990696907043457,6438.079085920717,0.9838140412470534,1,train,1514824
9363,0.0001763485197443515,9.132426261901855,0.9986773729324341,9142.703594139632,0.9764716003566839,1,train,1515311
10895,0.00013628345914185047,9.288522720336914,0.9991891980171204,10733.531527606996,0.9851795803218905,1,train,1517871
8831,0.000176234170794487,9.069355010986328,0.998165488243103,8546.04158827502,0.9677320335494305,1,train,1520444
13508,0.00011247804650338367,9.50298023223877,0.9991528391838074,13294.984865231512,0.9842304460491199,1,train,1520445
6514,0.000220412781345658,8.77441692352295,0.9991697072982788,6420.920993945956,0.985710929374571,1,train,1622515
16204,9.89060863503255e-05,9.687538146972656,0.9994351863861084,16028.87008457556,0.9891921799910861,1,train,1816593
20834,7.603536505484954e-05,9.935691833496094,0.999130129814148,20479.558725328494,0.9829873632201447,1,train,1622054
18599,8.154731767717749e-05,9.823297500610352,0.9992303848266602,18322.298873044725,0.9851227954752796,1,train,1716546
1724,0.00085826386930421,7.444292068481445,0.9989116787910461,1696.5144740054084,0.9840571194926963,1,train,1718419
17414,9.79021642706357e-05,9.756881713867188,0.9991655945777893,17134.848440650218,0.9839697048725289,1,train,1719671
13251,0.00011944355355808511,9.48379898071289,0.9991541504859924,13043.028225502618,0.9843052015321574,1,train,1721726
7566,0.00017882966494653374,8.926403999328613,0.999438464641571,7491.195351411902,0.9901130519973437,1,train,1729390
12103,0.00012018236157018691,9.395164489746094,0.9993571043014526,11961.025546696308,0.9882694824999015,1,train,1530005
11958,0.00012891602818854153,9.382101058959961,0.9992486834526062,11791.273436514053,0.9860573203306617,1,train,1531467
10884,0.00013585601118393242,9.286162376403809,0.9990439414978027,10696.162805802931,0.9827418968947934,1,train,1536309
14177,0.00011357395123923197,9.551955223083496,0.9992237091064453,13968.381201489132,0.9852847006763865,1,train,1536358
15604,0.0001046941542881541,9.645095825195312,0.9989449381828308,15292.404196096757,0.9800310302548549,1,train,1539416
14315,0.00010733219096437097,9.55998706817627,0.9990515112876892,14060.439426042436,0.9822172145331776,1,train,1543070
9581,0.00014977538376115263,9.159411430358887,0.9991136193275452,9430.10638399186,0.9842507445978353,1,train,1925713
13753,0.00011107755562989041,9.522530555725098,0.9993197321891785,13577.024215672434,0.9872045528737319,1,train,1602115
13562,0.00011215128324693069,9.507698059082031,0.9992297291755676,13368.317805773904,0.985718758720978,1,train,1639476
7762,0.00018669648852664977,8.948809623718262,0.9990861415863037,7636.938250794427,0.9838879477962417,1,train,1700730
21581,7.165101851569489e-05,9.971273422241211,0.9991688132286072,21229.201352105298,0.983698686442023,1,train,1718881
17343,8.21067878860049e-05,9.755887031555176,0.9994819164276123,17170.513400510896,0.9900543966159774,1,train,1731549
20959,7.217962411232293e-05,9.943418502807617,0.9993060827255249,20673.91916081059,0.9863981659817067,1,train,1828201
14408,0.00010155555355595425,9.570867538452148,0.9995121955871582,14274.670417327488,0.9907461422353893,1,train,1503793
11746,0.00013104412937536836,9.365106582641602,0.9993425011634827,11603.247099546048,0.9878466796821086,1,train,1721036
17046,9.58963209996e-05,9.734108924865723,0.999018669128418,16724.846731991904,0.981159611169301,1,train,1512461
10148,0.00016616361972410232,9.209823608398438,0.9983513951301575,9846.668597614229,0.9703063261346304,1,train,1519193
10420,0.00014455591735895723,9.24452018737793,0.9992474913597107,10278.342496363965,0.9864052299773478,1,train,1519496
15556,0.00010228133760392666,9.641453742980957,0.9988864660263062,15230.41254984912,0.9790699762052661,1,train,1521439
15764,9.500052692601457e-05,9.657028198242188,0.9991251230239868,15506.290731626304,0.9836520382914428,1,train,1942524
7239,0.00021331524476408958,8.880252838134766,0.9992139339447021,7139.785295296579,0.9862944184689292,1,train,1711695
787,0.0018397470703348517,6.660801887512207,0.9988862872123718,775.3376302468823,0.9851812328422901,1,train,1638631
13420,0.00011861512757604942,9.493305206298828,0.998822033405304,13127.389801724665,0.9781959613803775,1,train,1705483
12203,0.0001191423216369003,9.400683403015137,0.9990696907043457,11994.05925393137,0.9828779196862549,1,train,1705955
2867,0.00047884281957522035,7.955205917358398,0.9992694854736328,2834.318811160834,0.9886009107641555,1,train,1732487
16415,8.940977568272501e-05,9.700838088989258,0.9994732737541199,16248.666245787066,0.9898669659328094,1,train,1738821
11062,0.00012591762060765177,9.304348945617676,0.9992566704750061,10913.616012645407,0.9865861519296155,1,train,1739359
23090,6.464692705776542e-05,10.042316436767578,0.9995184540748596,22870.30570413297,0.9904853055059754,1,train,1741274
12771,0.00011699987953761593,9.446754455566406,0.9991350769996643,12564.767322579819,0.9838514855986077,1,train,1503265
8209,0.00018170414841733873,9.005667686462402,0.9991880059242249,8090.974319438149,0.9856224046093494,1,train,1503958
19149,8.037787483772263e-05,9.853995323181152,0.9993904232978821,18921.985655032116,0.9881448459466351,1,train,1503647
11487,0.00013034057337790728,9.342619895935059,0.9993206262588501,11342.791905555683,0.9874459741930602,1,train,1503131
15286,9.747740114107728e-05,9.627786636352539,0.9992832541465759,15079.761670364038,0.9865080250140023,1,train,1932572
9482,0.0001662356371525675,9.146888732910156,0.9988793730735779,9288.954546833915,0.979640850752364,1,train,1516291
15973,9.567803499521688e-05,9.668132781982422,0.9989128708839417,15643.287695955183,0.9793581478717325,1,train,1519894
6798,0.0002092151844408363,8.817901611328125,0.9992654323577881,6711.055487140204,0.9872102805443077,1,train,1523049
10417,0.00014797926996834576,9.235589981079102,0.998313307762146,10109.439597219913,0.9704751461284356,1,train,1522617
11771,0.0001330193190369755,9.364402770996094,0.9990407824516296,11562.409723468363,0.9822793070655308,1,train,1522871
19458,7.997371722012758e-05,9.869233131408691,0.9993134140968323,19196.446266022533,0.9865580360788638,1,train,1720012
11034,0.00013058855256531388,9.300346374511719,0.9990985989570618,10853.360964339205,0.9836288711563536,1,train,1619802
7551,0.00020876305643469095,8.918880462646484,0.9988179802894592,7399.496237771141,0.9799359340181619,1,train,1707913
9286,0.00014911455218680203,9.130308151245117,0.9993482828140259,9178.38433107507,0.9884109768549505,1,train,1706796
3195,0.00044042334775440395,8.06254768371582,0.9991579651832581,3152.680001919516,0.9867543042001615,1,train,1537918
14453,9.80061522568576e-05,9.573284149169922,0.9994390606880188,14300.868408949682,0.9894740475299025,1,train,1532422
8235,0.00019038848404306918,9.007932662963867,0.999088704586029,8098.841113952693,0.9834658304739154,1,train,1543210
13888,0.0001129248776123859,9.529460906982422,0.9990229606628418,13633.586002850932,0.9816810197905337,1,train,1611111
7349,0.00021249023848213255,8.893436431884766,0.9990021586418152,7220.079700536719,0.9824574364589358,1,train,1613235
3763,0.00037724676076322794,8.227855682373047,0.9993785619735718,3725.0601064056996,0.9899176471979005,1,train,1617723
7062,0.00023204665922094136,8.850826263427734,0.9986845850944519,6898.07205207562,0.9767873197501586,1,train,1617650
7234,0.0002058960235444829,8.878857612609863,0.9991346597671509,7124.244234056013,0.9848277901653322,1,train,1928830
20019,7.060788630042225e-05,9.898845672607422,0.9994354844093323,19800.813803508274,0.9891010441834395,1,train,1525520
18962,7.797813304932788e-05,9.840633392333984,0.9990296363830566,18612.573166800274,0.9815722585592381,1,train,1525778
16028,0.00010030726116383448,9.672281265258789,0.9989866614341736,15720.679630835735,0.9808260313723318,1,train,1529999
4941,0.0002862490655388683,8.500799179077148,0.9994680881500244,4897.06233426325,0.9911075357747925,1,train,1539095
2876,0.0005086796008981764,7.957757949829102,0.9991967082023621,2839.650849872814,0.9873612134467364,1,train,1729639
17905,8.800272189546376e-05,9.785287857055664,0.9992293119430542,17634.927465415378,0.9849163622125315,1,train,1605998
12363,0.00012158519530203193,9.411157608032227,0.9988000988960266,12098.682609631061,0.9786202871172904,1,train,1606587
10277,0.00015189808618742973,9.224488258361816,0.9985737800598145,10012.765460475248,0.9742887477352581,1,train,1607648
9555,0.00017694092821329832,9.147195816040039,0.9980770349502563,9223.156141357487,0.9652701351499202,1,train,1615403
3130,0.00044537303620018065,8.042709350585938,0.999244749546051,3092.5365228104206,0.9880308379586008,1,train,1942033
19148,8.293016435345635e-05,9.853522300720215,0.9993476867675781,18906.63717186799,0.9873948805028196,1,train,1538174
10649,0.00014495589130092412,9.266534805297852,0.9992789626121521,10508.606469876526,0.9868162709997677,1,train,1540535
8756,0.0001740048755891621,9.068333625793457,0.9989908337593079,8598.802106672507,0.982046837217052,1,train,1604743
4672,0.0002948703186120838,8.443449020385742,0.9993024468421936,4618.900611014226,0.9886345485903738,1,train,1543785
16700,8.913114288588986e-05,9.715354919433594,0.9991968870162964,16449.285478362304,0.9849871543929524,1,train,1600192
24252,6.608408875763416e-05,10.088159561157227,0.9991982579231262,23858.203953784447,0.9837623269744535,1,train,1803624
6967,0.0002062374696834013,8.839204788208008,0.9988998770713806,6835.708846719998,0.9811552815731303,1,train,1804424
13922,0.00012237514602020383,9.529281616210938,0.9987481832504272,13594.841504939839,0.9765006108992845,1,train,1804432
16214,9.609191329218447e-05,9.68655776977539,0.9992704391479492,15985.541427339205,0.9859097956913289,1,train,1809969
10290,0.00014384154928848147,9.22852611541748,0.9988741278648376,10082.381657437618,0.9798232903243554,1,train,1813167
16527,8.866396819939837e-05,9.706338882446289,0.9993398785591125,16316.57742841231,0.987267951135252,1,train,1813078
20748,8.621950837550685e-05,9.931232452392578,0.9990972876548767,20372.191609154514,0.9818870064177035,1,train,1818577
17846,8.630257070763037e-05,9.778060913085938,0.9988279938697815,17454.105914363237,0.9780402283068047,1,train,1814284
7433,0.00020437026978470385,8.907551765441895,0.9993119835853577,7342.8176007566835,0.9878672945993117,1,train,1812644
8505,0.0001753549004206434,9.042228698730469,0.999316930770874,8400.844704032088,0.9877536395099457,1,train,1842383
13493,0.00011146636097691953,9.502174377441406,0.9991849064826965,13291.317994690009,0.9850528418209449,1,train,1814487
9644,0.00015690524014644325,9.167947769165039,0.9993303418159485,9528.045727203264,0.9879765374536773,1,train,1817695
25476,5.691300975740887e-05,10.138908386230469,0.9993510246276855,25147.407023872103,0.9871018615117013,1,train,1815989
5129,0.00029255839763209224,8.53482437133789,0.9990820288658142,5049.880941536601,0.9845741746025739,1,train,1817623
11348,0.0001421052438672632,9.329532623291016,0.9992220401763916,11184.90533057897,0.9856278930718161,1,train,1819576
15272,0.00010472246503923088,9.623827934265137,0.9989672899246216,14975.576622057763,0.9805904021776953,1,train,1824936
7115,0.00021515123080462217,8.863229751586914,0.9992411136627197,7019.550571282587,0.9865847605456903,1,train,1826776
10580,0.00013471544662024826,9.258644104003906,0.9991284012794495,10416.090001038283,0.9845075615348093,1,train,1826191
18019,8.25629904284142e-05,9.790739059448242,0.9991384148597717,17724.757017446456,0.9836704044312369,1,train,2131561
20428,7.867328531574458e-05,9.920007705688477,0.999531090259552,20238.53847777613,0.9907254003219174,1,train,1813908
10783,0.000134274348965846,9.280092239379883,0.9993932247161865,10663.311556963961,0.9889002649507522,1,train,1813987
19601,7.279949204530567e-05,9.8775634765625,0.999415934085846,19378.46504750538,0.9886467551403183,1,train,1814861
12260,0.00014093345089349896,9.40312385559082,0.9988344311714172,11994.463294035982,0.9783412148479594,1,train,1817375
19779,7.682452269364148e-05,9.886499404907227,0.9994059801101685,19550.232199466234,0.9884338035020089,1,train,1817621
8650,0.00016767023771535605,9.05692195892334,0.9990742206573486,8508.467083236397,0.983637813090913,1,train,1818612
10908,0.00014741896302439272,9.287900924682617,0.9989942312240601,10707.241385859774,0.9815952865658025,1,train,1820101
19354,8.88437862158753e-05,9.860462188720703,0.9989674687385559,18968.842014317554,0.9800993083764366,1,train,1817910
8992,0.00016049166151788086,9.098090171813965,0.9993408918380737,8886.677413351972,0.9882870788870076,1,train,1941509
8523,0.00016706531459931284,9.043254852294922,0.9991968870162964,8401.89698672571,0.9857910344627138,1,train,1823703
8797,0.00017921668768394738,9.07227897644043,0.9989113807678223,8626.544027375176,0.9806233974508555,1,train,1925697
13457,0.00010719291458372027,9.50164794921875,0.9994102716445923,13309.34522558466,0.9890276603689278,1,train,1926474
13513,0.00010970477160299197,9.50210952758789,0.9990224242210388,13266.894759633196,0.9817875201386218,1,train,1927411
12135,0.00013173585466574878,9.395532608032227,0.9991156458854675,11931.905447263642,0.9832637368985284,1,train,1811082
16134,9.765930735738948e-05,9.680227279663086,0.9991270899772644,15865.58586603798,0.983363447752447,1,train,1813564
16985,8.688040543347597e-05,9.733556747436523,0.999329686164856,16768.118599717232,0.987231003810258,1,train,1815873
13915,0.00011182884918525815,9.527942657470703,0.9986604452133179,13572.552727063012,0.9753900630300404,1,train,1821500
9411,0.0001572177279740572,9.142806053161621,0.9992536902427673,9285.709935697456,0.9866868489743339,1,train,1924669
13335,0.00011066159640904516,9.49145221710205,0.9992951154708862,13159.884669354902,0.9868679917026548,1,train,1820492
14837,0.0001025231831590645,9.59791088104248,0.999274492263794,14634.19436645243,0.9863310889298665,1,train,1826911
4985,0.00028395428671501577,8.50815200805664,0.9992910027503967,4926.048971550417,0.9881743172618691,1,train,1729099
22878,7.138228102121502e-05,10.02895736694336,0.9991059303283691,22480.062323110666,0.9826060985711454,1,train,1727572
12608,0.00011336796160321683,9.435135841369629,0.9992638230323792,12438.110199382325,0.9865252378951717,1,train,1729427
11475,0.00012892414815723896,9.342354774475098,0.9994040131568909,11349.38225099667,0.989052919476834,1,train,1730447
13316,0.00012546787911560386,9.481805801391602,0.9984294176101685,12933.50762634827,0.9712757304256736,1,train,1730282
11706,0.0001181410625576973,9.362833976745605,0.9994637966156006,11590.698281807576,0.990150203468954,1,train,1731335
7153,0.00018920759612228721,8.86882209777832,0.9992715716362,7063.5115186891535,0.9874893777001473,1,train,1733191
4142,0.00036943162558600307,8.31544303894043,0.9983802437782288,4034.010201568204,0.9739281027446172,1,train,1734943
1594,0.0008311626152135432,7.368734359741211,0.9992856979370117,1577.5412596294568,0.989674566894264,1,train,1737169
15532,9.46479121921584e-05,9.642699241638184,0.9991753697395325,15293.021879402522,0.9846138217488103,1,train,1735167
17701,8.724557847017422e-05,9.77564525604248,0.9994140267372131,17499.848444097686,0.9886361473418274,1,train,1734758
10824,0.00013711233623325825,9.282732009887695,0.9992691278457642,10679.556735344055,0.9866552785794581,1,train,1737717
13983,0.00011445936252130195,9.535065650939941,0.998896598815918,13692.932989200792,0.9792557383394688,1,train,1739128
19250,7.695519889239222e-05,9.858600616455078,0.9993242621421814,18999.863758437787,0.9870059095292356,1,train,1739039
11007,0.00013508427946362644,9.297905921936035,0.9990994334220886,10823.934455474535,0.983368261603937,1,train,1738006
13722,0.00010099064820678905,9.522566795349121,0.9995603561401367,13608.327824578764,0.9917160635897656,1,train,1722988
16646,8.945235458668321e-05,9.713452339172363,0.9993340969085693,16437.096320335902,0.9874502174898415,1,train,1724765
22289,7.366848876699805e-05,9.999626159667969,0.9987792372703552,21750.95981699555,0.9758607302703374,1,train,1723321
18134,8.005572453839704e-05,9.797675132751465,0.9991974830627441,17854.68940177631,0.9845974082814775,1,train,1724819
16577,9.553256677463651e-05,9.707557678222656,0.9991545677185059,16305.048312496509,0.9835946379017017,1,train,1725311
16432,9.16420467547141e-05,9.698099136352539,0.9990845918655396,16152.197718320169,0.9829721104138369,1,train,1724775
21609,6.948478403501213e-05,9.970703125,0.9989818334579468,21179.06749322778,0.9801040072760322,1,train,1728623
13819,0.00010906465467996895,9.525364875793457,0.9991152286529541,13592.729245982504,0.9836261123078736,1,train,1732026
11878,0.00012638985936064273,9.371820449829102,0.9988678097724915,11637.153884073625,0.9797233443402614,1,train,1801242
15579,9.143022907665e-05,9.64760971069336,0.9993712902069092,15394.31699317488,0.9881453875842403,1,train,1735482
13750,0.00010614634811645374,9.519464492797852,0.9990208745002747,13504.341827521594,0.9821339510924796,1,train,1734706
11556,0.00012896732368972152,9.349172592163086,0.9993813633918762,11424.376722688434,0.9886099621571853,1,train,1737916
13560,0.00011877184442710131,9.50312614440918,0.9987647533416748,13244.742077017643,0.9767508906355195,1,train,1804340
11724,0.0001283544406760484,9.360851287841797,0.9990883469581604,11528.30112715501,0.9833078409378206,1,train,1808134
12177,0.0001264454040210694,9.397703170776367,0.9989794492721558,11945.032050979533,0.9809503203563713,1,train,1821002
14440,0.00010006971569964662,9.571928024291992,0.9993913173675537,14275.162655624243,0.988584671442122,1,train,1741209
5996,0.0002377349737798795,8.691750526428223,0.9991841316223145,5912.447339584928,0.9860652667753382,1,train,1740291
17857,8.793432061793283e-05,9.781355857849121,0.9991016387939453,17546.814754195264,0.982629487270833,1,train,1740516
7113,0.00021456352260429412,8.862930297851562,0.9992390871047974,7019.039364424823,0.9867902944502774,1,train,1741099
15761,9.913223766488954e-05,9.656608581542969,0.9991014003753662,15490.784972201132,0.9828554642599538,1,train,1740995
22873,6.84298065607436e-05,10.030853271484375,0.9993166923522949,22563.26734359173,0.9864585906348853,1,train,1805930
10025,0.00016020065231714398,9.204008102416992,0.9990416169166565,9852.109242831253,0.9827540391851624,1,train,1804299
12557,0.00011960998381255195,9.430785179138184,0.9992320537567139,12376.036399367218,0.9855886278065794,1,train,1803820
12409,0.00013469390978571028,9.41460132598877,0.9987719655036926,12124.875298448527,0.9771033361631499,1,train,1805294
14359,0.0001109656150219962,9.562528610229492,0.9989967346191406,14087.134002012639,0.9810665089499714,1,train,1807131
7880,0.00019664909632410854,8.964470863342285,0.9991515278816223,7762.509317567216,0.9850900149196975,1,train,1912267
9353,0.00016903916548471898,9.135066986083984,0.9990828633308411,9198.452465845197,0.9834761537309096,1,train,1809027
1781,0.0007645125733688474,7.47947359085083,0.9992709159851074,1762.2518656624559,0.9894732541619629,1,train,1631879
10545,0.00014502747217193246,9.256972312927246,0.9993054270744324,10411.401470758012,0.987330627857564,1,train,1729284
19470,8.207443897845224e-05,9.871129989624023,0.9994431734085083,19255.409807108193,0.9889784184441804,1,train,1740748
9036,0.00016084997332654893,9.09996509552002,0.999011218547821,8877.484068786556,0.9824572895956791,1,train,1629345
3315,0.0004821023321710527,8.09830093383789,0.9990240335464478,3262.917502352481,0.9842888393220154,1,train,1633573
9669,0.00016343056631740183,9.167673110961914,0.9990184307098389,9497.8599571902,0.9823001300227737,1,train,1709223
17791,8.387566049350426e-05,9.780799865722656,0.9994229674339294,17590.52212174746,0.9887315002949503,1,train,1710992
13526,0.00010778664000099525,9.501824378967285,0.9988914728164673,13253.05775094746,0.9798209190409183,1,train,1706360
12801,0.00012126680667279288,9.448991775512695,0.9991238117218018,12592.398570773868,0.9837042864443301,1,train,1918303
15383,9.578677418176085e-05,9.633533477783203,0.9992237091064453,15159.812763415333,0.9854913062091486,1,train,1930012
8196,0.00018146591901313514,9.00393009185791,0.9991709589958191,8077.877911208494,0.9855878368970832,1,train,1932395
7301,0.0002264475479023531,8.887880325317383,0.9991135001182556,7186.306920805082,0.984290771237513,1,train,1920978
7937,0.00018279929645359516,8.972610473632812,0.9992560148239136,7832.670089572599,0.9868552462608793,1,train,1913529
4336,0.0003523690393194556,8.368341445922852,0.9992399215698242,4281.161620065694,0.9873527721553721,1,train,1917150
14132,0.00011501780682010576,9.547307968139648,0.9990698099136353,13882.325734728996,0.9823327012969854,1,train,1917152
7504,0.00019952550064772367,8.916865348815918,0.9992911219596863,7410.536579558409,0.9875448533526665,1,train,1918113
3934,0.00034907605731859803,8.271831512451172,0.9993257522583008,3890.831933011956,0.989026927557691,1,train,1918858
9358,0.00015582684136461467,9.138097763061523,0.9993560314178467,9248.92264250946,0.9883439455556167,1,train,1918734
10566,0.00013692140055354685,9.257190704345703,0.999114453792572,10396.611625276455,0.9839685429941751,1,train,1919315
3304,0.00042525361641310155,8.093008995056152,0.9987806677818298,3241.0004361612378,0.9809323353998903,1,train,1922460
9474,0.00015026715118438005,9.151741027832031,0.9995014071464539,9388.717268485476,0.9909982339545573,1,train,1925702
11293,0.00012868591875303537,9.326982498168945,0.9994689226150513,11183.582001651837,0.9903109892545681,1,train,1922933
13681,0.00010983910033246502,9.51606273651123,0.999191403388977,13472.624061717323,0.9847689541493547,1,train,1926650
19659,7.393178384518251e-05,9.880123138427734,0.999376118183136,19423.08771391315,0.9879997819783891,1,train,1924485
13418,0.0001134187332354486,9.495027542114258,0.9990189075469971,13171.375182157175,0.9816198525977922,1,train,1924499
12355,0.00012710396549664438,9.408565521240234,0.9985936284065247,12037.672093382356,0.9743158311114817,1,train,1924842
5930,0.0002700854674912989,8.677634239196777,0.9988322854042053,5811.606178481265,0.9800347687152217,1,train,1925396
7923,0.00017581542488187551,8.969512939453125,0.9991075992584229,7800.002943865204,0.9844759489922004,1,train,1926327
11714,0.00012363519635982811,9.36270809173584,0.9993775486946106,11581.525024087632,0.9886908847607676,1,train,1927741
15401,9.229645365849137e-05,9.635746955871582,0.9993319511413574,15209.00630032129,0.9875336861451394,1,train,1926968
12074,0.00011604769679252058,9.391929626464844,0.9992679953575134,11913.070800445877,0.9866714262419974,1,train,1927202
11118,0.00013167792349122465,9.308834075927734,0.999196469783783,10954.57209189923,0.9853006018977541,1,train,1929027
11476,0.00013030061381869018,9.339109420776367,0.999047577381134,11274.571412656967,0.9824478400711892,1,train,1929023
6718,0.00022046857338864356,8.804825782775879,0.9991239309310913,6616.148834443671,0.9848390643708947,1,train,1909767
12407,0.00011767471005441621,9.419888496398926,0.9993499517440796,12257.656899648946,0.9879629966671191,1,train,1921184
8273,0.0001769980590324849,9.014481544494629,0.9993047714233398,8170.5086781997115,0.9876113475401561,1,train,1923931
8677,0.00017788556579034775,9.056273460388184,0.9986593723297119,8469.588619261054,0.9760964180316992,1,train,1928195
10826,0.0001521208178019151,9.279670715332031,0.9989197254180908,10611.791212962296,0.9802134872494269,1,train,2112421
12100,0.0001243275182787329,9.39073371887207,0.9989120960235596,11858.623277212098,0.9800515105133966,1,train,1832929
12651,0.00011370356514817104,9.439078330993652,0.9993209838867188,12491.71349477069,0.9874091767267956,1,train,1834537
7173,0.00018880526477005333,8.871177673339844,0.9992226362228394,7077.460858778966,0.9866807275587574,1,train,1901022
12775,0.00011130425264127553,9.450176239013672,0.9994639754295349,12647.692052120225,0.9900346029056928,1,train,1908295
9815,0.00015368396998383105,9.18281364440918,0.9990367889404297,9644.844254789758,0.9826637040030318,1,train,1840070
9648,0.00015769847959745675,9.165740966796875,0.99904465675354,9481.80110004632,0.9827737458588639,1,train,1838871
9969,0.00015282860840670764,9.198211669921875,0.9990199208259583,9794.086979622814,0.9824543063118482,1,train,1840751
9397,0.00016325725300703198,9.13801383972168,0.9988924264907837,9211.91750445217,0.980304086884343,1,train,1902757
15128,9.259867510991171e-05,9.618125915527344,0.9993581771850586,14946.571198703692,0.9880070861120896,1,train,1901451
13055,0.00012343356502242386,9.468589782714844,0.9991202354431152,12838.268482520803,0.983398581579533,1,train,1841844
6000,0.00024405366275459528,8.69227123260498,0.9991673827171326,5914.845267433606,0.9858075445722676,1,train,1842055
5950,0.0002443114062771201,8.68066120147705,0.9987935423851013,5828.449967905963,0.9795714231774727,1,train,1902593
11722,0.00013505149399861693,9.361303329467773,0.9991547465324402,11537.372799328437,0.9842495136775667,1,train,1906215
10288,0.0001500307844253257,9.223661422729492,0.9983686208724976,9989.618064425533,0.9709970902435393,1,train,1907760
4219,0.0003271969617344439,8.342290878295898,0.9993935823440552,4176.6993549770505,0.9899737745856958,1,train,1907363
6481,0.00022349260689225048,8.77088737487793,0.9993456602096558,6407.9863901986155,0.9887342061716734,1,train,1908315
10782,0.0001418721949448809,9.275508880615234,0.9989096522331238,10568.63222925248,0.980210742835511,1,train,1832345
9845,0.0001583109115017578,9.185968399047852,0.9990482330322266,9674.625824943409,0.9826943448393508,1,train,1840758
11667,0.00013204789138399065,9.354988098144531,0.9989820718765259,11450.568598042824,0.9814492669960422,1,train,1916184
13479,0.0001181491679744795,9.502019882202148,0.9992777109146118,13296.124424191392,0.9864325561385409,1,train,1902594
13656,0.00010625546565279365,9.512516975402832,0.9990109801292419,13406.377722301118,0.9817206885106267,1,train,1823210
15772,9.367673192173243e-05,9.660865783691406,0.9994696974754333,15613.650264067417,0.9899600725378783,1,train,1827368
17259,9.244049579137936e-05,9.747461318969727,0.9991156458854675,16967.931238861005,0.9831352476308596,1,train,1824854
11951,0.0001263347512576729,9.383819580078125,0.9994940161705017,11838.43934278245,0.990581486300933,1,train,1828094
9906,0.00014182348968461156,9.195348739624023,0.9993970394134521,9797.333476283486,0.9890302318073375,1,train,1830522
12575,0.00012639509805012494,9.431142807006836,0.9991183280944824,12371.789644848439,0.9838401308030568,1,train,1835488
15444,9.48700908338651e-05,9.63711929321289,0.9991854429244995,15208.21700024709,0.9847330354990346,1,train,1835846
8851,0.0001571681204950437,9.081710815429688,0.9992765784263611,8737.520598524718,0.9871789174697455,1,train,1836823
4310,0.0003350322076585144,8.36251449584961,0.9992616772651672,4257.720491036879,0.9878701835352388,1,train,1900969
11709,0.00013081947690807283,9.359916687011719,0.999125063419342,11522.973556150526,0.984112525079044,1,train,1837426
11134,0.00012794253416359425,9.312402725219727,0.9994251728057861,11017.21416524408,0.9895108824541118,1,train,1904992
9929,0.00015180536138359457,9.195605278015137,0.9991732239723206,9782.590761516856,0.9852543822657726,1,train,1904968
13210,0.00011886750144185498,9.481771469116211,0.9992666840553284,13028.932667093257,0.9862931617784448,1,train,1904966
15485,9.5235081971623e-05,9.640301704406738,0.9992406964302063,15265.845151791018,0.9858472813555711,1,train,1903865
5758,0.0002496142406016588,8.650228500366211,0.9990625381469727,5666.976247338018,0.9841917761962518,1,train,1907563
5207,0.000268829200649634,8.551469802856445,0.9992650747299194,5142.930455106411,0.9876954974277723,1,train,1908358
12370,0.00011332430585753173,9.415746688842773,0.9992271065711975,12195.368872077734,0.9858826897395095,1,train,1900676
6882,0.00020776374731212854,8.831239700317383,0.9993861317634583,6808.513434779503,0.9893219172885067,1,train,1923405
18642,7.676926179556176e-05,9.827835083007812,0.9994571208953857,18445.891412408528,0.9894802817513425,1,train,1821182
8940,0.0001703389425529167,9.090225219726562,0.9991135001182556,8797.77487523535,0.9840911493551845,1,train,1828193
4594,0.00030655800946988165,8.425020217895508,0.9991121888160706,4526.823857913563,0.9853774179176237,1,train,1833533
7795,0.0002015807112911716,8.951617240905762,0.9989264011383057,7647.583996752201,0.981088389576934,1,train,1841202
13587,0.00011696902947733179,9.507822036743164,0.9990494251251221,13344.455753141223,0.9821488005550322,1,train,1840947
10030,0.00013878526806365699,9.208868026733398,0.9995150566101074,9942.066871325498,0.9912329881680457,1,train,1842387
13654,0.00011364070087438449,9.513805389404297,0.9991616606712341,13441.224509571028,0.9844166185418946,1,train,1912831
18044,8.94046388566494e-05,9.787574768066406,0.9986741542816162,17593.47079002697,0.9750316332313773,1,train,1925047
5810,0.00024482200387865305,8.66090202331543,0.9992577433586121,5736.418952765005,0.9873354479802074,1,train,1828773
6545,0.00022785071632824838,8.7787446975708,0.9991222620010376,6446.729154635244,0.9849853559412138,1,train,1901447
11780,0.00012919952860102057,9.36573600769043,0.999101459980011,11584.242669480262,0.9833822300068134,1,train,1834244
7722,0.00019148658611811697,8.941999435424805,0.9989019632339478,7576.5376410261615,0.9811626056754936,1,train,1920221
7924,0.00017886038403958082,8.970230102539062,0.9991733431816101,7810.206528345856,0.9856393902506129,1,train,1919474
12141,0.0001331069943262264,9.398624420166016,0.9993918538093567,12004.454667640726,0.9887533702035027,1,train,1826028
19142,8.552320650778711e-05,9.851143836975098,0.9991382360458374,18822.70808734822,0.9833198248536318,1,train,1826081
19492,7.882259524194524e-05,9.871408462524414,0.9993570446968079,19246.30932992394,0.9873953073016591,1,train,1826517
11088,0.00013701934949494898,9.30636215209961,0.9992209076881409,10930.326548537016,0.9857798113759935,1,train,1834955
12833,0.00011596841068239883,9.451644897460938,0.9991405606269836,12627.187308624625,0.9839622308598632,1,train,1905283
4881,0.00029463390819728374,8.487589836120605,0.9993506073951721,4827.870678963124,0.9891150745673273,1,train,1919861
18594,8.396876364713535e-05,9.823935508728027,0.9993227124214172,18350.196550740267,0.9868880580155033,1,train,1906226
6502,0.000220084359170869,8.773670196533203,0.9992944002151489,6422.405012355186,0.9877583839365097,1,train,1419270
7530,0.00018646425451152027,8.920616149902344,0.9993240237236023,7441.436331162032,0.9882385565952233,1,train,1435626
1567,0.0009418304543942213,7.347348690032959,0.9986993074417114,1537.1993610642153,0.9809823618788865,1,train,1441133
16161,9.445043542655185e-05,9.681465148925781,0.9990824460983276,15883.563884679641,0.9828329858721392,1,train,1505767
7992,0.00018198159523308277,8.978582382202148,0.9991527199745178,7873.4325466715245,0.9851642325665071,1,train,1714727
8024,0.00018466496840119362,8.984235763549805,0.9993374347686768,7928.929475142871,0.9881517292052431,1,train,1924303
9326,0.00015596197044942528,9.13484001159668,0.9993741512298584,9222.042182038755,0.9888529039286676,1,train,1533858
13897,0.00011287263623671606,9.529876708984375,0.9989987015724182,13641.282889051974,0.9815991141290907,1,train,1541211
3000,0.000493230763822794,7.9981279373168945,0.9989708662033081,2950.93106775221,0.9836436892507366,1,train,1733553
12227,0.00011805001850007102,9.406620979309082,0.9994920492172241,12112.556815233454,0.990640125560927,1,train,1812586
11013,0.00013265194138512015,9.301034927368164,0.9993771314620972,10888.591014150365,0.9887034426723295,1,train,1824459
2684,0.0005234074778854847,7.887515544891357,0.9990440607070923,2644.685516942203,0.9853522790395689,1,train,1824021
8962,0.00015980149328242987,9.094404220581055,0.9993028044700623,8851.415359563794,0.9876607185409277,1,train,1903382
13565,0.00012423316366039217,9.505867004394531,0.9990140795707703,13309.458645655432,0.9811617136494973,1,train,1908470
11762,0.00012959918240085244,9.365104675292969,0.9991971850395203,11589.068068923101,0.9852974042614437,1,train,1910772
4510,0.0003321860858704895,8.406312942504883,0.999080240726471,4440.780891675786,0.9846520824114825,1,train,1911681
11967,0.00012562828487716615,9.3839693069458,0.9993675351142883,11827.593396187121,0.9883507475714148,1,train,1926193
8048,0.0001716237748041749,8.988969802856445,0.9995319247245789,7980.751833426783,0.9916441144913996,1,train,1927107
3899,0.00037349690683186054,8.262714385986328,0.9993032813072205,3854.6142381290215,0.9886161164732038,1,train,1931323
6913,0.00021495186956599355,8.83155632019043,0.9989138841629028,6782.735707387868,0.9811566190348429,1,train,1941711
4777,0.0003050836967304349,8.464935302734375,0.9992170929908752,4714.726465294903,0.9869638822053388,1,train,1942879
10089,0.00014541792916134,9.211758613586426,0.9991927146911621,9943.688189494107,0.9855970055995745,1,train,1930666
10918,0.0001349033700535074,9.290802001953125,0.9992077946662903,10761.265372209587,0.9856443828731991,1,train,1830985
6339,0.00024051222135312855,8.740728378295898,0.998429536819458,6171.200456341837,0.9735290197731246,1,train,1908196
12878,0.0001238550612470135,9.450027465820312,0.9986000061035156,12545.389157575815,0.9741721662972368,1,train,1924111
6038,0.0002570088836364448,8.694969177246094,0.9987527132034302,5907.698957462008,0.9784198339619093,1,train,1516576
10246,0.00015708678984083235,9.227142333984375,0.9991878271102905,10095.060843109999,0.9852684797101307,1,train,1322982
11652,0.0001309011277044192,9.353994369506836,0.9990132451057434,11440.25285548605,0.9818273992006564,1,train,1403864
5373,0.000277823448413983,8.581354141235352,0.9990932941436768,5291.52478973498,0.9848361789940405,1,train,1521966
10293,0.00013648445019498467,9.234407424926758,0.9994791746139526,10195.92614395876,0.9905689443270923,1,train,1910562
13629,0.00011875393829541281,9.500871658325195,0.9979954957962036,13128.318973201749,0.9632635536871194,1,train,1642474
9806,0.00014602168812416494,9.184207916259766,0.9992881417274475,9682.118734225225,0.9873667891316771,1,train,1827963
1359,0.0009901175508275628,7.209160804748535,0.999259352684021,1344.772901821281,0.9895312007514945,1,train,1830284
14482,0.00010491399734746665,9.572183609008789,0.9991151094436646,14241.854674983459,0.9834176684838737,1,train,2129111
7331,0.0001963180984603241,8.8927001953125,0.9991947412490845,7228.219378549317,0.9859799998021167,1,val,1532089
9092,0.0001607437152415514,9.106613159179688,0.9990633726119995,8940.08300030013,0.9832911350968027,1,val,1514733
15067,0.00011313367576804012,9.605364799499512,0.9984514713287354,14624.357729155343,0.9706217381798197,1,val,1612520
8523,0.0001716735860100016,9.0433349609375,0.9992057085037231,8403.38007944752,0.9859650451070655,1,val,1735041
21742,6.672751624137163e-05,9.981225967407227,0.9994217157363892,21497.111182000535,0.9887366011406741,1,val,1804142
11863,0.00014372840814758092,9.36563491821289,0.9983429908752441,11496.77098147403,0.9691284650993872,1,val,1206967
14857,9.465306357014924e-05,9.598359107971191,0.9991810917854309,14630.924400850354,0.9847832268190316,1,val,1203423
12046,0.00012932097888551652,9.381725311279297,0.9984288811683655,11707.25053263966,0.9718786761281472,1,val,1214517
14694,0.00010717860277509317,9.588238716125488,0.9992750287055969,14495.50007187688,0.9864910896880958,1,val,1409791
10348,0.0001407257077516988,9.23924446105957,0.9994262456893921,10240.25162361454,0.9895875167775937,1,val,1412320
13969,0.00010389411909272894,9.535507202148438,0.9990477561950684,13726.73966796298,0.9826572888512406,1,val,1537907
12396,0.00013298881822265685,9.414623260498047,0.9988853335380554,12144.097518269742,0.9796787284825542,1,val,1420404
7231,0.00020118670363444835,8.880550384521484,0.9993718862533569,7150.806234151978,0.9889097267531431,1,val,1424381
12358,0.00012681979569606483,9.409758567810059,0.9986945390701294,12062.732785526858,0.9761072006414353,1,val,1302283
18279,8.721240010345355e-05,9.805744171142578,0.9992088675498962,17997.57553002504,0.984603946059688,1,val,1615177
13285,0.00010686077439459041,9.488971710205078,0.9994292259216309,13144.420395123674,0.9894181705023466,1,val,1613163
8011,0.0001724918110994622,8.983245849609375,0.9994075894355774,7927.228221701068,0.9895429062165857,1,val,1920974
10858,0.0001330008963122964,9.286873817443848,0.9993776082992554,10733.703372348476,0.9885525301481375,1,val,1640803
14898,9.824442531680688e-05,9.600282669067383,0.9990946054458618,14646.858033416276,0.9831425717154165,1,val,1701711
10748,0.0001434674340998754,9.27369213104248,0.9990538954734802,10562.639563473154,0.9827539601296199,1,val,1412086
4494,0.00030253673321567476,8.40391731262207,0.9992175102233887,4436.525741083626,0.9872108903167837,1,val,1802515
17569,8.544217416783795e-05,9.764833450317383,0.9990732073783875,17258.29519192591,0.9823151683035979,1,val,1513216
7907,0.0001912564766826108,8.967066764831543,0.9990599751472473,7777.676803830376,0.9836444674124669,1,val,1439413
17464,8.346879621967673e-05,9.76074504852295,0.9992678165435791,17223.87942540931,0.9862505397050683,1,val,1440284
9840,0.00015248458657879382,9.185954093933105,0.9991019368171692,9681.784529906474,0.983921192063666,1,val,1500586
13164,0.00011138373520225286,9.478961944580078,0.9993379712104797,13000.586797077116,0.9875863565084408,1,val,1437126
10466,0.00014386461407411844,9.246864318847656,0.9990252256393433,10282.354948937214,0.9824531768523996,1,val,1435051
11631,0.00014195886615198106,9.35133171081543,0.9989213943481445,11401.152357353858,0.9802383593288503,1,val,1917738
12354,0.00012162355415057391,9.413849830627441,0.9991630911827087,12163.26775543964,0.9845610940132459,1,val,1707583
13211,0.00010636525257723406,9.482278823852539,0.9993122816085815,13042.872265806347,0.9872736557267692,1,val,1331599
12498,0.00011935882503166795,9.427212715148926,0.9993521571159363,12347.051218193568,0.9879221650018858,1,val,1413719
12988,0.00010809800733113661,9.463754653930664,0.999152660369873,12788.722303677334,0.9846567834676112,1,val,1415392
6740,0.00021695085160899907,8.807464599609375,0.9990527629852295,6629.830250741086,0.9836543398725647,1,val,1544448
14936,0.00010329126234864816,9.603841781616211,0.9992002248764038,14709.738230380613,0.9848512473473897,1,val,1813974
13897,0.00010673504584701732,9.533317565917969,0.9993593692779541,13729.416304764994,0.9879410163895082,1,val,1601451
14867,9.70668625086546e-05,9.599220275878906,0.999200701713562,14641.850771302436,0.9848557726039171,1,val,1405434
7298,0.00020628552010748535,8.88563346862793,0.9989070892333984,7159.900245743151,0.9810770410719581,1,val,1327351
14267,0.00010569296136964113,9.558138847351074,0.9992091059684753,14058.274926061544,0.9853700796286216,1,val,1819647
13063,0.00011566115426830947,9.469385147094727,0.9991396069526672,12852.636949517853,0.9838962680485228,1,val,1514925
18681,8.44024179968983e-05,9.826493263244629,0.9991083741188049,18361.32153251404,0.9828875077626488,1,val,1729395
13854,0.00011881161481142044,9.52397346496582,0.9987043738365173,13517.209048022847,0.9756899846992094,1,val,1812325
17290,8.478581730742007e-05,9.750136375427246,0.999206006526947,17028.59248975616,0.9848809999858971,1,val,1824307
12336,0.00011802718654507771,9.411752700805664,0.9990951418876648,12130.47111864113,0.9833390984631266,1,val,1634777
8496,0.0001750930823618546,9.039169311523438,0.9990957379341125,8360.596124775791,0.9840626323888644,1,val,1715442
15531,9.29618690861389e-05,9.642215728759766,0.9991318583488464,15279.05028506696,0.9837776244328736,1,val,1709370
21316,7.103860843926668e-05,9.960691452026367,0.9993456602096558,21039.087393856582,0.9870091665348368,1,val,1737719
8941,0.0001616028166608885,9.092986106872559,0.9994046688079834,8845.936548587146,0.9893676936122521,1,val,1837198
15186,9.28450608626008e-05,9.621453285217285,0.9993066191673279,14988.230209801923,0.9869768345714423,1,val,1627584
9502,0.00015748731675557792,9.151405334472656,0.9991427063941956,9355.627187942802,0.9845955786090088,1,val,1627515
19510,8.11545760370791e-05,9.866655349731445,0.9987825751304626,19048.91279026979,0.9763666217462732,1,val,1641941
17360,9.318924276158214e-05,9.753472328186035,0.9991342425346375,17067.61759651989,0.9831576956520673,1,val,1701407
4053,0.0003476498823147267,8.302555084228516,0.9994392991065979,4015.305297345204,0.99069955522951,1,val,1702123
8962,0.0001570233580423519,9.094669342041016,0.9993319511413574,8854.311038132066,0.9879838248306255,1,val,1642609
18903,8.682980114826933e-05,9.838058471679688,0.9990842938423157,18563.050829299536,0.9820161259746885,1,val,1732426
23400,6.69320797896944e-05,10.050619125366211,0.9990187287330627,22940.95338080353,0.980382623111262,1,val,1738633
15951,9.419120033271611e-05,9.668258666992188,0.9990681409835815,15669.38011442018,0.9823446877575187,1,val,1504785
7146,0.0002258380554849282,8.865936279296875,0.9990566372871399,7029.5243021670985,0.9837005740508115,1,val,1611788
14493,0.00010444254439789802,9.575542449951172,0.9993864893913269,14324.960137764141,0.9884054466131333,1,val,1818151
14382,0.00011187235213583335,9.564634323120117,0.9990496635437012,14127.449962707524,0.982300790064492,1,val,1527525
18913,9.04532425920479e-05,9.838554382324219,0.999081015586853,18573.922140698665,0.982071704155801,1,val,1531211
13835,0.0001051995059242472,9.529868125915527,0.9994663000106812,13696.36075755483,0.9899790934264424,1,val,1514127
10606,0.00013676141679752618,9.261082649230957,0.9991269111633301,10436.976816126771,0.9840634373115945,1,val,1522336
10172,0.00015710174920968711,9.21716594696045,0.9988915324211121,9968.184355952764,0.9799630707778966,1,val,1535186
5045,0.0002740324707701802,8.521132469177246,0.9994112253189087,4995.2944677274045,0.9901475654563735,1,val,1624653
9141,0.0001571713510202244,9.116025924682617,0.9995066523551941,9058.90862995487,0.9910194322234844,1,val,1708521
10731,0.0001395534200128168,9.274526596069336,0.9993141293525696,10597.05364136164,0.9875178120735849,1,val,1909549
19784,7.675298547837883e-05,9.883070945739746,0.9990338087081909,19415.051225104147,0.981351153715333,1,val,1523365
21937,7.386654760921374e-05,9.985973358154297,0.9990039467811584,21505.74763194786,0.9803413243354998,1,val,1504486
14472,0.00010219463729299605,9.571789741516113,0.9991459846496582,14240.171002712947,0.983980859778396,1,val,1504728
16493,9.256550401914865e-05,9.700019836425781,0.9989010691642761,16155.759620590663,0.9795525144358614,1,val,1522244
8041,0.00019342414452694356,8.982210159301758,0.9988769292831421,7881.272263559458,0.9801358367814275,1,val,1612740
9468,0.00016087328549474478,9.145800590515137,0.9989216923713684,9286.870706301492,0.980869318367289,1,val,1538646
12938,0.00011662740143947303,9.459020614624023,0.9990596175193787,12712.424479817022,0.9825648848212261,1,val,1539679
10361,0.0001446262904210016,9.237171173095703,0.9990662932395935,10185.360557543056,0.9830480221545271,1,val,1543438
7774,0.00019086510292254388,8.954208374023438,0.9995164275169373,7707.170676998003,0.9914034830200672,1,val,1543358
6930,0.00020408410637173802,8.835855484008789,0.9991225600242615,6826.321903262971,0.9850392356800824,1,val,1607251
6974,0.00019569575670175254,8.844664573669434,0.9994034767150879,6901.60178599388,0.9896188394026212,1,val,1601929
11661,0.00013108197890687734,9.35590934753418,0.999135434627533,11475.23554277551,0.9840695946124269,1,val,1821240
7234,0.00021230612765066326,8.878273010253906,0.9990689158439636,7115.822567808445,0.983663611806531,1,val,1827128
6979,0.00021807781013194472,8.839964866638184,0.9987914562225342,6831.763921390771,0.9789029834347001,1,val,1816891
15095,9.728388977237046e-05,9.61703109741211,0.9994711875915527,14943.59396954415,0.9899697893040179,1,val,1926325
7698,0.00018779361562337726,8.942522048950195,0.9993078708648682,7604.455184110108,0.9878481662912586,1,val,1927734
14664,0.0001095929546863772,9.579872131347656,0.9986158013343811,14281.877980665906,0.9739414880432287,1,val,1816892
9776,0.00016125934780575335,9.178089141845703,0.998955488204956,9592.13125686491,0.9811918225107313,1,val,1819486
4509,0.0003214817843399942,8.401963233947754,0.9985895156860352,4407.482048673801,0.9774854842922601,1,val,1817812
12710,0.00011295849981252104,9.44503402709961,0.9994592070579529,12582.162860603607,0.9899420031946189,1,val,1823681
3772,0.00038483936805278063,8.227100372314453,0.998996913433075,3711.5617506606545,0.9839771343214885,1,val,1736285
6567,0.00021706937695853412,8.78077507019043,0.9989718794822693,6451.4832221198185,0.9824095054240625,1,val,1733883
14286,0.00010284550808137283,9.560709953308105,0.9993388056755066,14106.862087334704,0.9874605969014912,1,val,1800498
20844,7.377969450317323e-05,9.934774398803711,0.9989897012710571,20432.979602322484,0.9802811169795858,1,val,1803356
6146,0.00024029803171288222,8.717912673950195,0.9993530511856079,6077.756315846915,0.9888962440362699,1,val,1811139
5915,0.00024013413349166512,8.680083274841309,0.9994055032730103,5854.837164594596,0.9898287683169225,1,val,1631152
5502,0.0002865813148673624,8.604562759399414,0.9990358352661133,5412.825338012722,0.9837923187954783,1,val,1631638
7018,0.00021374461357481778,8.847883224487305,0.9990571141242981,6902.075925221183,0.9834818930209722,1,val,1710045
15562,9.669582505011931e-05,9.64498519897461,0.9992124438285828,15329.386165391328,0.9850524460475085,1,val,1926483
3710,0.00038746342761442065,8.210323333740234,0.9989701509475708,3648.779409003676,0.9834984929929046,1,val,1942065
11490,0.00012160663754912093,9.342889785766602,0.9993215203285217,11347.728325190852,0.9876177828712664,1,val,1930665
4250,0.00031894887797534466,8.349072456359863,0.9993295073509216,4203.380366614385,0.9890306744975024,1,val,1941713
5071,0.0002934850926976651,8.523283004760742,0.999061107635498,4992.287883431805,0.984477989239165,1,val,1919245
6473,0.0002191688836319372,8.766729354858398,0.9990124106407166,6363.443621145536,0.9830748680898402,1,val,1920232
8997,0.00015508505748584867,9.099133491516113,0.999394416809082,8900.08013448652,0.9892275352324685,1,val,1924112
9820,0.00015462879673577845,9.18718433380127,0.9994568824768066,9722.271788516908,0.9900480436371596,1,val,1929015
11947,0.00013409303210210055,9.374435424804688,0.9985301494598389,11627.81056676871,0.9732828799505073,1,val,1910359
10506,0.00015116468421183527,9.252378463745117,0.9992091059684753,10355.704543411595,0.9856943216649149,1,val,1922820
19921,7.556948548881337e-05,9.88652229309082,0.9986861348152161,19432.125386800362,0.9754593337081654,1,val,1920973
11188,0.00014546893362421542,9.3143949508667,0.9991201162338257,11005.805115688356,0.9837151515631352,1,val,1924486
11963,0.00013277334801387042,9.382079124450684,0.999201774597168,11783.890300611525,0.9850280281377184,1,val,2104070
11129,0.00013971407315693796,9.308693885803223,0.9990752935409546,10941.057823978661,0.9831123932050194,1,val,1840251
8218,0.00017315142031293362,9.006597518920898,0.999169647693634,8098.608228022341,0.9854719187177343,1,val,1906765
5372,0.00026363172219134867,8.584516525268555,0.9994831085205078,5324.683142213049,0.9911919475452436,1,val,1903242
12831,0.00011198381253052503,9.454086303710938,0.9994150400161743,12692.11500709966,0.989175824729145,1,val,1909604
6990,0.00022486942179966718,8.843496322631836,0.9990127682685852,6871.420635637247,0.9830358563143414,1,val,1911314
10435,0.0001331315143033862,9.24805736541748,0.9994743466377258,10336.04070914924,0.9905165988643259,1,val,1826720
7579,0.00017858327191788703,8.926197052001953,0.9992231130599976,7476.875501349971,0.9865253333355286,1,val,1831798
11598,0.00011672022083075717,9.352785110473633,0.9993799328804016,11467.538498148191,0.9887513793885317,1,val,1833662
11801,0.00012000463175354525,9.371078491210938,0.9994815587997437,11688.391229353598,0.9904576925136512,1,val,1822351
12959,0.00011628008360275999,9.463502883911133,0.9993619322776794,12804.407778774223,0.9880706673951866,1,val,1837226
9478,0.0001540387311251834,9.148748397827148,0.9991284608840942,9329.893076873364,0.9843736101364596,1,val,1900136
10752,0.0001450645795557648,9.274702072143555,0.9991225600242615,10581.708400881036,0.9841618676414654,1,val,1709049
11735,0.00012679888459388167,9.364738464355469,0.9994032382965088,11606.613005264986,0.98905948063613,1,val,1734035
12660,0.00012092432734789327,9.437979698181152,0.9991295337677002,12454.887930257171,0.9837984147122568,1,val,1829925
9340,0.00015078265278134495,9.137149810791016,0.9994627833366394,9249.303569515398,0.9902894614042181,1,val,1842047
14056,0.00010632687190081924,9.543632507324219,0.9992490410804749,13858.783274668676,0.9859692141909986,1,val,1911507
7373,0.00021251634461805224,8.898486137390137,0.9992034435272217,7270.948997903873,0.9861588224472905,1,val,1609298
12248,0.00012144258653279394,9.40771484375,0.9994259476661682,12118.338938342897,0.9894136951618956,1,val,1815999
12600,0.00011998032277915627,9.43257999420166,0.999060332775116,12382.05502524809,0.9827027797815945,1,val,1903145
9494,0.00015814838116057217,9.15176010131836,0.9992733597755432,9372.00242102814,0.987150033813792,1,val,1639237
17720,8.09060875326395e-05,9.777246475219727,0.999468207359314,17538.46502450733,0.9897553625568472,1,val,2120997
8459,0.0002214831911260262,9.028955459594727,0.9984484314918518,8225.315604722698,0.9723744656250973,2,train,1801006
13970,0.0001312852546107024,9.526261329650879,0.9980716109275818,13483.73477495805,0.9651921814572691,2,train,1736531
7647,0.0002073663636110723,8.93155574798584,0.9988242983818054,7488.645084994371,0.9792918902830353,2,train,1834947
12072,0.0001377757143927738,9.382914543151855,0.9983263611793518,11709.435894823178,0.9699665254161016,2,train,1510734
19577,9.28300796658732e-05,9.867498397827148,0.9985213279724121,19022.49242388592,0.9716755592729183,2,train,1713787
8833,0.00018861799617297947,9.072866439819336,0.9985270500183105,8606.532828468002,0.9743612394959812,2,train,1642464
6801,0.0002229311503469944,8.816465377807617,0.9990527033805847,6689.52955427847,0.9836096977324613,2,train,1907764
9725,0.0001608224119991064,9.169108390808105,0.9985464811325073,9474.059771129127,0.9741963774939976,2,train,1725319
5225,0.0003003050514962524,8.548263549804688,0.9984878301620483,5093.773869259945,0.974884951054535,2,train,1518627
15782,0.00013286764442455024,9.6322021484375,0.9964389801025391,14746.450478737546,0.9343841388124158,2,train,1009410
16447,0.00010351426317356527,9.690653800964355,0.9982237219810486,15908.956353635735,0.9672862135122353,2,train,1903107
19475,9.746193245518953e-05,9.849863052368164,0.9972638487815857,18470.362223843706,0.948413978117777,2,train,1717953
8344,0.00018114186241291463,9.018816947937012,0.998839259147644,8174.861127537489,0.9797292818237643,2,train,1924069
18698,8.93920732778497e-05,9.825750350952148,0.9989404678344727,18317.02806515522,0.9796249901141951,2,train,1826350
12870,0.0001428682153346017,9.438535690307617,0.9974511861801147,12288.972000708874,0.9548540793091589,2,train,1122091
12465,0.00012924603652209044,9.41729736328125,0.9985808730125427,12140.988610492848,0.9740063064976212,2,train,1839446
13711,0.00012468794011510909,9.506977081298828,0.9980079531669617,13210.890096457342,0.9635249140440042,2,train,1328255
10316,0.00015049603825900704,9.234294891357422,0.9992256164550781,10169.836487555618,0.9858313772349377,2,train,1512714
24780,8.142575825331733e-05,10.077106475830078,0.9959787726402283,22906.238367858088,0.9243841149256694,2,train,112027
16256,0.00011014254414476454,9.669071197509766,0.9972003102302551,15444.965202152018,0.9501085877308082,2,train,1117123
15190,0.00011823274689959362,9.602799415588379,0.9973419308662415,14465.997434328881,0.9523368949525267,2,train,1124589
14783,0.00012367137242108583,9.575441360473633,0.9973136782646179,14090.572753951854,0.9531605732227459,2,train,1117569
12804,0.0001517418131697923,9.419857025146484,0.9960184693336487,11952.69132165734,0.9335122869148188,2,train,1120808
13927,0.00012105071073165163,9.522348403930664,0.9979839324951172,13429.439646110464,0.9642736875213948,2,train,1128566
13351,0.00013005087384954095,9.483898162841797,0.9983736872673035,12949.810384462671,0.9699505942972565,2,train,1201945
18018,0.0001055340762832202,9.77369499206543,0.9974046945571899,17125.238602530517,0.9504516928921366,2,train,1201535
6738,0.0002630725794006139,8.798409461975098,0.9980592727661133,6514.101994627152,0.9667708510874372,2,train,1836251
10693,0.00016072139260359108,9.258878707885742,0.9980095624923706,10307.992120146024,0.9639944000884714,2,train,1202211
12346,0.00015014188829809427,9.404223442077637,0.9982100129127502,11937.254024337453,0.9668924367679778,2,train,1203201
8446,0.00020349530677776784,9.022260665893555,0.9978777766227722,8137.120130952741,0.9634288575601162,2,train,1206350
5348,0.0002961985010188073,8.575172424316406,0.99891597032547,5250.21143767882,0.9817149285113725,2,train,1833085
17433,0.00012129398965043947,9.739297866821289,0.9972535967826843,16511.085597968584,0.9471167095719947,2,train,1628357
12054,0.0001481799263274297,9.369965553283691,0.9971069693565369,11456.38517220385,0.9504218659535301,2,train,1231110
3080,0.00046158148325048387,8.023360252380371,0.9988391399383545,3023.793047071118,0.9817509893088046,2,train,1740285
14107,0.00012265010445844382,9.532267570495605,0.9976808428764343,13518.833802063251,0.958306784012423,2,train,1325814
9839,0.00015365735453087837,9.180765151977539,0.9985486268997192,9586.800016461744,0.974367315424509,2,train,1906415
12921,0.00013853686687070876,9.429466247558594,0.9960764050483704,12061.736611229997,0.9334986929208263,2,train,1308534
8729,0.0002006532740779221,9.047761917114258,0.9970638751983643,8295.625000611131,0.95035227409911,2,train,1302740
8001,0.0001970279699889943,8.979236602783203,0.9991003274917603,7873.662585553117,0.9840848125925656,2,train,1542509
4020,0.0003949585370719433,8.287149429321289,0.9985675811767578,3926.813778695616,0.9768193479342328,2,train,1920751
15298,0.00011766643001465127,9.595049858093262,0.9958043098449707,14228.165177170164,0.9300670138037759,2,train,1219950
17330,0.00010966970876324922,9.736719131469727,0.9975947737693787,16556.476454304306,0.9553650579517776,2,train,1316839
14786,0.00012355970102362335,9.581291198730469,0.9979019165039062,14219.418289762581,0.9616812045017301,2,train,1326100
16094,0.00010860276961466298,9.667612075805664,0.9980807900428772,15537.102232853693,0.9653971811143093,2,train,1321950
12730,0.00013098865747451782,9.42213249206543,0.9968699812889099,12043.335436259653,0.9460593429897607,2,train,1228314
13542,0.00013007628149352968,9.484186172485352,0.9969133138656616,12817.249242187425,0.9464812614227902,2,train,1301976
8814,0.00017449223378207535,9.068216323852539,0.9982518553733826,8549.54334316812,0.9699958410674063,2,train,1702036
14389,0.00010680224659154192,9.56193733215332,0.998717188835144,14063.610435024633,0.9773862280231171,2,train,1309254
11735,0.00014690183161292225,9.352725982666016,0.9981212615966797,11339.685784353078,0.9663132325822819,2,train,1318125
10142,0.0001642729330342263,9.205495834350586,0.9979462623596191,9782.346365457692,0.9645381941882953,2,train,1310089
12798,0.00014581743744201958,9.44182300567627,0.9983904361724854,12418.231725028765,0.9703259669502082,2,train,1725136
6235,0.00028668384766206145,8.72192668914795,0.9981680512428284,6039.628839130905,0.9686654112479399,2,train,1338051
10754,0.0001565927086630836,9.260260581970215,0.9975468516349792,10302.291308200069,0.9579962161242392,2,train,1328177
11396,0.00014701920736115426,9.32531452178955,0.9983189105987549,11061.330285756963,0.9706327032078768,2,train,1234152
10648,0.00016313781088683754,9.253440856933594,0.9978770017623901,10245.824386395761,0.9622299386171826,2,train,1734991
6092,0.0002695221337489784,8.70517349243164,0.9989031553268433,5977.058838121192,0.9811324422391976,2,train,1923943
16865,9.956493886420503e-05,9.715797424316406,0.9982330203056335,16320.342049614977,0.9677048354352196,2,train,1401669
12667,0.00012935070844832808,9.43670654296875,0.9989362359046936,12415.59996892463,0.9801531514111178,2,train,1406614
14777,0.00012156084994785488,9.592034339904785,0.9990841746330261,14517.094682196894,0.982411496392833,2,train,1405177
13911,0.00014189280045684427,9.519701957702637,0.9978268146514893,13330.495357375223,0.9582700997322423,2,train,1735982
13973,0.0001341374882031232,9.53209114074707,0.9986599683761597,13615.533543168425,0.9744173436748318,2,train,1607001
16820,0.00013806023343931884,9.693942070007324,0.9962610006332397,15634.354602693944,0.9295097861292475,2,train,1607145
13447,0.00013764227333012968,9.491616249084473,0.9984331130981445,13051.173016532308,0.9705639188318813,2,train,1608828
11470,0.00012644536036532372,9.340789794921875,0.9992831349372864,11319.502428308722,0.9868790260077351,2,train,1706099
4966,0.00040332047501578927,8.495412826538086,0.9982424378395081,4816.107109019287,0.9698161717719064,2,train,1618445
17122,0.00010067252878798172,9.729386329650879,0.9980783462524414,16508.956540117255,0.9641955694496703,2,train,1611939
18211,0.00012508200597949326,9.78111457824707,0.9970777630805969,17185.13642831528,0.9436679165512756,2,train,1612403
12897,0.00014767984976060688,9.43719482421875,0.9970886707305908,12207.625495905253,0.9465476851907616,2,train,1618375
1128,0.001562868244946003,7.012853145599365,0.9978162050247192,1093.872426634379,0.9697450590730311,2,train,1612231
10315,0.00016047297685872763,9.228001594543457,0.9985551238059998,10047.789759803067,0.9740949839847859,2,train,1632169
14911,0.00013669552572537214,9.589940071105957,0.9979276657104492,14339.607078002151,0.9616797718464323,2,train,1517876
6524,0.00024771151947788894,8.774324417114258,0.9989845752716064,6408.810496875914,0.982343730361115,2,train,1734888
7061,0.0002563849266152829,8.851937294006348,0.9988260269165039,6917.339253783326,0.979654334199593,2,train,1604621
10902,0.00015376554802060127,9.279541015625,0.9981541037559509,10546.016283529167,0.9673469348311472,2,train,1634182
7024,0.00022215922945179045,8.852065086364746,0.9994328618049622,6954.348356405376,0.990083763725139,2,train,1641792
5938,0.0002896804653573781,8.677690505981445,0.9986836910247803,5803.514796119588,0.9773517676186575,2,train,1642575
13309,0.00014196276606526226,9.470102310180664,0.9972522258758545,12640.145225926843,0.949744175064005,2,train,1702464
2437,0.0007784987101331353,7.779782772064209,0.9975969791412354,2346.1955608494823,0.9627392535287166,2,train,1701978
13607,0.00013170823513064533,9.501916885375977,0.998274564743042,13168.301009111146,0.9677593157280184,2,train,1704542
10736,0.0001971107703866437,9.264528274536133,0.9981867074966431,10371.53949651769,0.9660524866354032,2,train,1705772
14713,0.00012439889542292804,9.576221466064453,0.9978882074356079,14151.603030508963,0.9618434738332742,2,train,1705914
11617,0.0001568800216773525,9.34884262084961,0.9987840056419373,11356.663378960298,0.977590030038762,2,train,1706495
14076,0.00012102191976737231,9.537269592285156,0.9984342455863953,13668.809840981521,0.971072026213521,2,train,1407480
7138,0.00024672423023730516,8.863900184631348,0.9989532828330994,7008.128219536387,0.9818055785284936,2,train,1411733
8394,0.0001980236265808344,9.013533592224121,0.9975939989089966,8050.248923042572,0.9590480013155316,2,train,1317792
13483,0.00014479747915174812,9.485614776611328,0.9975213408470154,12842.88718525389,0.952524451921226,2,train,1440950
10709,0.00016175601922441274,9.264263153076172,0.998429000377655,10401.131772838884,0.9712514495133892,2,train,1503058
15359,0.0001128857911680825,9.626376152038574,0.9986429810523987,14967.979722502172,0.9745412932158456,2,train,1503553
10806,0.00015584421635139734,9.265069007873535,0.9975464344024658,10353.411813555811,0.958116954798798,2,train,1518792
12647,0.0001281597651541233,9.432373046875,0.9986445307731628,12331.44652917023,0.975049144395527,2,train,1523343
13483,0.00012893404345959425,9.487895011901855,0.9977611303329468,12928.132755927525,0.9588469002393774,2,train,1528409
17254,0.00012043052265653387,9.734336853027344,0.9978000521659851,16518.622529654484,0.9573793050686498,2,train,1918330
13099,0.0001466624962631613,9.446036338806152,0.996386706829071,12305.337415565797,0.9394104447336282,2,train,1328060
12122,0.0001488862617406994,9.387388229370117,0.9983633160591125,11766.143167931468,0.9706437195125778,2,train,1434735
7845,0.00023199962743092328,8.944538116455078,0.997424840927124,7499.215832283431,0.9559229869067472,2,train,1436278
19219,0.00010714089148677886,9.83711051940918,0.9973087906837463,18229.531292553776,0.9485161190776719,2,train,1434920
13176,0.0001319654256803915,9.47250747680664,0.9985615611076355,12817.539708609518,0.9727944526874255,2,train,1503898
19748,0.00011161012662341818,9.856897354125977,0.9965716004371643,18441.958441406485,0.9338646162348838,2,train,1534406
6652,0.00027597451116889715,8.788969039916992,0.9984432458877563,6471.839161140792,0.9729162900091389,2,train,1621482
13898,0.0001447849499527365,9.509298324584961,0.9968339800834656,13091.997652871954,0.9420058751526805,2,train,1618337
11537,0.0001561382377985865,9.336540222167969,0.998206615447998,11158.103136600448,0.9671581118662086,2,train,1618478
9772,0.00018946568889077753,9.165555000305176,0.9976356625556946,9370.388384011585,0.9589017994281196,2,train,1619449
3312,0.0004205112636554986,8.09727668762207,0.9990091323852539,3260.6091471601167,0.9844834381522092,2,train,1624930
14796,0.00013813168334309012,9.587011337280273,0.9984273314476013,14360.172188803013,0.9705442138958511,2,train,1625431
13366,0.0001328063808614388,9.489110946655273,0.9988044500350952,13062.129266073627,0.9772653947384129,2,train,1429813
4359,0.0003732452169060707,8.366680145263672,0.9984107613563538,4245.8237437143935,0.9740361880510193,2,train,1431102
12837,0.0001227293541887775,9.44586181640625,0.9984962940216064,12495.145500095095,0.9733695957073378,2,train,1435984
10154,0.00017158447008114308,9.202474594116211,0.9974908232688904,9709.364894472727,0.9562108424731856,2,train,1436722
9674,0.00018018679111264646,9.158987045288086,0.9980156421661377,9351.12683650957,0.9666246471479811,2,train,1438901
6388,0.0002799548383336514,8.739058494567871,0.9973616600036621,6106.0103463543455,0.9558563472689958,2,train,1330466
3527,0.00044637048267759383,8.158748626708984,0.9988424777984619,3461.1756953908493,0.9813370273294157,2,train,1930973
11591,0.0001446376700187102,9.33978271484375,0.9980549216270447,11193.88474592726,0.9657393448302355,2,train,1400804
5974,0.0002604018955025822,8.682697296142578,0.9985653162002563,5827.545959140213,0.9754847604854726,2,train,1610138
17013,9.604817751096562e-05,9.727924346923828,0.9985825419425964,16570.343593947295,0.9739812845440131,2,train,1409259
10826,0.00016505466192029417,9.269655227661133,0.9978415966033936,10408.271296868059,0.9614143078577553,2,train,1410840
14921,0.00010936804028460756,9.598393440246582,0.9987376928329468,14567.995180144639,0.9763417452010347,2,train,1410100
8744,0.00020515610231086612,9.065337181091309,0.9988116025924683,8557.374850366214,0.9786567761169046,2,train,1410496
9762,0.00016532829613424838,9.174947738647461,0.9987693428993225,9545.72275381752,0.9778449860497357,2,train,1415574
14924,0.0001172237389255315,9.591249465942383,0.9979733824729919,14359.169986013703,0.9621529071303742,2,train,1428071
6862,0.00027017202228307724,8.815589904785156,0.9979436993598938,6615.413832904849,0.9640649712773024,2,train,1428940
14196,0.00013125200348440558,9.540077209472656,0.9978412985801697,13645.356767836744,0.9612113812226503,2,train,1328201
11342,0.00013303787272889167,9.324291229248047,0.998717188835144,11091.654489103723,0.9779275691327564,2,train,1328129
12561,0.0001529350265627727,9.412267684936523,0.997236430644989,11932.071190487539,0.9499300366601018,2,train,1631783
15286,0.0001054139866027981,9.618158340454102,0.9982839226722717,14817.784654462888,0.969369662073982,2,train,1328197
15853,0.00012264437100384384,9.645820617675781,0.9973846673965454,15079.994965104204,0.9512391954269983,2,train,1731145
12325,0.0001361677423119545,9.40568733215332,0.9985458254814148,11997.972050727783,0.9734662921482988,2,train,1419106
12453,0.00012154388969065621,9.422469139099121,0.9992313385009766,12275.789489328985,0.9857696530417558,2,train,1830808
11135,0.00017363029473926872,9.307411193847656,0.9988798499107361,10902.639219687473,0.9791323951223595,2,train,1505082
16438,9.842847066465765e-05,9.696868896484375,0.998920202255249,16097.326021237528,0.9792752172549901,2,train,1629944
11374,0.00015604322834406048,9.315713882446289,0.9974973797798157,10871.63881331172,0.9558324963347741,2,train,1518924
8286,0.000178207948920317,9.016094207763672,0.9993097186088562,8184.437651605893,0.9877428978525093,2,train,1925866
16147,0.00011627280036918819,9.658954620361328,0.9968487024307251,15227.721030990155,0.9430681260289933,2,train,1435084
5906,0.0002957025426439941,8.67297077178955,0.9987616539001465,5781.994330034912,0.9790034422680176,2,train,1426932
7547,0.0002431926259305328,8.908102035522461,0.9976701140403748,7240.229170591297,0.9593519505222335,2,train,1426774
14175,0.00011406280827941373,9.544390678405762,0.998447060585022,13775.674450590066,0.9718288854031792,2,train,1427058
13070,0.00015736380009911954,9.453519821166992,0.9974092841148376,12437.657709144101,0.9516187994754477,2,train,1426596
13499,0.0001287629420403391,9.48764705657959,0.9976106286048889,12927.907785238953,0.9576937391835657,2,train,1437027
4781,0.00032258540159091353,8.463826179504395,0.9989873766899109,4700.612851581602,0.9831861224809876,2,train,1436006
7931,0.0002393356553511694,8.968375205993652,0.998868465423584,7762.45933754044,0.9787491284252225,2,train,1433889
11908,0.0001503426319686696,9.357139587402344,0.997035026550293,11297.94922016512,0.9487696691438628,2,train,1434064
6192,0.0003010644868481904,8.712335586547852,0.9978607892990112,5967.85313411506,0.9638005707550161,2,train,1420889
16123,0.00011441374954301864,9.673508644104004,0.9985040426254272,15672.192510359075,0.972039478407187,2,train,1330102
10231,0.00014455325435847044,9.224709510803223,0.9990829229354858,10061.953780110227,0.9834770579718725,2,train,1408153
15191,0.00011289129179203883,9.615130424499512,0.9986158013343811,14802.562796344308,0.9744297805506094,2,train,1616383
12905,0.00013001645857002586,9.452442169189453,0.9986341595649719,12576.724963671437,0.9745621823844585,2,train,1724469
9083,0.00020265970670152456,9.084857940673828,0.996785044670105,8588.812678343891,0.9455920597097756,2,train,1707020
7823,0.00022227877343539149,8.945009231567383,0.997789740562439,7526.5794476377405,0.9621090946743884,2,train,1723298
8824,0.0001926254917634651,9.07209587097168,0.9985542893409729,8602.774771019169,0.9749291444944661,2,train,1729836
10595,0.000154328256030567,9.260805130004883,0.9992088079452515,10439.72063447308,0.9853440900871241,2,train,1640855
8029,0.00021676944743376225,8.96142864227295,0.9967315196990967,7592.127806799646,0.9455882185576842,2,train,1639521
5633,0.00034827672061510384,8.62013053894043,0.9981164336204529,5451.8498299060675,0.9678412621881888,2,train,1809921
6217,0.0002387101121712476,8.72629165649414,0.9989981651306152,6110.839008578182,0.9829240805176422,2,train,1832551
13486,0.00012768579472322017,9.488382339477539,0.9977890849113464,12949.683489008985,0.9602316097441039,2,train,1833112
10775,0.00015791835903655738,9.265953063964844,0.9979503750801086,10377.709009058668,0.9631284463163498,2,train,1708676
4714,0.0003477408899925649,8.445741653442383,0.9985162019729614,4599.672915785786,0.9757473304594371,2,train,1709516
8347,0.0002140565775334835,9.012909889221191,0.9981452822685242,8078.0383871965405,0.967777451443218,2,train,1717129
9388,0.00021164867212064564,9.116820335388184,0.9966802000999451,8840.11140220324,0.9416394761614018,2,train,1740148
5684,0.0003223823441658169,8.62675952911377,0.9978426694869995,5473.946162628578,0.9630447154518963,2,train,1737299
11925,0.00016605261771474034,9.368110656738281,0.9980522990226746,11495.390138813915,0.963974015833452,2,train,1919248
9475,0.00018617768364492804,9.141153335571289,0.9983335733413696,9188.80213665345,0.9697944207549816,2,train,1800039
10159,0.00018813616770785302,9.212211608886719,0.9984930753707886,9878.539433598302,0.9723928963085247,2,train,1802590
14020,0.0001234780647791922,9.528657913208008,0.9979491233825684,13501.845070256497,0.9630417311167259,2,train,1800145
13654,0.00013725021563004702,9.507061004638672,0.9984533786773682,13255.519587918405,0.9708158479506668,2,train,1801603
16743,0.00011008956062141806,9.704523086547852,0.9978189468383789,16046.510186937896,0.958401134022451,2,train,1842045
12450,0.00014072572230361402,9.418458938598633,0.9988316297531128,12180.821837019115,0.9783792640175997,2,train,1700425
14795,0.00011088408064097166,9.589783668518066,0.9987231492996216,14441.778402546834,0.976125610175521,2,train,1706146
21756,8.704930951353163e-05,9.959256172180176,0.997157633304596,20607.659719125535,0.9472173064499695,2,train,1709575
16543,0.00011093193461420015,9.696548461914062,0.9982324242591858,16009.207865724775,0.9677330511832664,2,train,1623777
17897,0.00011691463441820815,9.77562427520752,0.998288094997406,17295.064038973083,0.9663666558067321,2,train,1628522
9432,0.00021132170513737947,9.126614570617676,0.9972411394119263,8975.403489515076,0.951590700754355,2,train,1627770
16559,9.964081255020574e-05,9.699538230895996,0.9984407424926758,16071.312252048365,0.9705484782926725,2,train,1701088
16804,0.00012887633056379855,9.710199356079102,0.9980294108390808,16141.703422128254,0.9605869687055614,2,train,1632024
19225,9.112017141887918e-05,9.83870792388916,0.9974392652511597,18319.5525953708,0.9529026057410038,2,train,1633007
10439,0.00015420244017150253,9.240373611450195,0.998602569103241,10176.764388635702,0.974879240218,2,train,1637625
9727,0.00018899311544373631,9.140814781188965,0.9954429268836975,8991.101820816653,0.924344794984749,2,train,1632515
20031,8.685767534188926e-05,9.880714416503906,0.997544527053833,19098.398839413258,0.9534421067052697,2,train,1637858
16867,0.00010872607526835054,9.712586402893066,0.9978909492492676,16205.046508743293,0.9607545211800138,2,train,1638866
15231,0.00011344188533257693,9.61961841583252,0.9988090991973877,14889.996224603176,0.9776112024557269,2,train,1637859
8577,0.0001998217194341123,9.038135528564453,0.9979348182678223,8267.289164595619,0.9638905403515936,2,train,1706275
11020,0.00015063634782563895,9.292195320129395,0.9983591437339783,10697.452390720575,0.9707307069619396,2,train,1707353
11160,0.00017015458433888853,9.299631118774414,0.9978047609329224,10711.174189614478,0.9597826334779997,2,train,1904645
20125,8.812342275632545e-05,9.889191627502441,0.9979286193847656,19346.75127537644,0.9613292559193262,2,train,1903106
12583,0.00016278093971777707,9.412924766540527,0.9971211552619934,11926.9363257814,0.9478611083033776,2,train,1901876
7409,0.0002593655663076788,8.889848709106445,0.9976878762245178,7108.4294839873955,0.9594317025222561,2,train,1930003
4992,0.0003441672888584435,8.494834899902344,0.9975625276565552,4787.4021768215935,0.959014859138941,2,train,1929136
13101,0.00012554152635857463,9.47164535522461,0.9990718960762024,12873.641072772876,0.9826456814573602,2,train,1928673
9833,0.0001740892039379105,9.177459716796875,0.9982553124427795,9531.875744562094,0.969376156265849,2,train,1636344
11736,0.00013612190377898514,9.360597610473633,0.9989520907402039,11510.970763301935,0.9808257296610374,2,train,1641093
8395,0.0001947403361555189,9.024148941040039,0.998755693435669,8209.764513560282,0.9779350224610223,2,train,1734705
8226,0.0001849498221417889,9.004487991333008,0.9988278746604919,8056.754680738113,0.9794255629392309,2,train,1740419
10219,0.00017552248027641326,9.210599899291992,0.9976814985275269,9813.828840637672,0.960351192938416,2,train,1805825
13109,0.00013441093324217945,9.460704803466797,0.997853696346283,12592.277429481015,0.9605826096178972,2,train,1814670
14435,0.00013869540998712182,9.558706283569336,0.9980470538139343,13897.481979548786,0.9627628666123162,2,train,1821568
10149,0.00016195475473068655,9.212210655212402,0.9985995292663574,9897.076068077193,0.9751774626147593,2,train,1830473
20414,9.090281673707068e-05,9.904706954956055,0.9980583190917969,19665.219899654247,0.9633202654871288,2,train,1840236
13886,0.000148056133184582,9.511292457580566,0.9971333742141724,13167.245066580646,0.9482388784805305,2,train,1612521
11634,0.0001786787179298699,9.330034255981445,0.996618926525116,10916.426310344512,0.9383209824948008,2,train,1728790
7853,0.00019516865722835064,8.959447860717773,0.9989738464355469,7712.740511332102,0.9821393749308674,2,train,1841195
7292,0.0002445247082505375,8.878129959106445,0.9981558322906494,7053.095137247995,0.9672374022556219,2,train,1841143
9092,0.00021321895474102348,9.087625503540039,0.9969803094863892,8605.862429758277,0.9465312835193882,2,train,1909993
19655,9.424428571946919e-05,9.865715980529785,0.9979393482208252,18878.0941594696,0.9604728648928823,2,train,1716026
18452,0.00010771473171189427,9.798038482666016,0.9974660873413086,17590.699982081514,0.9533221321310164,2,train,1912261
12665,0.00014511714107356966,9.436656951904297,0.9989477396011353,12421.63918370121,0.980784775657419,2,train,1911518
18038,9.566555672790855e-05,9.785650253295898,0.9985117316246033,17537.54858345638,0.9722557147941224,2,train,1520643
12742,0.00013552956806961447,9.437593460083008,0.9984062314033508,12371.569142781633,0.9709283584038324,2,train,1426911
4526,0.0003636381297837943,8.407474517822266,0.9987978339195251,4433.749759890492,0.9796177109788979,2,train,1502783
15231,0.00010824487981153652,9.622100830078125,0.9990668296813965,14965.18134934829,0.9825475247421895,2,train,1641142
13809,0.00013344481703825295,9.512338638305664,0.9978246688842773,13244.623375512023,0.9591297976328498,2,train,1607015
17065,0.00010644276335369796,9.729887008666992,0.9984711408615112,16564.52403350678,0.9706723723121464,2,train,1612041
16251,0.00010851918341359124,9.677717208862305,0.9981237649917603,15674.523239733304,0.964526690033432,2,train,1617776
12580,0.0001553288457216695,9.419292449951172,0.9978209137916565,12062.89900703259,0.9588949926099039,2,train,1621584
13298,0.00013097126793581992,9.483406066894531,0.9987400770187378,12984.468823763875,0.9764226818892973,2,train,1617984
12338,0.0001416656596120447,9.390054702758789,0.9967746734619141,11649.902298415062,0.9442293968564647,2,train,1519591
15457,0.00011771592835430056,9.62938404083252,0.9982963800430298,14954.71262794951,0.9675042134922371,2,train,1518276
11576,0.00016502525249961764,9.342192649841309,0.9984506368637085,11246.748325576858,0.9715573881804473,2,train,1520463
11904,0.00015998703020159155,9.363688468933105,0.9977684617042542,11422.007882940814,0.9595100708115603,2,train,1526129
9247,0.00023656577104702592,9.112590789794922,0.9978686571121216,8880.022734685333,0.9603139109641325,2,train,1529736
9071,0.00019565134425647557,9.08812141418457,0.9972877502441406,8652.885415004837,0.9539064507777354,2,train,1532633
13976,0.0001319781586062163,9.53552532196045,0.9989972710609436,13710.906905186122,0.9810322628209875,2,train,1533101
7180,0.0002350070863030851,8.862968444824219,0.9981882572174072,6956.168087485615,0.968825638925573,2,train,1514418
6544,0.00030046116444282234,8.763704299926758,0.9974278807640076,6248.815765467573,0.9548923846985901,2,train,1514824
9363,0.00020583481818903238,9.12131404876709,0.9974622130393982,8951.127699711345,0.9560106482656568,2,train,1515311
10895,0.00017942080739885569,9.276056289672852,0.9978481531143188,10464.580465805291,0.9604938472515182,2,train,1517871
8831,0.00021701768855564296,9.047603607177734,0.995771586894989,8198.788824459874,0.9284100129611453,2,train,1520444
13508,0.00013739241694565862,9.491445541381836,0.9979400634765625,13002.552231226193,0.9625815984028866,2,train,1520445
6514,0.000246037874603644,8.768574714660645,0.9985044002532959,6346.974204414764,0.9743589506316801,2,train,1622515
16204,0.00011304284998914227,9.680173873901367,0.9986754059791565,15798.072959743919,0.9749489607346284,2,train,1816593
20834,8.488264575134963e-05,9.92581558227539,0.9981369972229004,20081.688188505133,0.9638901885622124,2,train,1622054
18599,9.678531205281615e-05,9.812237739562988,0.9981054067611694,17930.537876136143,0.9640592438376333,2,train,1716546
1724,0.0009671555599197745,7.43985652923584,0.9983164668083191,1681.0344197843015,0.9750779697124718,2,train,1718419
17414,0.00013323556049726903,9.744462966918945,0.9978938102722168,16683.019663147068,0.9580234100808009,2,train,1719671
13251,0.0001355569256702438,9.476457595825195,0.998380720615387,12859.749022646018,0.9704738527391154,2,train,1721726
7566,0.00020320202747825533,8.923974990844727,0.9991664886474609,7455.38767454034,0.9853803429210072,2,train,1729390
12103,0.00013167195720598102,9.388996124267578,0.9987009763717651,11820.582545861871,0.9766654999472751,2,train,1530005
11958,0.00015599242760799825,9.372716903686523,0.9982492327690125,11568.125319169567,0.9673963304206027,2,train,1531467
10884,0.00018288506544195116,9.272871971130371,0.9976140856742859,10412.564924435219,0.9566854947110639,2,train,1536309
14177,0.0001405215443810448,9.540295600891113,0.9980040192604065,13645.675142094717,0.9625220527681961,2,train,1536358
15604,0.00013303480227477849,9.63127613067627,0.9975136518478394,14856.795622054684,0.9521145617825355,2,train,1539416
14315,0.00012664793757721782,9.548755645751953,0.9978777766227722,13762.678651022916,0.9614166015384503,2,train,1543070
9581,0.00015807450108695775,9.15587043762207,0.9987273216247559,9364.751924987657,0.9774294880479759,2,train,1925713
13753,0.00012051212979713455,9.51668643951416,0.9987064599990845,13421.578816243671,0.9759018989488599,2,train,1602115
13562,0.00013199941895436496,9.499449729919434,0.9983628392219543,13152.31726876808,0.9697918646783719,2,train,1639476
7762,0.00023392456932924688,8.936077117919922,0.9976646304130554,7446.082318410427,0.9592994483909337,2,train,1700730
21581,8.243190677603707e-05,9.96290397644043,0.9983301758766174,20883.632271140414,0.9676860326741307,2,train,1718881
17343,9.58486198214814e-05,9.751440048217773,0.9990262985229492,17019.708409210452,0.9813589580355447,2,train,1731549
20959,8.185650949599221e-05,9.935811996459961,0.9985416531562805,20369.13913677409,0.9718564405159641,2,train,1828201
14408,0.00011872962204506621,9.567219734191895,0.9991312623023987,14171.092861267924,0.9835572502268132,2,train,1503793
11746,0.00015538203297182918,9.360262870788574,0.9988256692886353,11492.671733046884,0.9784328054696819,2,train,1721036
17046,0.00012187867105240002,9.72273063659668,0.9978508949279785,16351.09745823205,0.9592336887382407,2,train,1512461
10148,0.00020274799317121506,9.197622299194336,0.9970287680625916,9596.827092753021,0.9456865483595803,2,train,1519193
10420,0.00016168651927728206,9.239559173583984,0.9987112283706665,10176.129942705524,0.9765959637913171,2,train,1519496
15556,0.00012824180885218084,9.632288932800293,0.9979369640350342,14953.5817954858,0.9612742218748906,2,train,1521439
15764,0.00011513194476719946,9.6469144821167,0.9980787634849548,15205.667901878442,0.964581825797922,2,train,1942524
7239,0.00024709998979233205,8.876155853271484,0.9987529516220093,7080.711841169109,0.9781339744673448,2,train,1711695
787,0.00209708116017282,6.651891231536865,0.9975500106811523,761.3519046705705,0.9674102981836983,2,train,1638631
13420,0.00013101805234327912,9.48101806640625,0.9975292682647705,12827.86159878896,0.9558764231586409,2,train,1705483
12203,0.00015027550398372114,9.383993148803711,0.9972959160804749,11603.557641390098,0.9508774597549863,2,train,1705955
2867,0.0005166450864635408,7.951632499694824,0.9988206028938293,2814.279280849519,0.9816111896928912,2,train,1732487
16415,9.68305321293883e-05,9.698028564453125,0.9991837739944458,16157.69882144537,0.9843252404170192,2,train,1738821
11062,0.00015017532859928906,9.296239852905273,0.9983857274055481,10743.29095928454,0.9711888410128856,2,train,1739359
23090,7.02600518707186e-05,10.037727355957031,0.9990617036819458,22669.529542156633,0.9817899325316861,2,train,1741274
12771,0.00014829907740931958,9.43558120727539,0.9979533553123474,12279.046811363494,0.9614788827314614,2,train,1503265
8209,0.00022217442165128887,8.996356010437012,0.998154878616333,7939.071636341539,0.96711799687435,2,train,1503958
19149,8.9935892901849e-05,9.851259231567383,0.9991129636764526,18820.46306469693,0.9828431283459674,2,train,1503647
11487,0.0001691426004981622,9.328457832336426,0.9978058338165283,11026.29157350326,0.9598930594152747,2,train,1503131
15286,0.00011385813559172675,9.61928939819336,0.9984012842178345,14834.58122988077,0.9704684829177529,2,train,1932572
9482,0.00021541731257457286,9.13602066040039,0.9976925253868103,9081.931785476847,0.957807612895681,2,train,1516291
15973,0.00011500434629851952,9.656501770019531,0.997711181640625,15288.690640266628,0.9571583697656438,2,train,1519894
6798,0.00022961176000535488,8.81427001953125,0.9988539218902588,6662.178329413102,0.9800203485456166,2,train,1523049
10417,0.00017198741261381656,9.219955444335938,0.9966232776641846,9828.577369242239,0.9435132350237342,2,train,1522617
11771,0.00016553026216570288,9.350586891174316,0.9975668787956238,11246.16670637986,0.9554130240744082,2,train,1522871
19458,9.19875456020236e-05,9.858680725097656,0.9982448816299438,18798.773758030555,0.9661205549404129,2,train,1720012
11034,0.0001489091810071841,9.294272422790527,0.9984461069107056,10725.274380500266,0.9720205166304392,2,train,1619802
7551,0.0002393952599959448,8.910528182983398,0.997882604598999,7282.486180020784,0.9644399655702269,2,train,1707913
9286,0.00017033623589668423,9.125314712524414,0.9988017082214355,9089.942803295156,0.978886797684165,2,train,1706796
3195,0.0004621194675564766,8.061208724975586,0.9989920258522034,3144.310431091354,0.9841347202163863,2,train,1537918
14453,0.00011989272752543911,9.567709922790527,0.9988570809364319,14144.789808922442,0.9786750023470866,2,train,1532422
8235,0.00022927411191631109,9.00146198272705,0.9983710646629333,7990.443572527548,0.9703028017641224,2,train,1543210
13888,0.00013820450112689286,9.512860298156738,0.9972826838493347,13199.688048582599,0.9504383675534706,2,train,1611111
7349,0.00029653747333213687,8.877029418945312,0.9971591234207153,6978.29266686746,0.9495567651200789,2,train,1613235
3763,0.0004338340659160167,8.22564697265625,0.9991102814674377,3708.6052783482723,0.9855448520723551,2,train,1617723
7062,0.0002945013693533838,8.832388877868652,0.9966042041778564,6639.577724279001,0.9401837615801474,2,train,1617650
7234,0.00024988612858578563,8.865781784057617,0.9976632595062256,6943.809154540338,0.9598851471579123,2,train,1928830
20019,8.36655599414371e-05,9.892204284667969,0.9987649321556091,19542.804310256324,0.9762128133401431,2,train,1525520
18962,9.140897600445896e-05,9.827248573303223,0.9976707696914673,18160.094325389775,0.9577098578941976,2,train,1525778
16028,0.0001246661995537579,9.660114288330078,0.997730016708374,15356.678269777238,0.9581156894046193,2,train,1529999
4941,0.0003143475914839655,8.4970703125,0.9990296363830566,4862.051795537845,0.9840218165427737,2,train,1539095
2876,0.0005440273671410978,7.955611705780029,0.9989272356033325,2827.4574847878994,0.983121517659214,2,train,1729639
17905,0.00011431029270170256,9.769421577453613,0.9976091384887695,17060.316880917362,0.9528241765382498,2,train,1605998
12363,0.0001436089660273865,9.399654388427734,0.9975792765617371,11848.90679312034,0.9584167914842951,2,train,1606587
10277,0.0001809063251130283,9.200584411621094,0.9959861636161804,9562.870610814922,0.9305118819514374,2,train,1607648
9555,0.00021591855329461396,9.12333869934082,0.9954739212989807,8797.486544076583,0.9207207267479417,2,train,1615403
3130,0.0005170777440071106,8.040407180786133,0.9989587068557739,3077.5883640477978,0.9832550683858778,2,train,1942033
19148,9.691371815279126e-05,9.839492797851562,0.9979248046875,18389.220157061514,0.9603728930990972,2,train,1538174
10649,0.00018730791634880006,9.253349304199219,0.9978570938110352,10229.51102966871,0.9606076654773885,2,train,1540535
8756,0.00021643242507707328,9.04843807220459,0.9967990517616272,8274.577015742407,0.9450179323597998,2,train,1604743
4672,0.0003642688679974526,8.438883781433105,0.9987621307373047,4577.506442729509,0.9797744954472408,2,train,1543785
16700,0.00010059263877337798,9.705984115600586,0.9982330799102783,16165.279654410411,0.9679808176293659,2,train,1600192
24252,8.435526979155838e-05,10.077314376831055,0.9981240630149841,23327.091366211815,0.9618625831358987,2,train,1803624
6967,0.0002349519490962848,8.830828666687012,0.9979532957077026,6724.762790406376,0.9652307722701845,2,train,1804424
13922,0.00014930074394214898,9.513418197631836,0.9970855712890625,13177.949842101185,0.9465557996050269,2,train,1804432
16214,0.0001274946698686108,9.673431396484375,0.9979163408279419,15550.163459213603,0.9590578178866167,2,train,1809969
10290,0.00017548676987644285,9.218378067016602,0.9977757334709167,9886.038760702524,0.9607423479788653,2,train,1813167
16527,0.00010385273344581947,9.698724746704102,0.9985559582710266,16072.498168909397,0.972499435403243,2,train,1813078
20748,9.791716001927853e-05,9.921598434448242,0.9981280565261841,19967.209227408108,0.9623679018415321,2,train,1818577
17846,0.00010101364750880748,9.764966011047363,0.9974903464317322,17030.90412335901,0.9543261304134826,2,train,1814284
7433,0.00022100012574810535,8.90479850769043,0.9990030527114868,7301.479861011575,0.982305914302647,2,train,1812644
8505,0.00022656432702206075,9.036569595336914,0.9986914992332458,8303.870408366962,0.9763516059220414,2,train,1842383
13493,0.00012027839693473652,9.494745254516602,0.9984037280082703,13100.49593075138,0.970910541076957,2,train,1814487
9644,0.00020218703139107674,9.155098915100098,0.9979297518730164,9282.041926459788,0.9624680554188912,2,train,1817695
25476,6.356772792059928e-05,10.13218879699707,0.9986886978149414,24821.55819890628,0.9743114381734291,2,train,1815989
5129,0.0003234107862226665,8.528844833374023,0.998382031917572,4989.589216596581,0.9728191102742407,2,train,1817623
11348,0.00016269294428639114,9.32126235961914,0.9983362555503845,11005.475511749699,0.9698163122796704,2,train,1819576
15272,0.00012680042709689587,9.617073059082031,0.9982661604881287,14769.577519809696,0.9671017234029398,2,train,1824936
7115,0.0002539654087740928,8.858552932739258,0.9987138509750366,6950.708936846988,0.9769091970269835,2,train,1826776
10580,0.00015727870049886405,9.247573852539062,0.9979338049888611,10203.266099850529,0.9643918808932447,2,train,1826191
18019,9.918063733493909e-05,9.778427124023438,0.9978820085525513,17318.552908462294,0.9611273049815359,2,train,2131561
20428,8.095028897514567e-05,9.917673110961914,0.9992958307266235,20144.95618094219,0.9861443205865572,2,train,1813908
10783,0.0001507840643171221,9.275690078735352,0.9989191889762878,10569.214151104308,0.9801738060933236,2,train,1813987
19601,9.021584264701232e-05,9.871458053588867,0.9987981915473938,19142.216788648624,0.9765938874878131,2,train,1814861
12260,0.00017542725254315883,9.389339447021484,0.997370183467865,11650.214355065364,0.9502621823054946,2,train,1817375
19779,9.231625881511718e-05,9.875905990600586,0.998335063457489,19143.79924319851,0.9678850924312913,2,train,1817621
8650,0.00019938214973080903,9.048521995544434,0.9981476068496704,8373.32606664765,0.9680145741789191,2,train,1818612
10908,0.00019645242718979716,9.271955490112305,0.997279167175293,10362.065374394286,0.9499509877515847,2,train,1820101
19354,0.00010135016782442108,9.851320266723633,0.9980412721633911,18634.193445659977,0.9628083830556979,2,train,1817910
8992,0.00017057474178727716,9.094633102416992,0.9989612102508545,8826.778576479732,0.9816257313700769,2,train,1941509
8523,0.00019279027765151113,9.0348539352417,0.9982686042785645,8264.224461027938,0.9696379750120776,2,train,1823703
8797,0.00019856957078445703,9.061767578125,0.9977540373802185,8453.99072256029,0.9610083804206309,2,train,1925697
13457,0.00012734370830003172,9.49217700958252,0.9984140992164612,13066.987500414763,0.9710178717704364,2,train,1926474
13513,0.00014041447138879448,9.485895156860352,0.9973176717758179,12836.743241137965,0.9499550981379387,2,train,1927411
12135,0.00014530133921653032,9.390657424926758,0.998597264289856,11815.58278433096,0.9736780209584639,2,train,1811082
16134,0.0001217267636093311,9.664922714233398,0.997547447681427,15390.783004432722,0.9539347343766408,2,train,1813564
16985,0.0001001229538815096,9.728322982788086,0.9987923502922058,16595.936991953855,0.9770937292878337,2,train,1815873
13915,0.00012648155097849667,9.518529891967773,0.9976738691329956,13332.393682663333,0.9581310587612887,2,train,1821500
9411,0.00017703644698485732,9.13629150390625,0.9985416531562805,9169.70403007024,0.974360219962835,2,train,1924669
13335,0.00012764336133841425,9.487577438354492,0.9988871812820435,13057.920973134149,0.9792216702762766,2,train,1820492
14837,0.00012690405128523707,9.591115951538086,0.9985670447349548,14433.47026597421,0.9728024712525585,2,train,1826911
4985,0.00033547141356393695,8.504537582397461,0.9988664984703064,4891.320795930435,0.9812077825336881,2,train,1729099
22878,7.745651237200946e-05,10.019659996032715,0.9981797337532043,22076.50754701373,0.9649666730926537,2,train,1727572
12608,0.00012298327055759728,9.431055068969727,0.9988316297531128,12341.032212727829,0.9788255244866615,2,train,1729427
11475,0.00014671336975879967,9.334932327270508,0.9986099600791931,11184.046132263094,0.9746445431166095,2,train,1730447
13316,0.00014025988639332354,9.466411590576172,0.9968084096908569,12561.6953548153,0.9433535111756759,2,train,1730282
11706,0.00014041789108887315,9.351468086242676,0.9982504844665527,11337.733514377682,0.9685403651441724,2,train,1731335
7153,0.00021573391859419644,8.860601425170898,0.9983453154563904,6952.676592045559,0.9719944907095707,2,train,1733191
4142,0.00042184453923255205,8.309234619140625,0.9976348280906677,3984.3540285535178,0.9619396495783481,2,train,1734943
1594,0.0009699552902020514,7.366015434265137,0.9989169836044312,1568.7161990904117,0.9841381424657539,2,train,1737169
15532,0.00010949545685434714,9.631965637207031,0.9980631470680237,14977.980595826077,0.9643304529890598,2,train,1735167
17701,0.00010476550232851878,9.766568183898926,0.9984860420227051,17178.211486591543,0.9704655944066178,2,train,1734758
10824,0.00015240903303492814,9.276876449584961,0.9986388087272644,10556.402331028685,0.975277377219945,2,train,1737717
13983,0.00014354880840983242,9.523333549499512,0.9976675510406494,13359.778989624027,0.9554300929431472,2,train,1739128
19250,9.047553612617776e-05,9.845880508422852,0.9980348944664001,18541.621491176473,0.9632011164247518,2,train,1739039
11007,0.00016368839715141803,9.288957595825195,0.998137891292572,10625.280030676246,0.9653202535364991,2,train,1738006
13722,0.00010993366595357656,9.518214225769043,0.9991034865379333,13493.167998093035,0.9833237136053807,2,train,1722988
16646,9.719173976918682e-05,9.707670211791992,0.9987392425537109,16255.400191981713,0.9765349148132713,2,train,1724765
22289,8.573771629016846e-05,9.98685073852539,0.9975032210350037,21213.921815051286,0.9517664235744666,2,train,1723321
18134,9.973053238354623e-05,9.787853240966797,0.9981958270072937,17511.19634106984,0.9656554726519158,2,train,1724819
16577,0.00010948837007163092,9.69540023803711,0.9979032874107361,15906.918065785514,0.9595776114969846,2,train,1725311
16432,0.00013150981976650655,9.680621147155762,0.9972839951515198,15574.412065093924,0.9478098871162319,2,train,1724775
21609,8.778618939686567e-05,9.95118522644043,0.997026264667511,20379.38861694828,0.9430972565573733,2,train,1728623
13819,0.00012648035772144794,9.515058517456055,0.9980341792106628,13323.87614052143,0.9641707895304602,2,train,1732026
11878,0.00016034519649110734,9.360969543457031,0.9977113008499146,11392.516415162905,0.9591274974880372,2,train,1801242
15579,0.00010449898400111124,9.639487266540527,0.9985299110412598,15154.717732632313,0.9727657572778942,2,train,1735482
13750,0.00013353319081943482,9.509846687316895,0.9980115294456482,13244.788026558777,0.9632573110224565,2,train,1734706
11556,0.00013801756722386926,9.345300674438477,0.9989674687385559,11337.41365690303,0.9810846016703904,2,train,1737916
13560,0.0001405171788064763,9.491487503051758,0.9975415468215942,12938.161019200475,0.9541416680826309,2,train,1804340
11724,0.00014387995179276913,9.350456237792969,0.9979788661003113,11302.025027794773,0.9640075936365381,2,train,1808134
12177,0.00015972761320881546,9.387922286987305,0.9979397654533386,11707.034135412676,0.9614054475989715,2,train,1821002
14440,0.000113431662612129,9.569742202758789,0.9991630911827087,14211.718104950574,0.9841910044979623,2,train,1741209
5996,0.00026192792574875057,8.68425178527832,0.9983221292495728,5824.955099188585,0.9714734988640069,2,train,1740291
17857,0.00010376777208875865,9.77282428741455,0.9982302188873291,17253.11837638685,0.9661823585365319,2,train,1740516
7113,0.00024518510326743126,8.855958938598633,0.9984530806541443,6923.720485905406,0.9733896367081971,2,train,1741099
15761,0.00011774343875003979,9.645750045776367,0.9979779720306396,15165.691012141031,0.9622289837028761,2,train,1740995
22873,9.070996020454913e-05,10.018593788146973,0.9980953931808472,21978.19905197506,0.9608795983025865,2,train,1805930
10025,0.00023080321261659265,9.19424057006836,0.9979814291000366,9653.455819650944,0.962938236374159,2,train,1804299
12557,0.00015428596816491336,9.419795989990234,0.9980677366256714,12095.547941294606,0.9632514088790799,2,train,1803820
12409,0.0001597110676812008,9.405559539794922,0.9978127479553223,11900.62946115732,0.9590321106581771,2,train,1805294
14359,0.00013819788000546396,9.539652824401855,0.9966068863868713,13459.319569807727,0.9373437962119735,2,train,1807131
7880,0.00021867817849852145,8.957365036010742,0.9983595609664917,7654.540210145016,0.9713883515412457,2,train,1912267
9353,0.0002026861475314945,9.124373435974121,0.9979133605957031,9003.881870843232,0.9626731391899104,2,train,1809027
1781,0.000845368136651814,7.474435806274414,0.9985978603363037,1745.3803133418376,0.9800001759358998,2,train,1631879
10545,0.0001726918708300218,9.252330780029297,0.9988043308258057,10314.387341964994,0.9781306156439065,2,train,1729284
19470,9.025894541991875e-05,9.867295265197754,0.9990549087524414,19104.292309018172,0.9812168623019092,2,train,1740748
9036,0.00019717757822945714,9.08908462524414,0.9978167414665222,8688.858879504196,0.9615824346507521,2,train,1629345
3315,0.00056932691950351,8.094247817993164,0.998524010181427,3235.681892003115,0.9760729689300498,2,train,1633573
9669,0.0002202588366344571,9.157247543334961,0.9978823065757751,9293.300352504382,0.9611438982836262,2,train,1709223
17791,0.00010471515997778624,9.773323059082031,0.9986589550971985,17335.07443922297,0.9743732471037587,2,train,1710992
13526,0.00012883881572633982,9.487468719482422,0.9973823428153992,12902.018027665952,0.9538679600521922,2,train,1706360
12801,0.00014598137931898236,9.43433952331543,0.997574508190155,12220.22187126951,0.9546302532043989,2,train,1918303
15383,0.00011330848792567849,9.623159408569336,0.9981476664543152,14856.325084464645,0.9657625355564353,2,train,1930012
8196,0.00019983111997134984,8.997936248779297,0.9985057711601257,7984.31436687925,0.9741720799022999,2,train,1932395
7301,0.00028991117142140865,8.873746871948242,0.9975247383117676,6977.0542043671085,0.9556299417021105,2,train,1920978
7937,0.0001912270236061886,8.970426559448242,0.9990127682685852,7798.567188027701,0.9825585470615725,2,train,1913529
4336,0.00043107676901854575,8.36313247680664,0.9986178874969482,4235.635049678485,0.9768531018631194,2,train,1917150
14132,0.00013815940474160016,9.538162231445312,0.9981127381324768,13630.207152362857,0.9644924393124014,2,train,1917152
7504,0.00023161378339864314,8.910165786743164,0.9985403418540955,7311.526129488837,0.9743504970001116,2,train,1918113
3934,0.00039355288026854396,8.267001152038574,0.9987422227859497,3854.032280345968,0.979672669127089,2,train,1918858
9358,0.00018179102335125208,9.133718490600586,0.9988771080970764,9167.318066937807,0.9796236446823902,2,train,1918734
10566,0.00017062161350622773,9.253637313842773,0.9987308979034424,10322.959481624857,0.9769978687890268,2,train,1919315
3304,0.00047232466749846935,8.084437370300293,0.9977228045463562,3187.2988668305597,0.964678833786489,2,train,1922460
9474,0.00018323744006920606,9.147809982299805,0.9990720748901367,9313.866508723684,0.9830975837791518,2,train,1925702
11293,0.00014308687241282314,9.32394027709961,0.9991428852081299,11115.529474695843,0.9842849087661244,2,train,1922933
13681,0.00013055483577772975,9.506013870239258,0.9981362223625183,13203.771314780535,0.9651174120883368,2,train,1926650
19659,8.311600686283782e-05,9.876134872436523,0.9989727139472961,19272.219078450267,0.9803255037616495,2,train,1924485
13418,0.00013970040890853852,9.482060432434082,0.9976545572280884,12838.321248928574,0.9567984236792797,2,train,1924499
12355,0.00013971146836411208,9.399765014648438,0.9976595640182495,11841.354407612436,0.9584260953146447,2,train,1924842
5930,0.0003177902544848621,8.666217803955078,0.9975181818008423,5682.084515366674,0.9581930042776854,2,train,1925396
7923,0.00020177931583020836,8.957785606384277,0.9978013038635254,7627.369182019473,0.962687010225858,2,train,1926327
11714,0.00014455536438617855,9.357315063476562,0.9988018870353699,11459.676911360091,0.9782889628956881,2,train,1927741
15401,0.00012288682046346366,9.629138946533203,0.99864661693573,15014.556219693995,0.9749078773906886,2,train,1926968
12074,0.00013997085625305772,9.387771606445312,0.9988256096839905,11813.49775216066,0.9784245280901657,2,train,1927202
11118,0.0001525642437627539,9.302752494812012,0.9985436797142029,10819.91416839344,0.9731888980386256,2,train,1929027
11476,0.00015074982366058975,9.327824592590332,0.997840404510498,11023.75953262882,0.9605925002290711,2,train,1929023
6718,0.00028197263600304723,8.790851593017578,0.9975382089614868,6433.862742529776,0.9577050822461709,2,train,1909767
12407,0.00013913153088651597,9.41522216796875,0.9988548755645752,12146.25366191038,0.9789839334174563,2,train,1921184
8273,0.00023346170200966299,9.007879257202148,0.9985728859901428,8060.975401403737,0.9743714978126118,2,train,1923931
8677,0.00020636399858631194,9.048877716064453,0.9978438019752502,8340.920072391289,0.9612677276007018,2,train,1928195
10826,0.0001959840883500874,9.269515991210938,0.9978266358375549,10403.792195385675,0.9610005722691368,2,train,2112421
12100,0.00015522207831963897,9.380916595458984,0.9978678226470947,11628.95183221691,0.9610703993567694,2,train,1832929
12651,0.00013304257299751043,9.43486213684082,0.9988746047019958,12390.349974338329,0.9793968835932597,2,train,1834537
7173,0.00021107864449732006,8.866249084472656,0.9986674785614014,7009.842491148885,0.9772539371460873,2,train,1901022
12775,0.0001366653887089342,9.442113876342773,0.9986112713813782,12450.732398530832,0.974617017497521,2,train,1908295
9815,0.00019031320698559284,9.175943374633789,0.9982893466949463,9515.673422980097,0.9695031505838102,2,train,1840070
9648,0.000196933833649382,9.14992904663086,0.9973211884498596,9188.373348166055,0.9523604216590024,2,train,1838871
9969,0.00019694074580911547,9.183273315429688,0.9973974823951721,9507.92275086002,0.9537488966656655,2,train,1840751
9397,0.00017489559832029045,9.12894344329834,0.9979009628295898,9048.89928835501,0.9629561869059285,2,train,1902757
15128,0.00010687012400012463,9.61432933807373,0.9989637136459351,14834.395495075816,0.9805919814301836,2,train,1901451
13055,0.00016120067448355258,9.456401824951172,0.9978342056274414,12522.819054547297,0.9592354695172193,2,train,1841844
6000,0.0002541929134167731,8.689903259277344,0.9988951683044434,5888.308656659379,0.9813847761098965,2,train,1842055
5950,0.00029607181204482913,8.667186737060547,0.9972431659698486,5674.929185560532,0.9537696110185767,2,train,1902593
11722,0.000157451955601573,9.354257583618164,0.9984027743339539,11375.978580153831,0.9704810254354062,2,train,1906215
10288,0.00018021884898189455,9.206843376159668,0.9965482354164124,9657.851524299407,0.9387491761566298,2,train,1907760
4219,0.0004106346459593624,8.338117599487305,0.9988936185836792,4141.682338380796,0.9816739365680958,2,train,1907363
6481,0.00027394399512559175,8.766280174255371,0.9988207221031189,6348.65003650132,0.9795787743405833,2,train,1908315
10782,0.00016750232316553593,9.260875701904297,0.9973337650299072,10270.701515179142,0.9525785118882528,2,train,1832345
9845,0.00017833545280154794,9.181506156921387,0.9985629320144653,9587.052795319607,0.9737991666144852,2,train,1840758
11667,0.00014233308320399374,9.348876953125,0.9983295202255249,11317.837626991075,0.9700726516663303,2,train,1916184
13479,0.00015324747073464096,9.489917755126953,0.9980049729347229,12970.6904399036,0.9622887780921137,2,train,1902594
13656,0.0001274139212910086,9.500109672546387,0.9977079629898071,13092.81081392101,0.9587588469479358,2,train,1823210
15772,0.00010622782428981736,9.655794143676758,0.9989449977874756,15455.481764214395,0.9799316360775041,2,train,1827368
17259,0.00011320646444801241,9.735319137573242,0.9978711009025574,16551.15892978794,0.9589871330776951,2,train,1824854
11951,0.00013491747085936368,9.377664566040039,0.9988384246826172,11695.874107048869,0.9786523393062395,2,train,1828094
9906,0.0001721331209409982,9.190885543823242,0.99891197681427,9710.994221617682,0.9803143773084678,2,train,1830522
12575,0.00014822401863057166,9.423372268676758,0.9982951283454895,12185.213955864436,0.9690030978818637,2,train,1835488
15444,0.00011796798935392871,9.630693435668945,0.9985191822052002,15012.891530923525,0.972085698712997,2,train,1835846
8851,0.00017176475375890732,9.075833320617676,0.9986298680305481,8640.24674881837,0.9761887638479686,2,train,1836823
4310,0.00036619871389120817,8.35828685760498,0.9987565279006958,4222.209651508991,0.9796310096308563,2,train,1900969
11709,0.00015305387205444276,9.34782600402832,0.9978344440460205,11249.7862386826,0.9607811289335212,2,train,1837426
11134,0.00014864039258100092,9.307306289672852,0.9988782405853271,10906.476291128636,0.9795649623790763,2,train,1904992
9929,0.0001717245759209618,9.188393592834473,0.9983896017074585,9644.455092348255,0.9713420377025134,2,train,1904968
13210,0.000156392838107422,9.469549179077148,0.9979786276817322,12709.4373813625,0.9621072960910296,2,train,1904966
15485,0.00012121694453526288,9.632135391235352,0.998394250869751,15024.522546028802,0.9702629994206524,2,train,1903865
5758,0.0002788401616271585,8.64501667022705,0.998460590839386,5610.157134252442,0.9743239205023345,2,train,1907563
5207,0.00030918041011318564,8.544376373291016,0.9984362125396729,5071.794015104644,0.9740338035538014,2,train,1908358
12370,0.0001429442345397547,9.406688690185547,0.99826580286026,11983.44777787485,0.9687508308710469,2,train,1900676
6882,0.00023193575907498598,8.827281951904297,0.9989382028579712,6755.57877583891,0.9816301621387546,2,train,1923405
18642,9.277828212361783e-05,9.823339462280273,0.9989999532699585,18280.452996905173,0.9806057824753338,2,train,1821182
8940,0.00021037091210018843,9.081480026245117,0.9981523156166077,8639.813314239771,0.966422070944046,2,train,1828193
4594,0.0003328924358356744,8.423240661621094,0.9989011883735657,4511.301101180747,0.9819984982979423,2,train,1833533
7795,0.00021919941355008632,8.946701049804688,0.998377799987793,7570.844089000841,0.9712436291213395,2,train,1841202
13587,0.00013837037840858102,9.49803352355957,0.9980208873748779,13088.576499045776,0.9633161477180964,2,train,1840947
10030,0.00014749760157428682,9.205216407775879,0.9991187453269958,9872.037726641453,0.9842510196053292,2,train,1842387
13654,0.00013820755702909082,9.5032958984375,0.9980579614639282,13172.887555743668,0.9647639926573655,2,train,1912831
18044,0.00011569305206649005,9.765018463134766,0.996372640132904,16859.79648510312,0.9343713414488539,2,train,1925047
5810,0.000302094966173172,8.656357765197754,0.9987334609031677,5683.640999908277,0.9782514629790494,2,train,1828773
6545,0.0002445091085974127,8.771535873413086,0.9983018040657043,6357.024846794719,0.9712795793422031,2,train,1901447
11780,0.0001708051422610879,9.3494873046875,0.9973680973052979,11196.581291432514,0.950473793839772,2,train,1834244
7722,0.00020914009655825794,8.934591293334961,0.9980743527412415,7468.922192845301,0.9672263911998576,2,train,1920221
7924,0.00020835749455727637,8.960895538330078,0.9981335997581482,7668.204864928319,0.9677189380272991,2,train,1919474
12141,0.00016211842012126,9.386474609375,0.9980999231338501,11721.222573759238,0.965424806338789,2,train,1826028
19142,9.997607412515208e-05,9.840300559997559,0.9980384707450867,18431.304042392323,0.962872429338226,2,train,1826081
19492,9.000393038149923e-05,9.864191055297852,0.9986264109611511,18967.215058791706,0.9730769063611587,2,train,1826517
11088,0.00015607783279847354,9.299564361572266,0.9984909892082214,10784.756580917365,0.9726512067926917,2,train,1834955
12833,0.00014149214257486165,9.442794799804688,0.9982050061225891,12402.98842390965,0.9664917341159238,2,train,1905283
4881,0.0003430801152717322,8.48267936706543,0.9987724423408508,4780.153138296685,0.9793388933203616,2,train,1919861
18594,9.723073162604123e-05,9.814543724060059,0.9983673095703125,18017.56784867435,0.968999023807376,2,train,1906226
6502,0.0002539351407904178,8.766763687133789,0.9985077977180481,6333.81298777045,0.974133034108036,2,train,1419270
7530,0.00019863313355017453,8.918131828308105,0.999045729637146,7405.6985879277145,0.9834925083569342,2,train,1435626
1567,0.0010072130244225264,7.3469038009643555,0.9986388087272644,1535.0997406036972,0.9796424636909363,2,train,1441133
16161,0.00011488267773529515,9.666034698486328,0.9974901080131531,15420.622847110271,0.9541874170602235,2,train,1505767
7992,0.00020726396178361028,8.972513198852539,0.9984773397445679,7778.430394968884,0.973277076447558,2,train,1714727
8024,0.0002150821965187788,8.982376098632812,0.9991306066513062,7898.7168896473495,0.9843864518503675,2,train,1924303
9326,0.00017642896273173392,9.128223419189453,0.9986502528190613,9105.002898796896,0.9763031201798087,2,train,1533858
13897,0.00013895505981054157,9.51727294921875,0.9976774454116821,13309.056528672598,0.9576927774823774,2,train,1541211
3000,0.0005469970055855811,7.993091106414795,0.9983417987823486,2921.1527902067523,0.9737175967355841,2,train,1733553
12227,0.00013293839583639055,9.399566650390625,0.9987425208091736,11947.778618772725,0.9771635412425554,2,train,1812586
11013,0.00014200432633515447,9.29476261138916,0.9987031817436218,10756.850322030963,0.9767411533670174,2,train,1824459
2684,0.0005822289967909455,7.881120681762695,0.9982340335845947,2611.7773483903393,0.9730914114718104,2,train,1824021
8962,0.00019262485147919506,9.088205337524414,0.9986217021942139,8746.878743942721,0.9759962892147648,2,train,1903382
13565,0.00015727920981589705,9.493924140930176,0.9977589249610901,12986.256372422666,0.9573355232158249,2,train,1908470
11762,0.0001532803726149723,9.35784912109375,0.9984230399131775,11424.09373945919,0.9712713602668924,2,train,1910772
4510,0.0003435511898715049,8.405570983886719,0.9989920258522034,4434.2610143862275,0.9832064333450615,2,train,1911681
11967,0.00015078909927979112,9.375553131103516,0.9984712600708008,11626.320372024782,0.9715317432961296,2,train,1926193
8048,0.0001839517935877666,8.987045288085938,0.9993178844451904,7950.217369992074,0.9878500708240648,2,train,1927107
3899,0.0004256445390637964,8.25612735748291,0.9985066056251526,3803.1900958685706,0.9754270571604439,2,train,1931323
6913,0.00024215968733187765,8.822858810424805,0.9979301691055298,6666.189081413103,0.9642975671073489,2,train,1941711
4777,0.00035167523310519755,8.460765838623047,0.9987248778343201,4674.643602376359,0.9785730798359554,2,train,1942879
10089,0.00017179592396132648,9.205621719360352,0.9985270500183105,9821.703949406978,0.9735061898510237,2,train,1930666
10918,0.00014503109559882432,9.286848068237305,0.9987825155258179,10678.377656785286,0.9780525422957763,2,train,1830985
6339,0.00028368947096168995,8.725354194641113,0.9966734051704407,5990.51106422344,0.9450246196913457,2,train,1908196
12878,0.00015793056809343398,9.423542022705078,0.9958012700080872,11915.762398027295,0.9252805092426848,2,train,1924111
6038,0.00032924156403169036,8.682764053344727,0.997350811958313,5754.612537614199,0.9530660049046371,2,train,1516576
10246,0.00017357633623760194,9.216647148132324,0.9980512857437134,9895.12224298441,0.9657546596705455,2,train,1322982
11652,0.00014877869398333132,9.33915901184082,0.997428834438324,11123.032036016755,0.9546028180584238,2,train,1403864
5373,0.0003063503827434033,8.577229499816895,0.9986130595207214,5247.247635475391,0.9765955026010406,2,train,1521966
10293,0.0001577699586050585,9.230352401733398,0.9990402460098267,10115.277318282966,0.982733636285142,2,train,1910562
13629,0.00014333383296616375,9.4756498336792,0.9953461289405823,12513.092548425782,0.9181225730740173,2,train,1642474
9806,0.00017169257625937462,9.18006420135498,0.9988372921943665,9603.615405255532,0.9793611467729484,2,train,1827963
1359,0.0010518798371776938,7.206275463104248,0.9988594055175781,1337.2409802876102,0.9839889479673365,2,train,1830284
14482,0.0001236988027812913,9.560846328735352,0.9979317784309387,13936.13032895764,0.9623070245102638,2,train,2129111
7331,0.0002289940748596564,8.88626480102539,0.9984716176986694,7134.894210890473,0.9732497900546273,2,val,1532089
9092,0.000206614684429951,9.094461441040039,0.9977302551269531,8726.99144724197,0.9598538767314089,2,val,1514733
15067,0.00015516963321715593,9.576275825500488,0.9954277873039246,13795.022459439173,0.9155785796402186,2,val,1612520
8523,0.0002180758019676432,9.035601615905762,0.9983512163162231,8270.296920121345,0.9703504540797073,2,val,1735041
21742,7.621728582307696e-05,9.972923278808594,0.998590350151062,21151.80707385898,0.9728547085759811,2,val,1804142
11863,0.00018753917538560927,9.333335876464844,0.9949000477790833,10782.986466872348,0.9089594931191392,2,val,1206967
14857,0.0001069277132046409,9.590577125549316,0.9983709454536438,14418.659787956802,0.9704960481898635,2,val,1203423
12046,0.00015987503866199404,9.363027572631836,0.9964390397071838,11318.868515648883,0.939637100751194,2,val,1214517
14694,0.0001211548296851106,9.582908630371094,0.9987195730209351,14346.437097429793,0.9763466106866607,2,val,1409791
10348,0.00015140778850764036,9.236340522766113,0.9991121292114258,10182.470420083446,0.9840037128028069,2,val,1412320
13969,0.0001235213567269966,9.52716064453125,0.9981732964515686,13504.694791180691,0.9667617432300588,2,val,1537907
12396,0.00015325537242460996,9.407205581665039,0.9980983734130859,11971.087432457432,0.9657217999723646,2,val,1420404
7231,0.00025655212812125683,8.873086929321289,0.9985319972038269,7042.98515960395,0.9739987774310538,2,val,1424381
12358,0.00013885286170989275,9.390036582946777,0.9966013431549072,11621.0934490491,0.9403700800331041,2,val,1302283
18279,0.0001110931989387609,9.79287338256836,0.9978973269462585,17524.072637732177,0.958699744938573,2,val,1615177
13285,0.00012327964941505343,9.481237411499023,0.9986146092414856,12949.300377439555,0.9747309279216827,2,val,1613163
8011,0.00018144186469726264,8.981401443481445,0.9992023706436157,7897.879903730639,0.9858794037861239,2,val,1920974
10858,0.0001339914306299761,9.285455703735352,0.9992250204086304,10704.964634325392,0.9859057500760169,2,val,1640803
14898,0.00011409406579332426,9.591604232788086,0.9981914758682251,14409.24210122402,0.9671930528409195,2,val,1701711
10748,0.00018162321066483855,9.257467269897461,0.9973059892654419,10226.06010966164,0.9514384173484964,2,val,1412086
4494,0.0003417951229494065,8.396612167358398,0.9983489513397217,4375.4688120040555,0.9736245687592469,2,val,1802515
17569,9.744142153067514e-05,9.756999969482422,0.9982717633247375,16993.04026487287,0.9672172727459087,2,val,1513216
7907,0.0002485618751961738,8.951079368591309,0.9972787499427795,7538.153056825514,0.9533518473283816,2,val,1439413
17464,9.770084579940885e-05,9.751662254333496,0.998337984085083,16930.286081022212,0.9694391938285738,2,val,1440284
9840,0.0001734227262204513,9.177534103393555,0.9981861710548401,9517.859902323466,0.9672621851954741,2,val,1500586
13164,0.0001351963437628001,9.471746444702148,0.9985772967338562,12811.388937210573,0.9732139879376005,2,val,1437126
10466,0.000180830669705756,9.228242874145508,0.9970133304595947,9907.108149912758,0.9465992881628853,2,val,1435051
11631,0.00016641865659039468,9.34180736541748,0.9979040026664734,11174.663621038124,0.9607655077842081,2,val,1917738
12354,0.00014462386025115848,9.407978057861328,0.9985398650169373,12021.273326337197,0.9730672920784521,2,val,1707583
13211,0.00012045236508129165,9.473373413085938,0.9983737468719482,12826.438181118077,0.9708907865504562,2,val,1331599
12498,0.00014235267008189112,9.42412281036377,0.9990246295928955,12269.542901768991,0.9817205074227069,2,val,1413719
12988,0.00012414126831572503,9.458478927612305,0.998595654964447,12662.361284130202,0.9749277243709733,2,val,1415392
6740,0.00026332587003707886,8.791864395141602,0.9972832202911377,6427.259112827595,0.9535992749002367,2,val,1544448
14936,0.00012875096581410617,9.589133262634277,0.9976698756217957,14276.721139877718,0.9558597442339125,2,val,1813974
13897,0.00011854628974106163,9.530909538269043,0.9991069436073303,13662.983160921025,0.9831606217831924,2,val,1601451
14867,0.00011091966734966263,9.598228454589844,0.999097466468811,14614.392891124071,0.9830088714013635,2,val,1405434
7298,0.0002402862155577168,8.86988639831543,0.9971368312835693,6950.841110370932,0.9524309551070064,2,val,1327351
14267,0.00010939261119347066,9.55394458770752,0.9987706542015076,13941.349467984965,0.9771745614344266,2,val,1819647
13063,0.0001287143531953916,9.46361255645752,0.9985305666923523,12711.813074251095,0.9731159055539382,2,val,1514925
18681,9.613037400413305e-05,9.81810188293457,0.99825519323349,18068.517258365595,0.9672135998268613,2,val,1729395
13854,0.0001509736612206325,9.507723808288574,0.9970003962516785,13072.798031151618,0.943611811112431,2,val,1812325
17290,9.425849566468969e-05,9.747892379760742,0.9989759922027588,16951.465142667694,0.9804201933295369,2,val,1824307
12336,0.00013868496171198785,9.399808883666992,0.9978272914886475,11850.928725485166,0.9606783986288234,2,val,1634777
8496,0.00021235710300970823,9.024909019470215,0.9975195527076721,8124.519463408763,0.9562758313805041,2,val,1715442
15531,0.00011541633284650743,9.631311416625977,0.9980019330978394,14955.353780162024,0.9629356628782451,2,val,1709370
21316,8.681468898430467e-05,9.953073501586914,0.9985813498497009,20707.56302972757,0.9714563252827721,2,val,1737719
8941,0.0001783131156116724,9.090433120727539,0.9991240501403809,8801.17996340797,0.9843619241033409,2,val,1837198
15186,0.00010240522533422336,9.613104820251465,0.9984395503997803,14756.268318327684,0.9717021149958965,2,val,1627584
9502,0.00018032127991318703,9.141043663024902,0.9980114102363586,9171.281490285868,0.9651948526926823,2,val,1627515
19510,9.718152432469651e-05,9.850510597229004,0.9971482753753662,18450.247111153116,0.9456815536213796,2,val,1641941
17360,0.0001073538078344427,9.745965957641602,0.9983652830123901,16804.420617459564,0.9679965793467491,2,val,1701407
4053,0.0003994210564997047,8.298168182373047,0.9989112019538879,3979.131677371956,0.9817744084312746,2,val,1702123
8962,0.00018067566270474344,9.090533256530762,0.9988774657249451,8780.392275955826,0.9797358040566644,2,val,1642609
18903,0.00010311068035662174,9.827668190002441,0.9980291128158569,18180.243923481015,0.9617650067968585,2,val,1732426
23400,8.156817057169974e-05,10.034878730773926,0.9974541664123535,22231.366405115066,0.9500583933809857,2,val,1738633
15951,0.00011149541387567297,9.65388011932373,0.9975823163986206,15246.006625363252,0.9558025594234375,2,val,1504785
7146,0.00027763412799686193,8.857038497924805,0.998054027557373,6906.311407269149,0.9664583553413306,2,val,1611788
14493,0.0001196182201965712,9.568319320678711,0.9986326098442078,14122.843726934218,0.9744596513443882,2,val,1818151
14382,0.00014047205331735313,9.54590892791748,0.9970937371253967,13613.529466324582,0.9465671997166306,2,val,1527525
18913,0.00010465749801369384,9.826546669006348,0.9978616237640381,18136.20247566855,0.9589278525706418,2,val,1531211
13835,0.00011346820974722505,9.525310516357422,0.9989882707595825,13575.638878934486,0.9812532619396086,2,val,1514127
10606,0.00016390622477047145,9.25015640258789,0.9979481101036072,10211.263730182834,0.9627817961703596,2,val,1522336
10172,0.00019525598327163607,9.200765609741211,0.9971141815185547,9653.710769701052,0.9490474606469772,2,val,1535186
5045,0.0003346300218254328,8.516279220581055,0.9988420009613037,4946.489526671621,0.9804736425513619,2,val,1624653
9141,0.00018598634051159024,9.11136245727539,0.998995304107666,8972.15161537169,0.9815284558988829,2,val,1708521
10731,0.00015210910351015627,9.271830558776855,0.9990236163139343,10538.486199952737,0.9820600316795021,2,val,1909549
19784,8.317107858601958e-05,9.874687194824219,0.9981863498687744,19107.098294076524,0.9657853969913326,2,val,1523365
21937,8.818796050036326e-05,9.963606834411621,0.9967663884162903,20577.637036555156,0.9380333243631834,2,val,1504486
14472,0.00012461928417906165,9.559622764587402,0.9978759288787842,13907.320267665335,0.9609812235810762,2,val,1504728
16493,0.00011669420200632885,9.68643569946289,0.9975021481513977,15753.698659618713,0.9551748414247688,2,val,1522244
8041,0.0002509670739527792,8.966876983642578,0.9971718192100525,7640.362628246942,0.9501756781801943,2,val,1612740
9468,0.00019301690917927772,9.132699966430664,0.9974908232688904,9060.037276167122,0.9569114148887962,2,val,1538646
12938,0.00013011942792218179,9.444685935974121,0.997545599937439,12370.072609206954,0.9561039271299239,2,val,1539679
10361,0.00016850655083544552,9.227949142456055,0.9980688691139221,10001.649984412326,0.9653170528339279,2,val,1543438
7774,0.00021827001182828099,8.950032234191895,0.9990503191947937,7642.343256370317,0.9830644785657727,2,val,1543358
6930,0.0002467885205987841,8.825849533081055,0.997991144657135,6692.770169184623,0.9657677011810423,2,val,1607251
6974,0.00023823234369046986,8.839309692382812,0.9987983703613281,6828.665542790133,0.9791605309420897,2,val,1601929
11661,0.00016598132788203657,9.343412399291992,0.997800886631012,11191.151226142285,0.9597076773983608,2,val,1821240
7234,0.0002587829949334264,8.866250991821289,0.9977160692214966,6945.571425264951,0.9601287566028409,2,val,1827128
6979,0.00027593577397055924,8.825511932373047,0.9971584677696228,6631.461694139063,0.9502022774235654,2,val,1816891
15095,0.00010214610665570945,9.61249828338623,0.9990001320838928,14812.182538692055,0.9812641628812226,2,val,1926325
7698,0.0002246859803562984,8.938482284545898,0.9988564252853394,7543.978892506484,0.9799920619000368,2,val,1927734
14664,0.00013481199857778847,9.559277534484863,0.9964690208435059,13717.642522939599,0.9354638927263774,2,val,1816892
9776,0.00018788111628964543,9.168780326843262,0.997942328453064,9418.148951791236,0.9633949418771722,2,val,1819486
4509,0.0003428315685596317,8.397279739379883,0.9980329275131226,4368.917227333813,0.9689326297036621,2,val,1817812
12710,0.00012330382014624774,9.43910026550293,0.9988313317298889,12435.143723814657,0.9783748012442689,2,val,1823681
3772,0.0004292861558496952,8.223766326904297,0.9985920786857605,3686.856296707063,0.9774274381513952,2,val,1736285
6567,0.000276434380793944,8.766916275024414,0.9973952174186707,6281.300642777921,0.9564946920630305,2,val,1733883
14286,0.0001416191807948053,9.548470497131348,0.9980595111846924,13758.845708947341,0.9630999376275613,2,val,1800498
20844,9.237821359420195e-05,9.924554824829102,0.9979620575904846,20024.29092497441,0.9606740992599506,2,val,1803356
6146,0.00024667088291607797,8.714235305786133,0.9989314675331116,6033.158810770359,0.9816398976196484,2,val,1811139
5915,0.00027463838341645896,8.675615310668945,0.9988910555839539,5803.125667001413,0.9810863342352346,2,val,1631152
5502,0.0003353982465341687,8.594257354736328,0.9978393316268921,5299.170751809382,0.9631353601979974,2,val,1631638
7018,0.0002460498071741313,8.83862590789795,0.9980118274688721,6777.482445526014,0.9657284761365081,2,val,1710045
15562,0.00011455386993475258,9.636058807373047,0.9982876777648926,15060.383730629223,0.9677665936659313,2,val,1926483
3710,0.00044026115210726857,8.204957008361816,0.9983172416687012,3610.7781042261768,0.9732555536997781,2,val,1942065
11490,0.0001483806991018355,9.336670875549316,0.9986563324928284,11211.668305684092,0.975776179781035,2,val,1930665
4250,0.00034468804369680583,8.345124244689941,0.9988569021224976,4171.253648266191,0.9814714466508684,2,val,1941713
5071,0.00031111633870750666,8.51819133758545,0.9984642863273621,4942.764106225355,0.9747119120933455,2,val,1919245
6473,0.0002650332753546536,8.760469436645508,0.9982990622520447,6284.31058850383,0.9708497742165658,2,val,1920232
8997,0.00017199084686581045,9.094282150268555,0.9988616108894348,8816.287822685552,0.9799141739119208,2,val,1924112
9820,0.00017313470016233623,9.18340015411377,0.9990452527999878,9647.766344819298,0.9824609312443277,2,val,1929015
11947,0.00016932350990828127,9.351959228515625,0.9961360692977905,11130.388790097119,0.9316471741941172,2,val,1910359
10506,0.00016616839275229722,9.244597434997559,0.9983687996864319,10194.189021166454,0.9703206759153297,2,val,1922820
19921,8.625275950180367e-05,9.871598243713379,0.9971785545349121,18913.543704806656,0.9494274235634083,2,val,1920973
11188,0.0001580626703798771,9.308219909667969,0.9984577298164368,10871.580336084999,0.9717179420883981,2,val,1924486
11963,0.00014425808330997825,9.378881454467773,0.9988611936569214,11708.515170411989,0.9787273401665125,2,val,2104070
11129,0.00017317240417469293,9.293244361877441,0.997417151927948,10596.275845734812,0.9521318937671679,2,val,1840251
8218,0.00019041457562707365,9.003984451293945,0.9988797903060913,8056.068971354548,0.9802955672127706,2,val,1906765
5372,0.0002804275427479297,8.58090877532959,0.9990630745887756,5286.760206517566,0.9841325775349155,2,val,1903242
12831,0.00013260950800031424,9.446664810180664,0.9986305236816406,12506.306294003078,0.9746945907570008,2,val,1909604
6990,0.00024679777561686933,8.839553833007812,0.9985674023628235,6818.543477376492,0.9754711698678815,2,val,1911314
10435,0.0001472418662160635,9.244144439697266,0.9990514516830444,10257.916730816452,0.9830298735808771,2,val,1826720
7579,0.00022164506663102657,8.919868469238281,0.998514711856842,7385.910273189404,0.9745230601912395,2,val,1831798
11598,0.00013751669030170888,9.343964576721191,0.9984374046325684,11274.109911268208,0.9720736257344549,2,val,1833662
11801,0.0001305597397731617,9.367575645446777,0.9991079568862915,11606.334643813116,0.9835043338541747,2,val,1822351
12959,0.00015059704310260713,9.454132080078125,0.9983723163604736,12556.002120942701,0.9689020851101706,2,val,1837226
9478,0.0001711636723484844,9.141902923583984,0.9983808994293213,9205.370573038012,0.9712355531797859,2,val,1900136
10752,0.00018594293214846402,9.267162322998047,0.9983103275299072,10424.11732196744,0.9695049592603646,2,val,1709049
11735,0.00014903664123266935,9.360207557678223,0.998919665813446,11499.803075417494,0.9799576544880694,2,val,1734035
12660,0.00013492970902007073,9.427743911743164,0.9980459213256836,12205.974318590788,0.9641369919897937,2,val,1829925
9340,0.00018162386550102383,9.131972312927246,0.9988964200019836,9153.644633681593,0.9800476053192284,2,val,1842047
14056,0.00012385153968352824,9.535600662231445,0.9984080791473389,13644.15656272647,0.970699812373824,2,val,1911507
7373,0.00023266809876076877,8.891313552856445,0.9983980655670166,7165.126747281907,0.9718061504519065,2,val,1609298
12248,0.00015616144810337573,9.39771556854248,0.9983636736869812,11883.46827611186,0.9702374490620396,2,val,1815999
12600,0.00013527341070584953,9.423673629760742,0.9981169700622559,12172.826532712596,0.966097343866079,2,val,1903145
9494,0.0001703440211713314,9.146905899047852,0.9987432956695557,9282.515237144607,0.9777243772008224,2,val,1639237
17720,9.339802636532113e-05,9.772533416748047,0.9989864230155945,17376.780690689306,0.9806309644858524,2,val,2120997
